identity,path,split,group_id
Abhiram,C:\Users\main\Frentzen\Project\ISD\training_images_augmented_v2\Abhiram\aug_vid0_frame00335_combined_0097.jpg,enrollment,vid0_frame00335
Abhiram,C:\Users\main\Frentzen\Project\ISD\training_images_augmented_v2\Abhiram\aug_vid0_frame00335_combined_0439.jpg,enrollment,vid0_frame00335
Abhiram,C:\Users\main\Frentzen\Project\ISD\training_images_augmented_v2\Abhiram\aug_vid0_frame00335_occlusion_0440.jpg,enrollment,vid0_frame00335
Abhiram,C:\Users\main\Frentzen\Project\ISD\training_images_augmented_v2\Abhiram\raw_vid0_frame00335.jpg,enrollment,vid0_frame00335
Abhiram,C:\Users\main\Frentzen\Project\ISD\training_images_augmented_v2\Abhiram\aug_vid0_frame00710_photometric_0284.jpg,enrollment,vid0_frame00710
Abhiram,C:\Users\main\Frentzen\Project\ISD\training_images_augmented_v2\Abhiram\aug_vid0_frame00710_photometric_0405.jpg,enrollment,vid0_frame00710
Abhiram,C:\Users\main\Frentzen\Project\ISD\training_images_augmented_v2\Abhiram\raw_vid0_frame00710.jpg,enrollment,vid0_frame00710
Abhiram,C:\Users\main\Frentzen\Project\ISD\training_images_augmented_v2\Abhiram\aug_vid0_frame00570_geometric_0183.jpg,enrollment,vid0_frame00570
Abhiram,C:\Users\main\Frentzen\Project\ISD\training_images_augmented_v2\Abhiram\aug_vid0_frame00570_occlusion_0009.jpg,enrollment,vid0_frame00570
Abhiram,C:\Users\main\Frentzen\Project\ISD\training_images_augmented_v2\Abhiram\aug_vid0_frame00570_photometric_0347.jpg,enrollment,vid0_frame00570
Abhiram,C:\Users\main\Frentzen\Project\ISD\training_images_augmented_v2\Abhiram\aug_vid0_frame00570_snow_0266.jpg,enrollment,vid0_frame00570
Abhiram,C:\Users\main\Frentzen\Project\ISD\training_images_augmented_v2\Abhiram\raw_vid0_frame00570.jpg,enrollment,vid0_frame00570
Abhiram,C:\Users\main\Frentzen\Project\ISD\training_images_augmented_v2\Abhiram\aug_vid0_frame00715_geometric_0007.jpg,enrollment,vid0_frame00715
Abhiram,C:\Users\main\Frentzen\Project\ISD\training_images_augmented_v2\Abhiram\aug_vid0_frame00715_photometric_0269.jpg,enrollment,vid0_frame00715
Abhiram,C:\Users\main\Frentzen\Project\ISD\training_images_augmented_v2\Abhiram\raw_vid0_frame00715.jpg,enrollment,vid0_frame00715
Abhiram,C:\Users\main\Frentzen\Project\ISD\training_images_augmented_v2\Abhiram\aug_vid0_frame00395_combined_0111.jpg,enrollment,vid0_frame00395
Abhiram,C:\Users\main\Frentzen\Project\ISD\training_images_augmented_v2\Abhiram\aug_vid0_frame00395_fog_0274.jpg,enrollment,vid0_frame00395
Abhiram,C:\Users\main\Frentzen\Project\ISD\training_images_augmented_v2\Abhiram\aug_vid0_frame00395_occlusion_0421.jpg,enrollment,vid0_frame00395
Abhiram,C:\Users\main\Frentzen\Project\ISD\training_images_augmented_v2\Abhiram\raw_vid0_frame00395.jpg,enrollment,vid0_frame00395
Abhiram,C:\Users\main\Frentzen\Project\ISD\training_images_augmented_v2\Abhiram\aug_vid0_frame00325_photometric_0065.jpg,enrollment,vid0_frame00325
Abhiram,C:\Users\main\Frentzen\Project\ISD\training_images_augmented_v2\Abhiram\aug_vid0_frame00325_photometric_0256.jpg,enrollment,vid0_frame00325
Abhiram,C:\Users\main\Frentzen\Project\ISD\training_images_augmented_v2\Abhiram\aug_vid0_frame00325_photometric_0260.jpg,enrollment,vid0_frame00325
Abhiram,C:\Users\main\Frentzen\Project\ISD\training_images_augmented_v2\Abhiram\raw_vid0_frame00325.jpg,enrollment,vid0_frame00325
Abhiram,C:\Users\main\Frentzen\Project\ISD\training_images_augmented_v2\Abhiram\aug_vid0_frame00695_geometric_0003.jpg,enrollment,vid0_frame00695
Abhiram,C:\Users\main\Frentzen\Project\ISD\training_images_augmented_v2\Abhiram\aug_vid0_frame00695_geometric_0055.jpg,enrollment,vid0_frame00695
Abhiram,C:\Users\main\Frentzen\Project\ISD\training_images_augmented_v2\Abhiram\aug_vid0_frame00695_photometric_0008.jpg,enrollment,vid0_frame00695
Abhiram,C:\Users\main\Frentzen\Project\ISD\training_images_augmented_v2\Abhiram\raw_vid0_frame00695.jpg,enrollment,vid0_frame00695
Abhiram,C:\Users\main\Frentzen\Project\ISD\training_images_augmented_v2\Abhiram\aug_vid0_frame00210_combined_0398.jpg,enrollment,vid0_frame00210
Abhiram,C:\Users\main\Frentzen\Project\ISD\training_images_augmented_v2\Abhiram\aug_vid0_frame00210_geometric_0152.jpg,enrollment,vid0_frame00210
Abhiram,C:\Users\main\Frentzen\Project\ISD\training_images_augmented_v2\Abhiram\raw_vid0_frame00210.jpg,enrollment,vid0_frame00210
Abhiram,C:\Users\main\Frentzen\Project\ISD\training_images_augmented_v2\Abhiram\aug_vid0_frame00215_combined_0022.jpg,enrollment,vid0_frame00215
Abhiram,C:\Users\main\Frentzen\Project\ISD\training_images_augmented_v2\Abhiram\aug_vid0_frame00215_fog_0314.jpg,enrollment,vid0_frame00215
Abhiram,C:\Users\main\Frentzen\Project\ISD\training_images_augmented_v2\Abhiram\aug_vid0_frame00215_snow_0179.jpg,enrollment,vid0_frame00215
Abhiram,C:\Users\main\Frentzen\Project\ISD\training_images_augmented_v2\Abhiram\raw_vid0_frame00215.jpg,enrollment,vid0_frame00215
Abhiram,C:\Users\main\Frentzen\Project\ISD\training_images_augmented_v2\Abhiram\aug_vid0_frame00205_combined_0399.jpg,enrollment,vid0_frame00205
Abhiram,C:\Users\main\Frentzen\Project\ISD\training_images_augmented_v2\Abhiram\aug_vid0_frame00205_fog_0206.jpg,enrollment,vid0_frame00205
Abhiram,C:\Users\main\Frentzen\Project\ISD\training_images_augmented_v2\Abhiram\raw_vid0_frame00205.jpg,enrollment,vid0_frame00205
Abhiram,C:\Users\main\Frentzen\Project\ISD\training_images_augmented_v2\Abhiram\aug_vid0_frame00345_photometric_0046.jpg,enrollment,vid0_frame00345
Abhiram,C:\Users\main\Frentzen\Project\ISD\training_images_augmented_v2\Abhiram\aug_vid0_frame00345_photometric_0404.jpg,enrollment,vid0_frame00345
Abhiram,C:\Users\main\Frentzen\Project\ISD\training_images_augmented_v2\Abhiram\raw_vid0_frame00345.jpg,enrollment,vid0_frame00345
Abhiram,C:\Users\main\Frentzen\Project\ISD\training_images_augmented_v2\Abhiram\aug_vid0_frame00445_geometric_0311.jpg,enrollment,vid0_frame00445
Abhiram,C:\Users\main\Frentzen\Project\ISD\training_images_augmented_v2\Abhiram\aug_vid0_frame00445_occlusion_0103.jpg,enrollment,vid0_frame00445
Abhiram,C:\Users\main\Frentzen\Project\ISD\training_images_augmented_v2\Abhiram\aug_vid0_frame00445_photometric_0185.jpg,enrollment,vid0_frame00445
Abhiram,C:\Users\main\Frentzen\Project\ISD\training_images_augmented_v2\Abhiram\aug_vid0_frame00445_snow_0018.jpg,enrollment,vid0_frame00445
Abhiram,C:\Users\main\Frentzen\Project\ISD\training_images_augmented_v2\Abhiram\raw_vid0_frame00445.jpg,enrollment,vid0_frame00445
Abhiram,C:\Users\main\Frentzen\Project\ISD\training_images_augmented_v2\Abhiram\aug_vid0_frame00000_fog_0231.jpg,enrollment,vid0_frame00000
Abhiram,C:\Users\main\Frentzen\Project\ISD\training_images_augmented_v2\Abhiram\aug_vid0_frame00000_geometric_0156.jpg,enrollment,vid0_frame00000
Abhiram,C:\Users\main\Frentzen\Project\ISD\training_images_augmented_v2\Abhiram\raw_vid0_frame00000.jpg,enrollment,vid0_frame00000
Abhiram,C:\Users\main\Frentzen\Project\ISD\training_images_augmented_v2\Abhiram\raw_vid0_frame00025.jpg,enrollment,vid0_frame00025
Abhiram,C:\Users\main\Frentzen\Project\ISD\training_images_augmented_v2\Abhiram\aug_vid0_frame00495_photometric_0330.jpg,enrollment,vid0_frame00495
Abhiram,C:\Users\main\Frentzen\Project\ISD\training_images_augmented_v2\Abhiram\aug_vid0_frame00495_photometric_0445.jpg,enrollment,vid0_frame00495
Abhiram,C:\Users\main\Frentzen\Project\ISD\training_images_augmented_v2\Abhiram\aug_vid0_frame00495_rain_0034.jpg,enrollment,vid0_frame00495
Abhiram,C:\Users\main\Frentzen\Project\ISD\training_images_augmented_v2\Abhiram\aug_vid0_frame00495_rain_0271.jpg,enrollment,vid0_frame00495
Abhiram,C:\Users\main\Frentzen\Project\ISD\training_images_augmented_v2\Abhiram\raw_vid0_frame00495.jpg,enrollment,vid0_frame00495
Abhiram,C:\Users\main\Frentzen\Project\ISD\training_images_augmented_v2\Abhiram\aug_vid0_frame00170_photometric_0114.jpg,enrollment,vid0_frame00170
Abhiram,C:\Users\main\Frentzen\Project\ISD\training_images_augmented_v2\Abhiram\raw_vid0_frame00170.jpg,enrollment,vid0_frame00170
Abhiram,C:\Users\main\Frentzen\Project\ISD\training_images_augmented_v2\Abhiram\aug_vid0_frame00700_geometric_0202.jpg,enrollment,vid0_frame00700
Abhiram,C:\Users\main\Frentzen\Project\ISD\training_images_augmented_v2\Abhiram\aug_vid0_frame00700_geometric_0423.jpg,enrollment,vid0_frame00700
Abhiram,C:\Users\main\Frentzen\Project\ISD\training_images_augmented_v2\Abhiram\aug_vid0_frame00700_occlusion_0276.jpg,enrollment,vid0_frame00700
Abhiram,C:\Users\main\Frentzen\Project\ISD\training_images_augmented_v2\Abhiram\aug_vid0_frame00700_photometric_0299.jpg,enrollment,vid0_frame00700
Abhiram,C:\Users\main\Frentzen\Project\ISD\training_images_augmented_v2\Abhiram\aug_vid0_frame00700_snow_0117.jpg,enrollment,vid0_frame00700
Abhiram,C:\Users\main\Frentzen\Project\ISD\training_images_augmented_v2\Abhiram\raw_vid0_frame00700.jpg,enrollment,vid0_frame00700
Abhiram,C:\Users\main\Frentzen\Project\ISD\training_images_augmented_v2\Abhiram\aug_vid0_frame00095_combined_0339.jpg,enrollment,vid0_frame00095
Abhiram,C:\Users\main\Frentzen\Project\ISD\training_images_augmented_v2\Abhiram\aug_vid0_frame00095_geometric_0157.jpg,enrollment,vid0_frame00095
Abhiram,C:\Users\main\Frentzen\Project\ISD\training_images_augmented_v2\Abhiram\aug_vid0_frame00095_occlusion_0222.jpg,enrollment,vid0_frame00095
Abhiram,C:\Users\main\Frentzen\Project\ISD\training_images_augmented_v2\Abhiram\raw_vid0_frame00095.jpg,enrollment,vid0_frame00095
Abhiram,C:\Users\main\Frentzen\Project\ISD\training_images_augmented_v2\Abhiram\aug_vid0_frame00435_geometric_0360.jpg,enrollment,vid0_frame00435
Abhiram,C:\Users\main\Frentzen\Project\ISD\training_images_augmented_v2\Abhiram\aug_vid0_frame00435_photometric_0012.jpg,enrollment,vid0_frame00435
Abhiram,C:\Users\main\Frentzen\Project\ISD\training_images_augmented_v2\Abhiram\aug_vid0_frame00435_photometric_0237.jpg,enrollment,vid0_frame00435
Abhiram,C:\Users\main\Frentzen\Project\ISD\training_images_augmented_v2\Abhiram\aug_vid0_frame00435_photometric_0416.jpg,enrollment,vid0_frame00435
Abhiram,C:\Users\main\Frentzen\Project\ISD\training_images_augmented_v2\Abhiram\aug_vid0_frame00435_rain_0160.jpg,enrollment,vid0_frame00435
Abhiram,C:\Users\main\Frentzen\Project\ISD\training_images_augmented_v2\Abhiram\aug_vid0_frame00435_snow_0411.jpg,enrollment,vid0_frame00435
Abhiram,C:\Users\main\Frentzen\Project\ISD\training_images_augmented_v2\Abhiram\raw_vid0_frame00435.jpg,enrollment,vid0_frame00435
Abhiram,C:\Users\main\Frentzen\Project\ISD\training_images_augmented_v2\Abhiram\aug_vid0_frame00160_photometric_0436.jpg,enrollment,vid0_frame00160
Abhiram,C:\Users\main\Frentzen\Project\ISD\training_images_augmented_v2\Abhiram\raw_vid0_frame00160.jpg,enrollment,vid0_frame00160
Abhiram,C:\Users\main\Frentzen\Project\ISD\training_images_augmented_v2\Abhiram\aug_vid0_frame00620_fog_0217.jpg,enrollment,vid0_frame00620
Abhiram,C:\Users\main\Frentzen\Project\ISD\training_images_augmented_v2\Abhiram\aug_vid0_frame00620_geometric_0073.jpg,enrollment,vid0_frame00620
Abhiram,C:\Users\main\Frentzen\Project\ISD\training_images_augmented_v2\Abhiram\aug_vid0_frame00620_photometric_0304.jpg,enrollment,vid0_frame00620
Abhiram,C:\Users\main\Frentzen\Project\ISD\training_images_augmented_v2\Abhiram\raw_vid0_frame00620.jpg,enrollment,vid0_frame00620
Abhiram,C:\Users\main\Frentzen\Project\ISD\training_images_augmented_v2\Abhiram\aug_vid0_frame00705_combined_0084.jpg,enrollment,vid0_frame00705
Abhiram,C:\Users\main\Frentzen\Project\ISD\training_images_augmented_v2\Abhiram\aug_vid0_frame00705_occlusion_0043.jpg,enrollment,vid0_frame00705
Abhiram,C:\Users\main\Frentzen\Project\ISD\training_images_augmented_v2\Abhiram\raw_vid0_frame00705.jpg,enrollment,vid0_frame00705
Abhiram,C:\Users\main\Frentzen\Project\ISD\training_images_augmented_v2\Abhiram\aug_vid0_frame00380_combined_0100.jpg,enrollment,vid0_frame00380
Abhiram,C:\Users\main\Frentzen\Project\ISD\training_images_augmented_v2\Abhiram\aug_vid0_frame00380_combined_0365.jpg,enrollment,vid0_frame00380
Abhiram,C:\Users\main\Frentzen\Project\ISD\training_images_augmented_v2\Abhiram\aug_vid0_frame00380_geometric_0099.jpg,enrollment,vid0_frame00380
Abhiram,C:\Users\main\Frentzen\Project\ISD\training_images_augmented_v2\Abhiram\aug_vid0_frame00380_geometric_0278.jpg,enrollment,vid0_frame00380
Abhiram,C:\Users\main\Frentzen\Project\ISD\training_images_augmented_v2\Abhiram\aug_vid0_frame00380_photometric_0191.jpg,enrollment,vid0_frame00380
Abhiram,C:\Users\main\Frentzen\Project\ISD\training_images_augmented_v2\Abhiram\aug_vid0_frame00380_photometric_0252.jpg,enrollment,vid0_frame00380
Abhiram,C:\Users\main\Frentzen\Project\ISD\training_images_augmented_v2\Abhiram\raw_vid0_frame00380.jpg,enrollment,vid0_frame00380
Abhiram,C:\Users\main\Frentzen\Project\ISD\training_images_augmented_v2\Abhiram\aug_vid0_frame00650_photometric_0021.jpg,enrollment,vid0_frame00650
Abhiram,C:\Users\main\Frentzen\Project\ISD\training_images_augmented_v2\Abhiram\aug_vid0_frame00650_photometric_0141.jpg,enrollment,vid0_frame00650
Abhiram,C:\Users\main\Frentzen\Project\ISD\training_images_augmented_v2\Abhiram\aug_vid0_frame00650_photometric_0265.jpg,enrollment,vid0_frame00650
Abhiram,C:\Users\main\Frentzen\Project\ISD\training_images_augmented_v2\Abhiram\raw_vid0_frame00650.jpg,enrollment,vid0_frame00650
Abhiram,C:\Users\main\Frentzen\Project\ISD\training_images_augmented_v2\Abhiram\aug_vid0_frame00685_combined_0144.jpg,enrollment,vid0_frame00685
Abhiram,C:\Users\main\Frentzen\Project\ISD\training_images_augmented_v2\Abhiram\aug_vid0_frame00685_fog_0049.jpg,enrollment,vid0_frame00685
Abhiram,C:\Users\main\Frentzen\Project\ISD\training_images_augmented_v2\Abhiram\aug_vid0_frame00685_fog_0357.jpg,enrollment,vid0_frame00685
Abhiram,C:\Users\main\Frentzen\Project\ISD\training_images_augmented_v2\Abhiram\aug_vid0_frame00685_geometric_0263.jpg,enrollment,vid0_frame00685
Abhiram,C:\Users\main\Frentzen\Project\ISD\training_images_augmented_v2\Abhiram\aug_vid0_frame00685_occlusion_0210.jpg,enrollment,vid0_frame00685
Abhiram,C:\Users\main\Frentzen\Project\ISD\training_images_augmented_v2\Abhiram\aug_vid0_frame00685_photometric_0119.jpg,enrollment,vid0_frame00685
Abhiram,C:\Users\main\Frentzen\Project\ISD\training_images_augmented_v2\Abhiram\aug_vid0_frame00685_rain_0283.jpg,enrollment,vid0_frame00685
Abhiram,C:\Users\main\Frentzen\Project\ISD\training_images_augmented_v2\Abhiram\raw_vid0_frame00685.jpg,enrollment,vid0_frame00685
Abhiram,C:\Users\main\Frentzen\Project\ISD\training_images_augmented_v2\Abhiram\aug_vid0_frame00725_combined_0335.jpg,enrollment,vid0_frame00725
Abhiram,C:\Users\main\Frentzen\Project\ISD\training_images_augmented_v2\Abhiram\aug_vid0_frame00725_combined_0406.jpg,enrollment,vid0_frame00725
Abhiram,C:\Users\main\Frentzen\Project\ISD\training_images_augmented_v2\Abhiram\aug_vid0_frame00725_geometric_0161.jpg,enrollment,vid0_frame00725
Abhiram,C:\Users\main\Frentzen\Project\ISD\training_images_augmented_v2\Abhiram\aug_vid0_frame00725_geometric_0220.jpg,enrollment,vid0_frame00725
Abhiram,C:\Users\main\Frentzen\Project\ISD\training_images_augmented_v2\Abhiram\aug_vid0_frame00725_geometric_0253.jpg,enrollment,vid0_frame00725
Abhiram,C:\Users\main\Frentzen\Project\ISD\training_images_augmented_v2\Abhiram\aug_vid0_frame00725_snow_0194.jpg,enrollment,vid0_frame00725
Abhiram,C:\Users\main\Frentzen\Project\ISD\training_images_augmented_v2\Abhiram\raw_vid0_frame00725.jpg,enrollment,vid0_frame00725
Abhiram,C:\Users\main\Frentzen\Project\ISD\training_images_augmented_v2\Abhiram\aug_vid0_frame00015_combined_0386.jpg,enrollment,vid0_frame00015
Abhiram,C:\Users\main\Frentzen\Project\ISD\training_images_augmented_v2\Abhiram\aug_vid0_frame00015_snow_0333.jpg,enrollment,vid0_frame00015
Abhiram,C:\Users\main\Frentzen\Project\ISD\training_images_augmented_v2\Abhiram\raw_vid0_frame00015.jpg,enrollment,vid0_frame00015
Abhiram,C:\Users\main\Frentzen\Project\ISD\training_images_augmented_v2\Abhiram\aug_vid0_frame00285_geometric_0174.jpg,enrollment,vid0_frame00285
Abhiram,C:\Users\main\Frentzen\Project\ISD\training_images_augmented_v2\Abhiram\aug_vid0_frame00285_geometric_0332.jpg,enrollment,vid0_frame00285
Abhiram,C:\Users\main\Frentzen\Project\ISD\training_images_augmented_v2\Abhiram\aug_vid0_frame00285_occlusion_0158.jpg,enrollment,vid0_frame00285
Abhiram,C:\Users\main\Frentzen\Project\ISD\training_images_augmented_v2\Abhiram\aug_vid0_frame00285_photometric_0120.jpg,enrollment,vid0_frame00285
Abhiram,C:\Users\main\Frentzen\Project\ISD\training_images_augmented_v2\Abhiram\aug_vid0_frame00285_rain_0026.jpg,enrollment,vid0_frame00285
Abhiram,C:\Users\main\Frentzen\Project\ISD\training_images_augmented_v2\Abhiram\raw_vid0_frame00285.jpg,enrollment,vid0_frame00285
Abhiram,C:\Users\main\Frentzen\Project\ISD\training_images_augmented_v2\Abhiram\aug_vid0_frame00680_photometric_0095.jpg,enrollment,vid0_frame00680
Abhiram,C:\Users\main\Frentzen\Project\ISD\training_images_augmented_v2\Abhiram\raw_vid0_frame00680.jpg,enrollment,vid0_frame00680
Abhiram,C:\Users\main\Frentzen\Project\ISD\training_images_augmented_v2\Abhiram\aug_vid0_frame00480_fog_0223.jpg,enrollment,vid0_frame00480
Abhiram,C:\Users\main\Frentzen\Project\ISD\training_images_augmented_v2\Abhiram\aug_vid0_frame00480_geometric_0118.jpg,enrollment,vid0_frame00480
Abhiram,C:\Users\main\Frentzen\Project\ISD\training_images_augmented_v2\Abhiram\aug_vid0_frame00480_geometric_0402.jpg,enrollment,vid0_frame00480
Abhiram,C:\Users\main\Frentzen\Project\ISD\training_images_augmented_v2\Abhiram\aug_vid0_frame00480_photometric_0093.jpg,enrollment,vid0_frame00480
Abhiram,C:\Users\main\Frentzen\Project\ISD\training_images_augmented_v2\Abhiram\aug_vid0_frame00480_photometric_0221.jpg,enrollment,vid0_frame00480
Abhiram,C:\Users\main\Frentzen\Project\ISD\training_images_augmented_v2\Abhiram\raw_vid0_frame00480.jpg,enrollment,vid0_frame00480
Abhiram,C:\Users\main\Frentzen\Project\ISD\training_images_augmented_v2\Abhiram\aug_vid0_frame00320_photometric_0277.jpg,enrollment,vid0_frame00320
Abhiram,C:\Users\main\Frentzen\Project\ISD\training_images_augmented_v2\Abhiram\raw_vid0_frame00320.jpg,enrollment,vid0_frame00320
Abhiram,C:\Users\main\Frentzen\Project\ISD\training_images_augmented_v2\Abhiram\aug_vid0_frame00355_combined_0437.jpg,enrollment,vid0_frame00355
Abhiram,C:\Users\main\Frentzen\Project\ISD\training_images_augmented_v2\Abhiram\raw_vid0_frame00355.jpg,enrollment,vid0_frame00355
Abhiram,C:\Users\main\Frentzen\Project\ISD\training_images_augmented_v2\Abhiram\aug_vid0_frame00225_occlusion_0363.jpg,enrollment,vid0_frame00225
Abhiram,C:\Users\main\Frentzen\Project\ISD\training_images_augmented_v2\Abhiram\aug_vid0_frame00225_photometric_0229.jpg,enrollment,vid0_frame00225
Abhiram,C:\Users\main\Frentzen\Project\ISD\training_images_augmented_v2\Abhiram\raw_vid0_frame00225.jpg,enrollment,vid0_frame00225
Abhiram,C:\Users\main\Frentzen\Project\ISD\training_images_augmented_v2\Abhiram\raw_vid0_frame00630.jpg,enrollment,vid0_frame00630
Abhiram,C:\Users\main\Frentzen\Project\ISD\training_images_augmented_v2\Abhiram\aug_vid0_frame00730_combined_0105.jpg,enrollment,vid0_frame00730
Abhiram,C:\Users\main\Frentzen\Project\ISD\training_images_augmented_v2\Abhiram\aug_vid0_frame00730_combined_0189.jpg,enrollment,vid0_frame00730
Abhiram,C:\Users\main\Frentzen\Project\ISD\training_images_augmented_v2\Abhiram\aug_vid0_frame00730_combined_0298.jpg,enrollment,vid0_frame00730
Abhiram,C:\Users\main\Frentzen\Project\ISD\training_images_augmented_v2\Abhiram\aug_vid0_frame00730_geometric_0305.jpg,enrollment,vid0_frame00730
Abhiram,C:\Users\main\Frentzen\Project\ISD\training_images_augmented_v2\Abhiram\aug_vid0_frame00730_photometric_0197.jpg,enrollment,vid0_frame00730
Abhiram,C:\Users\main\Frentzen\Project\ISD\training_images_augmented_v2\Abhiram\aug_vid0_frame00730_rain_0340.jpg,enrollment,vid0_frame00730
Abhiram,C:\Users\main\Frentzen\Project\ISD\training_images_augmented_v2\Abhiram\raw_vid0_frame00730.jpg,enrollment,vid0_frame00730
Abhiram,C:\Users\main\Frentzen\Project\ISD\training_images_augmented_v2\Abhiram\aug_vid0_frame00575_combined_0148.jpg,enrollment,vid0_frame00575
Abhiram,C:\Users\main\Frentzen\Project\ISD\training_images_augmented_v2\Abhiram\aug_vid0_frame00575_fog_0374.jpg,enrollment,vid0_frame00575
Abhiram,C:\Users\main\Frentzen\Project\ISD\training_images_augmented_v2\Abhiram\aug_vid0_frame00575_photometric_0082.jpg,enrollment,vid0_frame00575
Abhiram,C:\Users\main\Frentzen\Project\ISD\training_images_augmented_v2\Abhiram\aug_vid0_frame00575_snow_0062.jpg,enrollment,vid0_frame00575
Abhiram,C:\Users\main\Frentzen\Project\ISD\training_images_augmented_v2\Abhiram\raw_vid0_frame00575.jpg,enrollment,vid0_frame00575
Abhiram,C:\Users\main\Frentzen\Project\ISD\training_images_augmented_v2\Abhiram\aug_vid0_frame00615_geometric_0356.jpg,enrollment,vid0_frame00615
Abhiram,C:\Users\main\Frentzen\Project\ISD\training_images_augmented_v2\Abhiram\aug_vid0_frame00615_occlusion_0303.jpg,enrollment,vid0_frame00615
Abhiram,C:\Users\main\Frentzen\Project\ISD\training_images_augmented_v2\Abhiram\aug_vid0_frame00615_photometric_0051.jpg,enrollment,vid0_frame00615
Abhiram,C:\Users\main\Frentzen\Project\ISD\training_images_augmented_v2\Abhiram\aug_vid0_frame00615_snow_0226.jpg,enrollment,vid0_frame00615
Abhiram,C:\Users\main\Frentzen\Project\ISD\training_images_augmented_v2\Abhiram\raw_vid0_frame00615.jpg,enrollment,vid0_frame00615
Abhiram,C:\Users\main\Frentzen\Project\ISD\training_images_augmented_v2\Abhiram\aug_vid0_frame00450_combined_0045.jpg,enrollment,vid0_frame00450
Abhiram,C:\Users\main\Frentzen\Project\ISD\training_images_augmented_v2\Abhiram\aug_vid0_frame00450_combined_0096.jpg,enrollment,vid0_frame00450
Abhiram,C:\Users\main\Frentzen\Project\ISD\training_images_augmented_v2\Abhiram\aug_vid0_frame00450_combined_0233.jpg,enrollment,vid0_frame00450
Abhiram,C:\Users\main\Frentzen\Project\ISD\training_images_augmented_v2\Abhiram\aug_vid0_frame00450_geometric_0070.jpg,enrollment,vid0_frame00450
Abhiram,C:\Users\main\Frentzen\Project\ISD\training_images_augmented_v2\Abhiram\raw_vid0_frame00450.jpg,enrollment,vid0_frame00450
Abhiram,C:\Users\main\Frentzen\Project\ISD\training_images_augmented_v2\Abhiram\aug_vid0_frame00605_geometric_0129.jpg,enrollment,vid0_frame00605
Abhiram,C:\Users\main\Frentzen\Project\ISD\training_images_augmented_v2\Abhiram\aug_vid0_frame00605_occlusion_0184.jpg,enrollment,vid0_frame00605
Abhiram,C:\Users\main\Frentzen\Project\ISD\training_images_augmented_v2\Abhiram\aug_vid0_frame00605_photometric_0378.jpg,enrollment,vid0_frame00605
Abhiram,C:\Users\main\Frentzen\Project\ISD\training_images_augmented_v2\Abhiram\raw_vid0_frame00605.jpg,enrollment,vid0_frame00605
Abhiram,C:\Users\main\Frentzen\Project\ISD\training_images_augmented_v2\Abhiram\aug_vid0_frame00350_combined_0232.jpg,enrollment,vid0_frame00350
Abhiram,C:\Users\main\Frentzen\Project\ISD\training_images_augmented_v2\Abhiram\aug_vid0_frame00350_geometric_0001.jpg,enrollment,vid0_frame00350
Abhiram,C:\Users\main\Frentzen\Project\ISD\training_images_augmented_v2\Abhiram\aug_vid0_frame00350_photometric_0104.jpg,enrollment,vid0_frame00350
Abhiram,C:\Users\main\Frentzen\Project\ISD\training_images_augmented_v2\Abhiram\raw_vid0_frame00350.jpg,enrollment,vid0_frame00350
Abhiram,C:\Users\main\Frentzen\Project\ISD\training_images_augmented_v2\Abhiram\aug_vid0_frame00425_geometric_0024.jpg,enrollment,vid0_frame00425
Abhiram,C:\Users\main\Frentzen\Project\ISD\training_images_augmented_v2\Abhiram\aug_vid0_frame00425_photometric_0258.jpg,enrollment,vid0_frame00425
Abhiram,C:\Users\main\Frentzen\Project\ISD\training_images_augmented_v2\Abhiram\raw_vid0_frame00425.jpg,enrollment,vid0_frame00425
Abhiram,C:\Users\main\Frentzen\Project\ISD\training_images_augmented_v2\Abhiram\aug_vid0_frame00530_geometric_0029.jpg,enrollment,vid0_frame00530
Abhiram,C:\Users\main\Frentzen\Project\ISD\training_images_augmented_v2\Abhiram\raw_vid0_frame00530.jpg,enrollment,vid0_frame00530
Abhiram,C:\Users\main\Frentzen\Project\ISD\training_images_augmented_v2\Abhiram\aug_vid0_frame00475_combined_0140.jpg,enrollment,vid0_frame00475
Abhiram,C:\Users\main\Frentzen\Project\ISD\training_images_augmented_v2\Abhiram\aug_vid0_frame00475_fog_0395.jpg,enrollment,vid0_frame00475
Abhiram,C:\Users\main\Frentzen\Project\ISD\training_images_augmented_v2\Abhiram\aug_vid0_frame00475_geometric_0077.jpg,enrollment,vid0_frame00475
Abhiram,C:\Users\main\Frentzen\Project\ISD\training_images_augmented_v2\Abhiram\aug_vid0_frame00475_geometric_0318.jpg,enrollment,vid0_frame00475
Abhiram,C:\Users\main\Frentzen\Project\ISD\training_images_augmented_v2\Abhiram\aug_vid0_frame00475_geometric_0329.jpg,enrollment,vid0_frame00475
Abhiram,C:\Users\main\Frentzen\Project\ISD\training_images_augmented_v2\Abhiram\aug_vid0_frame00475_photometric_0116.jpg,enrollment,vid0_frame00475
Abhiram,C:\Users\main\Frentzen\Project\ISD\training_images_augmented_v2\Abhiram\aug_vid0_frame00475_photometric_0240.jpg,enrollment,vid0_frame00475
Abhiram,C:\Users\main\Frentzen\Project\ISD\training_images_augmented_v2\Abhiram\raw_vid0_frame00475.jpg,enrollment,vid0_frame00475
Abhiram,C:\Users\main\Frentzen\Project\ISD\training_images_augmented_v2\Abhiram\aug_vid0_frame00085_photometric_0215.jpg,enrollment,vid0_frame00085
Abhiram,C:\Users\main\Frentzen\Project\ISD\training_images_augmented_v2\Abhiram\aug_vid0_frame00085_rain_0136.jpg,enrollment,vid0_frame00085
Abhiram,C:\Users\main\Frentzen\Project\ISD\training_images_augmented_v2\Abhiram\aug_vid0_frame00085_snow_0219.jpg,enrollment,vid0_frame00085
Abhiram,C:\Users\main\Frentzen\Project\ISD\training_images_augmented_v2\Abhiram\aug_vid0_frame00085_snow_0236.jpg,enrollment,vid0_frame00085
Abhiram,C:\Users\main\Frentzen\Project\ISD\training_images_augmented_v2\Abhiram\raw_vid0_frame00085.jpg,enrollment,vid0_frame00085
Abhiram,C:\Users\main\Frentzen\Project\ISD\training_images_augmented_v2\Abhiram\aug_vid0_frame00545_photometric_0417.jpg,enrollment,vid0_frame00545
Abhiram,C:\Users\main\Frentzen\Project\ISD\training_images_augmented_v2\Abhiram\aug_vid0_frame00545_rain_0334.jpg,enrollment,vid0_frame00545
Abhiram,C:\Users\main\Frentzen\Project\ISD\training_images_augmented_v2\Abhiram\aug_vid0_frame00545_snow_0288.jpg,enrollment,vid0_frame00545
Abhiram,C:\Users\main\Frentzen\Project\ISD\training_images_augmented_v2\Abhiram\raw_vid0_frame00545.jpg,enrollment,vid0_frame00545
Abhiram,C:\Users\main\Frentzen\Project\ISD\training_images_augmented_v2\Abhiram\aug_vid0_frame00460_combined_0107.jpg,enrollment,vid0_frame00460
Abhiram,C:\Users\main\Frentzen\Project\ISD\training_images_augmented_v2\Abhiram\aug_vid0_frame00460_occlusion_0259.jpg,enrollment,vid0_frame00460
Abhiram,C:\Users\main\Frentzen\Project\ISD\training_images_augmented_v2\Abhiram\aug_vid0_frame00460_rain_0344.jpg,enrollment,vid0_frame00460
Abhiram,C:\Users\main\Frentzen\Project\ISD\training_images_augmented_v2\Abhiram\raw_vid0_frame00460.jpg,enrollment,vid0_frame00460
Abhiram,C:\Users\main\Frentzen\Project\ISD\training_images_augmented_v2\Abhiram\aug_vid0_frame00265_combined_0101.jpg,enrollment,vid0_frame00265
Abhiram,C:\Users\main\Frentzen\Project\ISD\training_images_augmented_v2\Abhiram\aug_vid0_frame00265_photometric_0273.jpg,enrollment,vid0_frame00265
Abhiram,C:\Users\main\Frentzen\Project\ISD\training_images_augmented_v2\Abhiram\raw_vid0_frame00265.jpg,enrollment,vid0_frame00265
Abhiram,C:\Users\main\Frentzen\Project\ISD\training_images_augmented_v2\Abhiram\raw_vid0_frame00505.jpg,enrollment,vid0_frame00505
Abhiram,C:\Users\main\Frentzen\Project\ISD\training_images_augmented_v2\Abhiram\aug_vid0_frame00515_combined_0110.jpg,enrollment,vid0_frame00515
Abhiram,C:\Users\main\Frentzen\Project\ISD\training_images_augmented_v2\Abhiram\aug_vid0_frame00515_occlusion_0234.jpg,enrollment,vid0_frame00515
Abhiram,C:\Users\main\Frentzen\Project\ISD\training_images_augmented_v2\Abhiram\aug_vid0_frame00515_photometric_0124.jpg,enrollment,vid0_frame00515
Abhiram,C:\Users\main\Frentzen\Project\ISD\training_images_augmented_v2\Abhiram\aug_vid0_frame00515_photometric_0224.jpg,enrollment,vid0_frame00515
Abhiram,C:\Users\main\Frentzen\Project\ISD\training_images_augmented_v2\Abhiram\aug_vid0_frame00515_rain_0165.jpg,enrollment,vid0_frame00515
Abhiram,C:\Users\main\Frentzen\Project\ISD\training_images_augmented_v2\Abhiram\raw_vid0_frame00515.jpg,enrollment,vid0_frame00515
Abhiram,C:\Users\main\Frentzen\Project\ISD\training_images_augmented_v2\Abhiram\aug_vid0_frame00340_combined_0122.jpg,enrollment,vid0_frame00340
Abhiram,C:\Users\main\Frentzen\Project\ISD\training_images_augmented_v2\Abhiram\aug_vid0_frame00340_combined_0323.jpg,enrollment,vid0_frame00340
Abhiram,C:\Users\main\Frentzen\Project\ISD\training_images_augmented_v2\Abhiram\aug_vid0_frame00340_snow_0195.jpg,enrollment,vid0_frame00340
Abhiram,C:\Users\main\Frentzen\Project\ISD\training_images_augmented_v2\Abhiram\raw_vid0_frame00340.jpg,enrollment,vid0_frame00340
Abhiram,C:\Users\main\Frentzen\Project\ISD\training_images_augmented_v2\Abhiram\aug_vid0_frame00645_combined_0006.jpg,enrollment,vid0_frame00645
Abhiram,C:\Users\main\Frentzen\Project\ISD\training_images_augmented_v2\Abhiram\aug_vid0_frame00645_combined_0227.jpg,enrollment,vid0_frame00645
Abhiram,C:\Users\main\Frentzen\Project\ISD\training_images_augmented_v2\Abhiram\raw_vid0_frame00645.jpg,enrollment,vid0_frame00645
Abhiram,C:\Users\main\Frentzen\Project\ISD\training_images_augmented_v2\Abhiram\aug_vid0_frame00500_fog_0293.jpg,enrollment,vid0_frame00500
Abhiram,C:\Users\main\Frentzen\Project\ISD\training_images_augmented_v2\Abhiram\aug_vid0_frame00500_geometric_0296.jpg,enrollment,vid0_frame00500
Abhiram,C:\Users\main\Frentzen\Project\ISD\training_images_augmented_v2\Abhiram\raw_vid0_frame00500.jpg,enrollment,vid0_frame00500
Abhiram,C:\Users\main\Frentzen\Project\ISD\training_images_augmented_v2\Abhiram\aug_vid0_frame00400_combined_0251.jpg,enrollment,vid0_frame00400
Abhiram,C:\Users\main\Frentzen\Project\ISD\training_images_augmented_v2\Abhiram\aug_vid0_frame00400_geometric_0138.jpg,enrollment,vid0_frame00400
Abhiram,C:\Users\main\Frentzen\Project\ISD\training_images_augmented_v2\Abhiram\aug_vid0_frame00400_occlusion_0430.jpg,enrollment,vid0_frame00400
Abhiram,C:\Users\main\Frentzen\Project\ISD\training_images_augmented_v2\Abhiram\raw_vid0_frame00400.jpg,enrollment,vid0_frame00400
Abhiram,C:\Users\main\Frentzen\Project\ISD\training_images_augmented_v2\Abhiram\aug_vid0_frame00190_combined_0228.jpg,enrollment,vid0_frame00190
Abhiram,C:\Users\main\Frentzen\Project\ISD\training_images_augmented_v2\Abhiram\aug_vid0_frame00190_geometric_0192.jpg,enrollment,vid0_frame00190
Abhiram,C:\Users\main\Frentzen\Project\ISD\training_images_augmented_v2\Abhiram\aug_vid0_frame00190_photometric_0247.jpg,enrollment,vid0_frame00190
Abhiram,C:\Users\main\Frentzen\Project\ISD\training_images_augmented_v2\Abhiram\aug_vid0_frame00190_photometric_0291.jpg,enrollment,vid0_frame00190
Abhiram,C:\Users\main\Frentzen\Project\ISD\training_images_augmented_v2\Abhiram\aug_vid0_frame00190_snow_0056.jpg,enrollment,vid0_frame00190
Abhiram,C:\Users\main\Frentzen\Project\ISD\training_images_augmented_v2\Abhiram\raw_vid0_frame00190.jpg,enrollment,vid0_frame00190
Abhiram,C:\Users\main\Frentzen\Project\ISD\training_images_augmented_v2\Abhiram\aug_vid0_frame00600_combined_0328.jpg,enrollment,vid0_frame00600
Abhiram,C:\Users\main\Frentzen\Project\ISD\training_images_augmented_v2\Abhiram\aug_vid0_frame00600_photometric_0089.jpg,enrollment,vid0_frame00600
Abhiram,C:\Users\main\Frentzen\Project\ISD\training_images_augmented_v2\Abhiram\raw_vid0_frame00600.jpg,enrollment,vid0_frame00600
Abhiram,C:\Users\main\Frentzen\Project\ISD\training_images_augmented_v2\Abhiram\aug_vid0_frame00020_combined_0424.jpg,enrollment,vid0_frame00020
Abhiram,C:\Users\main\Frentzen\Project\ISD\training_images_augmented_v2\Abhiram\aug_vid0_frame00020_geometric_0039.jpg,enrollment,vid0_frame00020
Abhiram,C:\Users\main\Frentzen\Project\ISD\training_images_augmented_v2\Abhiram\aug_vid0_frame00020_geometric_0200.jpg,enrollment,vid0_frame00020
Abhiram,C:\Users\main\Frentzen\Project\ISD\training_images_augmented_v2\Abhiram\raw_vid0_frame00020.jpg,enrollment,vid0_frame00020
Abhiram,C:\Users\main\Frentzen\Project\ISD\training_images_augmented_v2\Abhiram\aug_vid0_frame00090_combined_0175.jpg,enrollment,vid0_frame00090
Abhiram,C:\Users\main\Frentzen\Project\ISD\training_images_augmented_v2\Abhiram\aug_vid0_frame00090_photometric_0214.jpg,enrollment,vid0_frame00090
Abhiram,C:\Users\main\Frentzen\Project\ISD\training_images_augmented_v2\Abhiram\aug_vid0_frame00090_photometric_0307.jpg,enrollment,vid0_frame00090
Abhiram,C:\Users\main\Frentzen\Project\ISD\training_images_augmented_v2\Abhiram\raw_vid0_frame00090.jpg,enrollment,vid0_frame00090
Abhiram,C:\Users\main\Frentzen\Project\ISD\training_images_augmented_v2\Abhiram\aug_vid0_frame00135_combined_0285.jpg,enrollment,vid0_frame00135
Abhiram,C:\Users\main\Frentzen\Project\ISD\training_images_augmented_v2\Abhiram\aug_vid0_frame00135_combined_0366.jpg,enrollment,vid0_frame00135
Abhiram,C:\Users\main\Frentzen\Project\ISD\training_images_augmented_v2\Abhiram\raw_vid0_frame00135.jpg,enrollment,vid0_frame00135
Abhiram,C:\Users\main\Frentzen\Project\ISD\training_images_augmented_v2\Abhiram\aug_vid0_frame00365_geometric_0400.jpg,enrollment,vid0_frame00365
Abhiram,C:\Users\main\Frentzen\Project\ISD\training_images_augmented_v2\Abhiram\raw_vid0_frame00365.jpg,enrollment,vid0_frame00365
Abhiram,C:\Users\main\Frentzen\Project\ISD\training_images_augmented_v2\Abhiram\aug_vid0_frame00275_fog_0013.jpg,enrollment,vid0_frame00275
Abhiram,C:\Users\main\Frentzen\Project\ISD\training_images_augmented_v2\Abhiram\aug_vid0_frame00275_fog_0351.jpg,enrollment,vid0_frame00275
Abhiram,C:\Users\main\Frentzen\Project\ISD\training_images_augmented_v2\Abhiram\aug_vid0_frame00275_rain_0061.jpg,enrollment,vid0_frame00275
Abhiram,C:\Users\main\Frentzen\Project\ISD\training_images_augmented_v2\Abhiram\raw_vid0_frame00275.jpg,enrollment,vid0_frame00275
Abhiram,C:\Users\main\Frentzen\Project\ISD\training_images_augmented_v2\Abhiram\aug_vid0_frame00010_combined_0130.jpg,enrollment,vid0_frame00010
Abhiram,C:\Users\main\Frentzen\Project\ISD\training_images_augmented_v2\Abhiram\aug_vid0_frame00010_geometric_0248.jpg,enrollment,vid0_frame00010
Abhiram,C:\Users\main\Frentzen\Project\ISD\training_images_augmented_v2\Abhiram\aug_vid0_frame00010_rain_0090.jpg,enrollment,vid0_frame00010
Abhiram,C:\Users\main\Frentzen\Project\ISD\training_images_augmented_v2\Abhiram\raw_vid0_frame00010.jpg,enrollment,vid0_frame00010
Abhiram,C:\Users\main\Frentzen\Project\ISD\training_images_augmented_v2\Abhiram\aug_vid0_frame00280_geometric_0113.jpg,enrollment,vid0_frame00280
Abhiram,C:\Users\main\Frentzen\Project\ISD\training_images_augmented_v2\Abhiram\aug_vid0_frame00280_geometric_0169.jpg,enrollment,vid0_frame00280
Abhiram,C:\Users\main\Frentzen\Project\ISD\training_images_augmented_v2\Abhiram\aug_vid0_frame00280_geometric_0292.jpg,enrollment,vid0_frame00280
Abhiram,C:\Users\main\Frentzen\Project\ISD\training_images_augmented_v2\Abhiram\aug_vid0_frame00280_photometric_0040.jpg,enrollment,vid0_frame00280
Abhiram,C:\Users\main\Frentzen\Project\ISD\training_images_augmented_v2\Abhiram\aug_vid0_frame00280_photometric_0295.jpg,enrollment,vid0_frame00280
Abhiram,C:\Users\main\Frentzen\Project\ISD\training_images_augmented_v2\Abhiram\raw_vid0_frame00280.jpg,enrollment,vid0_frame00280
Abhiram,C:\Users\main\Frentzen\Project\ISD\training_images_augmented_v2\Abhiram\aug_vid0_frame00075_combined_0108.jpg,enrollment,vid0_frame00075
Abhiram,C:\Users\main\Frentzen\Project\ISD\training_images_augmented_v2\Abhiram\aug_vid0_frame00075_geometric_0255.jpg,enrollment,vid0_frame00075
Abhiram,C:\Users\main\Frentzen\Project\ISD\training_images_augmented_v2\Abhiram\raw_vid0_frame00075.jpg,enrollment,vid0_frame00075
Abhiram,C:\Users\main\Frentzen\Project\ISD\training_images_augmented_v2\Abhiram\aug_vid0_frame00735_combined_0173.jpg,enrollment,vid0_frame00735
Abhiram,C:\Users\main\Frentzen\Project\ISD\training_images_augmented_v2\Abhiram\aug_vid0_frame00735_combined_0243.jpg,enrollment,vid0_frame00735
Abhiram,C:\Users\main\Frentzen\Project\ISD\training_images_augmented_v2\Abhiram\aug_vid0_frame00735_geometric_0309.jpg,enrollment,vid0_frame00735
Abhiram,C:\Users\main\Frentzen\Project\ISD\training_images_augmented_v2\Abhiram\aug_vid0_frame00735_occlusion_0294.jpg,enrollment,vid0_frame00735
Abhiram,C:\Users\main\Frentzen\Project\ISD\training_images_augmented_v2\Abhiram\aug_vid0_frame00735_photometric_0032.jpg,enrollment,vid0_frame00735
Abhiram,C:\Users\main\Frentzen\Project\ISD\training_images_augmented_v2\Abhiram\aug_vid0_frame00735_photometric_0286.jpg,enrollment,vid0_frame00735
Abhiram,C:\Users\main\Frentzen\Project\ISD\training_images_augmented_v2\Abhiram\raw_vid0_frame00735.jpg,enrollment,vid0_frame00735
Abhiram,C:\Users\main\Frentzen\Project\ISD\training_images_augmented_v2\Abhiram\aug_vid0_frame00220_geometric_0164.jpg,enrollment,vid0_frame00220
Abhiram,C:\Users\main\Frentzen\Project\ISD\training_images_augmented_v2\Abhiram\aug_vid0_frame00220_occlusion_0145.jpg,enrollment,vid0_frame00220
Abhiram,C:\Users\main\Frentzen\Project\ISD\training_images_augmented_v2\Abhiram\aug_vid0_frame00220_photometric_0094.jpg,enrollment,vid0_frame00220
Abhiram,C:\Users\main\Frentzen\Project\ISD\training_images_augmented_v2\Abhiram\aug_vid0_frame00220_photometric_0342.jpg,enrollment,vid0_frame00220
Abhiram,C:\Users\main\Frentzen\Project\ISD\training_images_augmented_v2\Abhiram\aug_vid0_frame00220_rain_0401.jpg,enrollment,vid0_frame00220
Abhiram,C:\Users\main\Frentzen\Project\ISD\training_images_augmented_v2\Abhiram\raw_vid0_frame00220.jpg,enrollment,vid0_frame00220
Abhiram,C:\Users\main\Frentzen\Project\ISD\training_images_augmented_v2\Abhiram\raw_vid0_frame00675.jpg,enrollment,vid0_frame00675
Abhiram,C:\Users\main\Frentzen\Project\ISD\training_images_augmented_v2\Abhiram\aug_vid0_frame00390_combined_0153.jpg,enrollment,vid0_frame00390
Abhiram,C:\Users\main\Frentzen\Project\ISD\training_images_augmented_v2\Abhiram\aug_vid0_frame00390_geometric_0139.jpg,enrollment,vid0_frame00390
Abhiram,C:\Users\main\Frentzen\Project\ISD\training_images_augmented_v2\Abhiram\aug_vid0_frame00390_geometric_0390.jpg,enrollment,vid0_frame00390
Abhiram,C:\Users\main\Frentzen\Project\ISD\training_images_augmented_v2\Abhiram\aug_vid0_frame00390_geometric_0393.jpg,enrollment,vid0_frame00390
Abhiram,C:\Users\main\Frentzen\Project\ISD\training_images_augmented_v2\Abhiram\aug_vid0_frame00390_occlusion_0289.jpg,enrollment,vid0_frame00390
Abhiram,C:\Users\main\Frentzen\Project\ISD\training_images_augmented_v2\Abhiram\aug_vid0_frame00390_photometric_0373.jpg,enrollment,vid0_frame00390
Abhiram,C:\Users\main\Frentzen\Project\ISD\training_images_augmented_v2\Abhiram\raw_vid0_frame00390.jpg,enrollment,vid0_frame00390
Abhiram,C:\Users\main\Frentzen\Project\ISD\training_images_augmented_v2\Abhiram\aug_vid0_frame00430_geometric_0297.jpg,enrollment,vid0_frame00430
Abhiram,C:\Users\main\Frentzen\Project\ISD\training_images_augmented_v2\Abhiram\aug_vid0_frame00430_geometric_0375.jpg,enrollment,vid0_frame00430
Abhiram,C:\Users\main\Frentzen\Project\ISD\training_images_augmented_v2\Abhiram\raw_vid0_frame00430.jpg,enrollment,vid0_frame00430
Abhiram,C:\Users\main\Frentzen\Project\ISD\training_images_augmented_v2\Abhiram\aug_vid0_frame00720_combined_0446.jpg,enrollment,vid0_frame00720
Abhiram,C:\Users\main\Frentzen\Project\ISD\training_images_augmented_v2\Abhiram\aug_vid0_frame00720_rain_0354.jpg,enrollment,vid0_frame00720
Abhiram,C:\Users\main\Frentzen\Project\ISD\training_images_augmented_v2\Abhiram\raw_vid0_frame00720.jpg,enrollment,vid0_frame00720
Abhiram,C:\Users\main\Frentzen\Project\ISD\training_images_augmented_v2\Abhiram\aug_vid0_frame00410_photometric_0016.jpg,enrollment,vid0_frame00410
Abhiram,C:\Users\main\Frentzen\Project\ISD\training_images_augmented_v2\Abhiram\aug_vid0_frame00410_photometric_0019.jpg,enrollment,vid0_frame00410
Abhiram,C:\Users\main\Frentzen\Project\ISD\training_images_augmented_v2\Abhiram\raw_vid0_frame00410.jpg,enrollment,vid0_frame00410
Abhiram,C:\Users\main\Frentzen\Project\ISD\training_images_augmented_v2\Abhiram\aug_vid0_frame00165_combined_0302.jpg,enrollment,vid0_frame00165
Abhiram,C:\Users\main\Frentzen\Project\ISD\training_images_augmented_v2\Abhiram\aug_vid0_frame00165_photometric_0086.jpg,enrollment,vid0_frame00165
Abhiram,C:\Users\main\Frentzen\Project\ISD\training_images_augmented_v2\Abhiram\aug_vid0_frame00165_photometric_0353.jpg,enrollment,vid0_frame00165
Abhiram,C:\Users\main\Frentzen\Project\ISD\training_images_augmented_v2\Abhiram\aug_vid0_frame00165_rain_0433.jpg,enrollment,vid0_frame00165
Abhiram,C:\Users\main\Frentzen\Project\ISD\training_images_augmented_v2\Abhiram\raw_vid0_frame00165.jpg,enrollment,vid0_frame00165
Abhiram,C:\Users\main\Frentzen\Project\ISD\training_images_augmented_v2\Abhiram\aug_vid0_frame00535_combined_0239.jpg,enrollment,vid0_frame00535
Abhiram,C:\Users\main\Frentzen\Project\ISD\training_images_augmented_v2\Abhiram\aug_vid0_frame00535_photometric_0030.jpg,enrollment,vid0_frame00535
Abhiram,C:\Users\main\Frentzen\Project\ISD\training_images_augmented_v2\Abhiram\raw_vid0_frame00535.jpg,enrollment,vid0_frame00535
Abhiram,C:\Users\main\Frentzen\Project\ISD\training_images_augmented_v2\Abhiram\aug_vid0_frame00115_combined_0155.jpg,enrollment,vid0_frame00115
Abhiram,C:\Users\main\Frentzen\Project\ISD\training_images_augmented_v2\Abhiram\aug_vid0_frame00115_combined_0203.jpg,enrollment,vid0_frame00115
Abhiram,C:\Users\main\Frentzen\Project\ISD\training_images_augmented_v2\Abhiram\aug_vid0_frame00115_combined_0447.jpg,enrollment,vid0_frame00115
Abhiram,C:\Users\main\Frentzen\Project\ISD\training_images_augmented_v2\Abhiram\aug_vid0_frame00115_geometric_0005.jpg,enrollment,vid0_frame00115
Abhiram,C:\Users\main\Frentzen\Project\ISD\training_images_augmented_v2\Abhiram\aug_vid0_frame00115_geometric_0350.jpg,enrollment,vid0_frame00115
Abhiram,C:\Users\main\Frentzen\Project\ISD\training_images_augmented_v2\Abhiram\aug_vid0_frame00115_geometric_0389.jpg,enrollment,vid0_frame00115
Abhiram,C:\Users\main\Frentzen\Project\ISD\training_images_augmented_v2\Abhiram\aug_vid0_frame00115_photometric_0014.jpg,enrollment,vid0_frame00115
Abhiram,C:\Users\main\Frentzen\Project\ISD\training_images_augmented_v2\Abhiram\aug_vid0_frame00115_photometric_0187.jpg,enrollment,vid0_frame00115
Abhiram,C:\Users\main\Frentzen\Project\ISD\training_images_augmented_v2\Abhiram\aug_vid0_frame00115_photometric_0359.jpg,enrollment,vid0_frame00115
Abhiram,C:\Users\main\Frentzen\Project\ISD\training_images_augmented_v2\Abhiram\aug_vid0_frame00115_snow_0060.jpg,enrollment,vid0_frame00115
Abhiram,C:\Users\main\Frentzen\Project\ISD\training_images_augmented_v2\Abhiram\raw_vid0_frame00115.jpg,enrollment,vid0_frame00115
Abhiram,C:\Users\main\Frentzen\Project\ISD\training_images_augmented_v2\Abhiram\aug_vid0_frame00050_combined_0275.jpg,enrollment,vid0_frame00050
Abhiram,C:\Users\main\Frentzen\Project\ISD\training_images_augmented_v2\Abhiram\aug_vid0_frame00050_photometric_0071.jpg,enrollment,vid0_frame00050
Abhiram,C:\Users\main\Frentzen\Project\ISD\training_images_augmented_v2\Abhiram\aug_vid0_frame00050_photometric_0376.jpg,enrollment,vid0_frame00050
Abhiram,C:\Users\main\Frentzen\Project\ISD\training_images_augmented_v2\Abhiram\raw_vid0_frame00050.jpg,enrollment,vid0_frame00050
Abhiram,C:\Users\main\Frentzen\Project\ISD\training_images_augmented_v2\Abhiram\aug_vid0_frame00180_combined_0337.jpg,enrollment,vid0_frame00180
Abhiram,C:\Users\main\Frentzen\Project\ISD\training_images_augmented_v2\Abhiram\aug_vid0_frame00180_rain_0121.jpg,enrollment,vid0_frame00180
Abhiram,C:\Users\main\Frentzen\Project\ISD\training_images_augmented_v2\Abhiram\raw_vid0_frame00180.jpg,enrollment,vid0_frame00180
Abhiram,C:\Users\main\Frentzen\Project\ISD\training_images_augmented_v2\Abhiram\raw_vid0_frame00195.jpg,validation,vid0_frame00195
Abhiram,C:\Users\main\Frentzen\Project\ISD\training_images_augmented_v2\Abhiram\aug_vid0_frame00580_combined_0115.jpg,validation,vid0_frame00580
Abhiram,C:\Users\main\Frentzen\Project\ISD\training_images_augmented_v2\Abhiram\aug_vid0_frame00580_geometric_0383.jpg,validation,vid0_frame00580
Abhiram,C:\Users\main\Frentzen\Project\ISD\training_images_augmented_v2\Abhiram\raw_vid0_frame00580.jpg,validation,vid0_frame00580
Abhiram,C:\Users\main\Frentzen\Project\ISD\training_images_augmented_v2\Abhiram\aug_vid0_frame00250_combined_0216.jpg,validation,vid0_frame00250
Abhiram,C:\Users\main\Frentzen\Project\ISD\training_images_augmented_v2\Abhiram\aug_vid0_frame00250_occlusion_0262.jpg,validation,vid0_frame00250
Abhiram,C:\Users\main\Frentzen\Project\ISD\training_images_augmented_v2\Abhiram\aug_vid0_frame00250_photometric_0054.jpg,validation,vid0_frame00250
Abhiram,C:\Users\main\Frentzen\Project\ISD\training_images_augmented_v2\Abhiram\raw_vid0_frame00250.jpg,validation,vid0_frame00250
Abhiram,C:\Users\main\Frentzen\Project\ISD\training_images_augmented_v2\Abhiram\aug_vid0_frame00655_geometric_0208.jpg,validation,vid0_frame00655
Abhiram,C:\Users\main\Frentzen\Project\ISD\training_images_augmented_v2\Abhiram\raw_vid0_frame00655.jpg,validation,vid0_frame00655
Abhiram,C:\Users\main\Frentzen\Project\ISD\training_images_augmented_v2\Abhiram\aug_vid0_frame00490_combined_0364.jpg,validation,vid0_frame00490
Abhiram,C:\Users\main\Frentzen\Project\ISD\training_images_augmented_v2\Abhiram\aug_vid0_frame00490_fog_0355.jpg,validation,vid0_frame00490
Abhiram,C:\Users\main\Frentzen\Project\ISD\training_images_augmented_v2\Abhiram\aug_vid0_frame00490_geometric_0188.jpg,validation,vid0_frame00490
Abhiram,C:\Users\main\Frentzen\Project\ISD\training_images_augmented_v2\Abhiram\raw_vid0_frame00490.jpg,validation,vid0_frame00490
Abhiram,C:\Users\main\Frentzen\Project\ISD\training_images_augmented_v2\Abhiram\aug_vid0_frame00555_combined_0132.jpg,validation,vid0_frame00555
Abhiram,C:\Users\main\Frentzen\Project\ISD\training_images_augmented_v2\Abhiram\aug_vid0_frame00555_combined_0301.jpg,validation,vid0_frame00555
Abhiram,C:\Users\main\Frentzen\Project\ISD\training_images_augmented_v2\Abhiram\aug_vid0_frame00555_combined_0449.jpg,validation,vid0_frame00555
Abhiram,C:\Users\main\Frentzen\Project\ISD\training_images_augmented_v2\Abhiram\aug_vid0_frame00555_occlusion_0341.jpg,validation,vid0_frame00555
Abhiram,C:\Users\main\Frentzen\Project\ISD\training_images_augmented_v2\Abhiram\aug_vid0_frame00555_photometric_0382.jpg,validation,vid0_frame00555
Abhiram,C:\Users\main\Frentzen\Project\ISD\training_images_augmented_v2\Abhiram\aug_vid0_frame00555_snow_0441.jpg,validation,vid0_frame00555
Abhiram,C:\Users\main\Frentzen\Project\ISD\training_images_augmented_v2\Abhiram\raw_vid0_frame00555.jpg,validation,vid0_frame00555
Abhiram,C:\Users\main\Frentzen\Project\ISD\training_images_augmented_v2\Abhiram\aug_vid0_frame00625_geometric_0167.jpg,validation,vid0_frame00625
Abhiram,C:\Users\main\Frentzen\Project\ISD\training_images_augmented_v2\Abhiram\aug_vid0_frame00625_geometric_0409.jpg,validation,vid0_frame00625
Abhiram,C:\Users\main\Frentzen\Project\ISD\training_images_augmented_v2\Abhiram\aug_vid0_frame00625_photometric_0038.jpg,validation,vid0_frame00625
Abhiram,C:\Users\main\Frentzen\Project\ISD\training_images_augmented_v2\Abhiram\aug_vid0_frame00625_photometric_0102.jpg,validation,vid0_frame00625
Abhiram,C:\Users\main\Frentzen\Project\ISD\training_images_augmented_v2\Abhiram\aug_vid0_frame00625_photometric_0146.jpg,validation,vid0_frame00625
Abhiram,C:\Users\main\Frentzen\Project\ISD\training_images_augmented_v2\Abhiram\aug_vid0_frame00625_photometric_0444.jpg,validation,vid0_frame00625
Abhiram,C:\Users\main\Frentzen\Project\ISD\training_images_augmented_v2\Abhiram\raw_vid0_frame00625.jpg,validation,vid0_frame00625
Abhiram,C:\Users\main\Frentzen\Project\ISD\training_images_augmented_v2\Abhiram\aug_vid0_frame00525_geometric_0201.jpg,validation,vid0_frame00525
Abhiram,C:\Users\main\Frentzen\Project\ISD\training_images_augmented_v2\Abhiram\aug_vid0_frame00525_geometric_0261.jpg,validation,vid0_frame00525
Abhiram,C:\Users\main\Frentzen\Project\ISD\training_images_augmented_v2\Abhiram\aug_vid0_frame00525_photometric_0310.jpg,validation,vid0_frame00525
Abhiram,C:\Users\main\Frentzen\Project\ISD\training_images_augmented_v2\Abhiram\raw_vid0_frame00525.jpg,validation,vid0_frame00525
Abhiram,C:\Users\main\Frentzen\Project\ISD\training_images_augmented_v2\Abhiram\aug_vid0_frame00585_combined_0287.jpg,validation,vid0_frame00585
Abhiram,C:\Users\main\Frentzen\Project\ISD\training_images_augmented_v2\Abhiram\aug_vid0_frame00585_combined_0361.jpg,validation,vid0_frame00585
Abhiram,C:\Users\main\Frentzen\Project\ISD\training_images_augmented_v2\Abhiram\aug_vid0_frame00585_photometric_0196.jpg,validation,vid0_frame00585
Abhiram,C:\Users\main\Frentzen\Project\ISD\training_images_augmented_v2\Abhiram\aug_vid0_frame00585_rain_0391.jpg,validation,vid0_frame00585
Abhiram,C:\Users\main\Frentzen\Project\ISD\training_images_augmented_v2\Abhiram\aug_vid0_frame00585_snow_0072.jpg,validation,vid0_frame00585
Abhiram,C:\Users\main\Frentzen\Project\ISD\training_images_augmented_v2\Abhiram\raw_vid0_frame00585.jpg,validation,vid0_frame00585
Abhiram,C:\Users\main\Frentzen\Project\ISD\training_images_augmented_v2\Abhiram\aug_vid0_frame00455_combined_0442.jpg,validation,vid0_frame00455
Abhiram,C:\Users\main\Frentzen\Project\ISD\training_images_augmented_v2\Abhiram\aug_vid0_frame00455_fog_0149.jpg,validation,vid0_frame00455
Abhiram,C:\Users\main\Frentzen\Project\ISD\training_images_augmented_v2\Abhiram\aug_vid0_frame00455_geometric_0326.jpg,validation,vid0_frame00455
Abhiram,C:\Users\main\Frentzen\Project\ISD\training_images_augmented_v2\Abhiram\aug_vid0_frame00455_photometric_0367.jpg,validation,vid0_frame00455
Abhiram,C:\Users\main\Frentzen\Project\ISD\training_images_augmented_v2\Abhiram\aug_vid0_frame00455_photometric_0418.jpg,validation,vid0_frame00455
Abhiram,C:\Users\main\Frentzen\Project\ISD\training_images_augmented_v2\Abhiram\aug_vid0_frame00455_rain_0015.jpg,validation,vid0_frame00455
Abhiram,C:\Users\main\Frentzen\Project\ISD\training_images_augmented_v2\Abhiram\raw_vid0_frame00455.jpg,validation,vid0_frame00455
Abhiram,C:\Users\main\Frentzen\Project\ISD\training_images_augmented_v2\Abhiram\aug_vid0_frame00520_combined_0403.jpg,validation,vid0_frame00520
Abhiram,C:\Users\main\Frentzen\Project\ISD\training_images_augmented_v2\Abhiram\aug_vid0_frame00520_fog_0387.jpg,validation,vid0_frame00520
Abhiram,C:\Users\main\Frentzen\Project\ISD\training_images_augmented_v2\Abhiram\aug_vid0_frame00520_photometric_0036.jpg,validation,vid0_frame00520
Abhiram,C:\Users\main\Frentzen\Project\ISD\training_images_augmented_v2\Abhiram\raw_vid0_frame00520.jpg,validation,vid0_frame00520
Abhiram,C:\Users\main\Frentzen\Project\ISD\training_images_augmented_v2\Abhiram\aug_vid0_frame00610_combined_0172.jpg,validation,vid0_frame00610
Abhiram,C:\Users\main\Frentzen\Project\ISD\training_images_augmented_v2\Abhiram\aug_vid0_frame00610_geometric_0170.jpg,validation,vid0_frame00610
Abhiram,C:\Users\main\Frentzen\Project\ISD\training_images_augmented_v2\Abhiram\aug_vid0_frame00610_geometric_0327.jpg,validation,vid0_frame00610
Abhiram,C:\Users\main\Frentzen\Project\ISD\training_images_augmented_v2\Abhiram\raw_vid0_frame00610.jpg,validation,vid0_frame00610
Abhiram,C:\Users\main\Frentzen\Project\ISD\training_images_augmented_v2\Abhiram\aug_vid0_frame00155_combined_0181.jpg,validation,vid0_frame00155
Abhiram,C:\Users\main\Frentzen\Project\ISD\training_images_augmented_v2\Abhiram\raw_vid0_frame00155.jpg,validation,vid0_frame00155
Abhiram,C:\Users\main\Frentzen\Project\ISD\training_images_augmented_v2\Abhiram\aug_vid0_frame00440_occlusion_0312.jpg,validation,vid0_frame00440
Abhiram,C:\Users\main\Frentzen\Project\ISD\training_images_augmented_v2\Abhiram\aug_vid0_frame00440_photometric_0225.jpg,validation,vid0_frame00440
Abhiram,C:\Users\main\Frentzen\Project\ISD\training_images_augmented_v2\Abhiram\raw_vid0_frame00440.jpg,validation,vid0_frame00440
Abhiram,C:\Users\main\Frentzen\Project\ISD\training_images_augmented_v2\Abhiram\aug_vid0_frame00550_geometric_0067.jpg,validation,vid0_frame00550
Abhiram,C:\Users\main\Frentzen\Project\ISD\training_images_augmented_v2\Abhiram\aug_vid0_frame00550_geometric_0434.jpg,validation,vid0_frame00550
Abhiram,C:\Users\main\Frentzen\Project\ISD\training_images_augmented_v2\Abhiram\aug_vid0_frame00550_photometric_0308.jpg,validation,vid0_frame00550
Abhiram,C:\Users\main\Frentzen\Project\ISD\training_images_augmented_v2\Abhiram\aug_vid0_frame00550_photometric_0438.jpg,validation,vid0_frame00550
Abhiram,C:\Users\main\Frentzen\Project\ISD\training_images_augmented_v2\Abhiram\raw_vid0_frame00550.jpg,validation,vid0_frame00550
Abhiram,C:\Users\main\Frentzen\Project\ISD\training_images_augmented_v2\Abhiram\raw_vid0_frame00110.jpg,validation,vid0_frame00110
Abhiram,C:\Users\main\Frentzen\Project\ISD\training_images_augmented_v2\Abhiram\aug_vid0_frame00470_combined_0448.jpg,validation,vid0_frame00470
Abhiram,C:\Users\main\Frentzen\Project\ISD\training_images_augmented_v2\Abhiram\aug_vid0_frame00470_occlusion_0443.jpg,validation,vid0_frame00470
Abhiram,C:\Users\main\Frentzen\Project\ISD\training_images_augmented_v2\Abhiram\aug_vid0_frame00470_rain_0428.jpg,validation,vid0_frame00470
Abhiram,C:\Users\main\Frentzen\Project\ISD\training_images_augmented_v2\Abhiram\aug_vid0_frame00470_snow_0081.jpg,validation,vid0_frame00470
Abhiram,C:\Users\main\Frentzen\Project\ISD\training_images_augmented_v2\Abhiram\raw_vid0_frame00470.jpg,validation,vid0_frame00470
Abhiram,C:\Users\main\Frentzen\Project\ISD\training_images_augmented_v2\Abhiram\aug_vid0_frame00130_geometric_0178.jpg,validation,vid0_frame00130
Abhiram,C:\Users\main\Frentzen\Project\ISD\training_images_augmented_v2\Abhiram\aug_vid0_frame00130_snow_0163.jpg,validation,vid0_frame00130
Abhiram,C:\Users\main\Frentzen\Project\ISD\training_images_augmented_v2\Abhiram\raw_vid0_frame00130.jpg,validation,vid0_frame00130
Abhiram,C:\Users\main\Frentzen\Project\ISD\training_images_augmented_v2\Abhiram\aug_vid0_frame00385_occlusion_0392.jpg,validation,vid0_frame00385
Abhiram,C:\Users\main\Frentzen\Project\ISD\training_images_augmented_v2\Abhiram\aug_vid0_frame00385_photometric_0358.jpg,validation,vid0_frame00385
Abhiram,C:\Users\main\Frentzen\Project\ISD\training_images_augmented_v2\Abhiram\aug_vid0_frame00385_rain_0410.jpg,validation,vid0_frame00385
Abhiram,C:\Users\main\Frentzen\Project\ISD\training_images_augmented_v2\Abhiram\aug_vid0_frame00385_snow_0204.jpg,validation,vid0_frame00385
Abhiram,C:\Users\main\Frentzen\Project\ISD\training_images_augmented_v2\Abhiram\raw_vid0_frame00385.jpg,validation,vid0_frame00385
Abhiram,C:\Users\main\Frentzen\Project\ISD\training_images_augmented_v2\Abhiram\aug_vid0_frame00245_fog_0098.jpg,validation,vid0_frame00245
Abhiram,C:\Users\main\Frentzen\Project\ISD\training_images_augmented_v2\Abhiram\aug_vid0_frame00245_geometric_0050.jpg,validation,vid0_frame00245
Abhiram,C:\Users\main\Frentzen\Project\ISD\training_images_augmented_v2\Abhiram\aug_vid0_frame00245_photometric_0048.jpg,validation,vid0_frame00245
Abhiram,C:\Users\main\Frentzen\Project\ISD\training_images_augmented_v2\Abhiram\aug_vid0_frame00245_rain_0150.jpg,validation,vid0_frame00245
Abhiram,C:\Users\main\Frentzen\Project\ISD\training_images_augmented_v2\Abhiram\raw_vid0_frame00245.jpg,validation,vid0_frame00245
Abhiram,C:\Users\main\Frentzen\Project\ISD\training_images_augmented_v2\Abhiram\aug_vid0_frame00415_fog_0092.jpg,validation,vid0_frame00415
Abhiram,C:\Users\main\Frentzen\Project\ISD\training_images_augmented_v2\Abhiram\raw_vid0_frame00415.jpg,validation,vid0_frame00415
Abhiram,C:\Users\main\Frentzen\Project\ISD\training_images_augmented_v2\Abhiram\aug_vid0_frame00420_occlusion_0028.jpg,validation,vid0_frame00420
Abhiram,C:\Users\main\Frentzen\Project\ISD\training_images_augmented_v2\Abhiram\aug_vid0_frame00420_occlusion_0133.jpg,validation,vid0_frame00420
Abhiram,C:\Users\main\Frentzen\Project\ISD\training_images_augmented_v2\Abhiram\raw_vid0_frame00420.jpg,validation,vid0_frame00420
Abhiram,C:\Users\main\Frentzen\Project\ISD\training_images_augmented_v2\Abhiram\aug_vid0_frame00200_combined_0011.jpg,validation,vid0_frame00200
Abhiram,C:\Users\main\Frentzen\Project\ISD\training_images_augmented_v2\Abhiram\aug_vid0_frame00200_combined_0379.jpg,validation,vid0_frame00200
Abhiram,C:\Users\main\Frentzen\Project\ISD\training_images_augmented_v2\Abhiram\aug_vid0_frame00200_photometric_0162.jpg,validation,vid0_frame00200
Abhiram,C:\Users\main\Frentzen\Project\ISD\training_images_augmented_v2\Abhiram\raw_vid0_frame00200.jpg,validation,vid0_frame00200
Abhiram,C:\Users\main\Frentzen\Project\ISD\training_images_augmented_v2\Abhiram\raw_vid0_frame00640.jpg,validation,vid0_frame00640
Abhiram,C:\Users\main\Frentzen\Project\ISD\training_images_augmented_v2\Abhiram\aug_vid0_frame00055_geometric_0380.jpg,validation,vid0_frame00055
Abhiram,C:\Users\main\Frentzen\Project\ISD\training_images_augmented_v2\Abhiram\aug_vid0_frame00055_geometric_0413.jpg,validation,vid0_frame00055
Abhiram,C:\Users\main\Frentzen\Project\ISD\training_images_augmented_v2\Abhiram\raw_vid0_frame00055.jpg,validation,vid0_frame00055
Abhiram,C:\Users\main\Frentzen\Project\ISD\training_images_augmented_v2\Abhiram\aug_vid0_frame00590_combined_0213.jpg,validation,vid0_frame00590
Abhiram,C:\Users\main\Frentzen\Project\ISD\training_images_augmented_v2\Abhiram\raw_vid0_frame00590.jpg,validation,vid0_frame00590
Abhiram,C:\Users\main\Frentzen\Project\ISD\training_images_augmented_v2\Abhiram\aug_vid0_frame00080_combined_0282.jpg,validation,vid0_frame00080
Abhiram,C:\Users\main\Frentzen\Project\ISD\training_images_augmented_v2\Abhiram\aug_vid0_frame00080_combined_0372.jpg,validation,vid0_frame00080
Abhiram,C:\Users\main\Frentzen\Project\ISD\training_images_augmented_v2\Abhiram\aug_vid0_frame00080_geometric_0211.jpg,validation,vid0_frame00080
Abhiram,C:\Users\main\Frentzen\Project\ISD\training_images_augmented_v2\Abhiram\aug_vid0_frame00080_photometric_0027.jpg,validation,vid0_frame00080
Abhiram,C:\Users\main\Frentzen\Project\ISD\training_images_augmented_v2\Abhiram\aug_vid0_frame00080_rain_0422.jpg,validation,vid0_frame00080
Abhiram,C:\Users\main\Frentzen\Project\ISD\training_images_augmented_v2\Abhiram\raw_vid0_frame00080.jpg,validation,vid0_frame00080
Abhiram,C:\Users\main\Frentzen\Project\ISD\training_images_augmented_v2\Abhiram\aug_vid0_frame00360_occlusion_0023.jpg,validation,vid0_frame00360
Abhiram,C:\Users\main\Frentzen\Project\ISD\training_images_augmented_v2\Abhiram\aug_vid0_frame00360_photometric_0264.jpg,validation,vid0_frame00360
Abhiram,C:\Users\main\Frentzen\Project\ISD\training_images_augmented_v2\Abhiram\aug_vid0_frame00360_photometric_0348.jpg,validation,vid0_frame00360
Abhiram,C:\Users\main\Frentzen\Project\ISD\training_images_augmented_v2\Abhiram\aug_vid0_frame00360_photometric_0397.jpg,validation,vid0_frame00360
Abhiram,C:\Users\main\Frentzen\Project\ISD\training_images_augmented_v2\Abhiram\raw_vid0_frame00360.jpg,validation,vid0_frame00360
Abhiram,C:\Users\main\Frentzen\Project\ISD\training_images_augmented_v2\Abhiram\aug_vid0_frame00310_fog_0125.jpg,validation,vid0_frame00310
Abhiram,C:\Users\main\Frentzen\Project\ISD\training_images_augmented_v2\Abhiram\aug_vid0_frame00310_photometric_0041.jpg,validation,vid0_frame00310
Abhiram,C:\Users\main\Frentzen\Project\ISD\training_images_augmented_v2\Abhiram\raw_vid0_frame00310.jpg,validation,vid0_frame00310
Abhiram,C:\Users\main\Frentzen\Project\ISD\training_images_augmented_v2\Abhiram\aug_vid0_frame00485_geometric_0246.jpg,validation,vid0_frame00485
Abhiram,C:\Users\main\Frentzen\Project\ISD\training_images_augmented_v2\Abhiram\aug_vid0_frame00485_occlusion_0068.jpg,validation,vid0_frame00485
Abhiram,C:\Users\main\Frentzen\Project\ISD\training_images_augmented_v2\Abhiram\aug_vid0_frame00485_photometric_0128.jpg,validation,vid0_frame00485
Abhiram,C:\Users\main\Frentzen\Project\ISD\training_images_augmented_v2\Abhiram\aug_vid0_frame00485_photometric_0408.jpg,validation,vid0_frame00485
Abhiram,C:\Users\main\Frentzen\Project\ISD\training_images_augmented_v2\Abhiram\aug_vid0_frame00485_snow_0106.jpg,validation,vid0_frame00485
Abhiram,C:\Users\main\Frentzen\Project\ISD\training_images_augmented_v2\Abhiram\raw_vid0_frame00485.jpg,validation,vid0_frame00485
Abhiram,C:\Users\main\Frentzen\Project\ISD\training_images_augmented_v2\Abhiram\aug_vid0_frame00030_combined_0313.jpg,validation,vid0_frame00030
Abhiram,C:\Users\main\Frentzen\Project\ISD\training_images_augmented_v2\Abhiram\aug_vid0_frame00030_combined_0322.jpg,validation,vid0_frame00030
Abhiram,C:\Users\main\Frentzen\Project\ISD\training_images_augmented_v2\Abhiram\aug_vid0_frame00030_combined_0370.jpg,validation,vid0_frame00030
Abhiram,C:\Users\main\Frentzen\Project\ISD\training_images_augmented_v2\Abhiram\raw_vid0_frame00030.jpg,validation,vid0_frame00030
Abhiram,C:\Users\main\Frentzen\Project\ISD\training_images_augmented_v2\Abhiram\aug_vid0_frame00660_combined_0432.jpg,validation,vid0_frame00660
Abhiram,C:\Users\main\Frentzen\Project\ISD\training_images_augmented_v2\Abhiram\aug_vid0_frame00660_geometric_0091.jpg,validation,vid0_frame00660
Abhiram,C:\Users\main\Frentzen\Project\ISD\training_images_augmented_v2\Abhiram\aug_vid0_frame00660_geometric_0235.jpg,validation,vid0_frame00660
Abhiram,C:\Users\main\Frentzen\Project\ISD\training_images_augmented_v2\Abhiram\aug_vid0_frame00660_occlusion_0250.jpg,validation,vid0_frame00660
Abhiram,C:\Users\main\Frentzen\Project\ISD\training_images_augmented_v2\Abhiram\aug_vid0_frame00660_photometric_0083.jpg,validation,vid0_frame00660
Abhiram,C:\Users\main\Frentzen\Project\ISD\training_images_augmented_v2\Abhiram\aug_vid0_frame00660_rain_0180.jpg,validation,vid0_frame00660
Abhiram,C:\Users\main\Frentzen\Project\ISD\training_images_augmented_v2\Abhiram\aug_vid0_frame00660_rain_0425.jpg,validation,vid0_frame00660
Abhiram,C:\Users\main\Frentzen\Project\ISD\training_images_augmented_v2\Abhiram\raw_vid0_frame00660.jpg,validation,vid0_frame00660
Abhiram,C:\Users\main\Frentzen\Project\ISD\training_images_augmented_v2\Abhiram\aug_vid0_frame00175_combined_0002.jpg,validation,vid0_frame00175
Abhiram,C:\Users\main\Frentzen\Project\ISD\training_images_augmented_v2\Abhiram\aug_vid0_frame00175_geometric_0074.jpg,validation,vid0_frame00175
Abhiram,C:\Users\main\Frentzen\Project\ISD\training_images_augmented_v2\Abhiram\aug_vid0_frame00175_geometric_0331.jpg,validation,vid0_frame00175
Abhiram,C:\Users\main\Frentzen\Project\ISD\training_images_augmented_v2\Abhiram\aug_vid0_frame00175_geometric_0369.jpg,validation,vid0_frame00175
Abhiram,C:\Users\main\Frentzen\Project\ISD\training_images_augmented_v2\Abhiram\aug_vid0_frame00175_geometric_0407.jpg,validation,vid0_frame00175
Abhiram,C:\Users\main\Frentzen\Project\ISD\training_images_augmented_v2\Abhiram\aug_vid0_frame00175_occlusion_0142.jpg,validation,vid0_frame00175
Abhiram,C:\Users\main\Frentzen\Project\ISD\training_images_augmented_v2\Abhiram\raw_vid0_frame00175.jpg,validation,vid0_frame00175
Abhiram,C:\Users\main\Frentzen\Project\ISD\training_images_augmented_v2\Abhiram\aug_vid0_frame00405_occlusion_0290.jpg,validation,vid0_frame00405
Abhiram,C:\Users\main\Frentzen\Project\ISD\training_images_augmented_v2\Abhiram\aug_vid0_frame00405_photometric_0177.jpg,validation,vid0_frame00405
Abhiram,C:\Users\main\Frentzen\Project\ISD\training_images_augmented_v2\Abhiram\raw_vid0_frame00405.jpg,validation,vid0_frame00405
Abhiram,C:\Users\main\Frentzen\Project\ISD\training_images_augmented_v2\Abhiram\aug_vid0_frame00235_photometric_0147.jpg,validation,vid0_frame00235
Abhiram,C:\Users\main\Frentzen\Project\ISD\training_images_augmented_v2\Abhiram\raw_vid0_frame00235.jpg,validation,vid0_frame00235
Abhiram,C:\Users\main\Frentzen\Project\ISD\training_images_augmented_v2\Abhiram\aug_vid0_frame00745_fog_0031.jpg,validation,vid0_frame00745
Abhiram,C:\Users\main\Frentzen\Project\ISD\training_images_augmented_v2\Abhiram\aug_vid0_frame00745_geometric_0415.jpg,validation,vid0_frame00745
Abhiram,C:\Users\main\Frentzen\Project\ISD\training_images_augmented_v2\Abhiram\raw_vid0_frame00745.jpg,validation,vid0_frame00745
Abhiram,C:\Users\main\Frentzen\Project\ISD\training_images_augmented_v2\Abhiram\aug_vid0_frame00240_geometric_0035.jpg,validation,vid0_frame00240
Abhiram,C:\Users\main\Frentzen\Project\ISD\training_images_augmented_v2\Abhiram\aug_vid0_frame00240_occlusion_0343.jpg,validation,vid0_frame00240
Abhiram,C:\Users\main\Frentzen\Project\ISD\training_images_augmented_v2\Abhiram\aug_vid0_frame00240_photometric_0268.jpg,validation,vid0_frame00240
Abhiram,C:\Users\main\Frentzen\Project\ISD\training_images_augmented_v2\Abhiram\raw_vid0_frame00240.jpg,validation,vid0_frame00240
Abhiram,C:\Users\main\Frentzen\Project\ISD\training_images_augmented_v2\Abhiram\aug_vid0_frame00065_geometric_0320.jpg,test,vid0_frame00065
Abhiram,C:\Users\main\Frentzen\Project\ISD\training_images_augmented_v2\Abhiram\aug_vid0_frame00065_photometric_0076.jpg,test,vid0_frame00065
Abhiram,C:\Users\main\Frentzen\Project\ISD\training_images_augmented_v2\Abhiram\aug_vid0_frame00065_rain_0279.jpg,test,vid0_frame00065
Abhiram,C:\Users\main\Frentzen\Project\ISD\training_images_augmented_v2\Abhiram\aug_vid0_frame00065_snow_0345.jpg,test,vid0_frame00065
Abhiram,C:\Users\main\Frentzen\Project\ISD\training_images_augmented_v2\Abhiram\aug_vid0_frame00065_snow_0384.jpg,test,vid0_frame00065
Abhiram,C:\Users\main\Frentzen\Project\ISD\training_images_augmented_v2\Abhiram\raw_vid0_frame00065.jpg,test,vid0_frame00065
Abhiram,C:\Users\main\Frentzen\Project\ISD\training_images_augmented_v2\Abhiram\aug_vid0_frame00255_combined_0429.jpg,test,vid0_frame00255
Abhiram,C:\Users\main\Frentzen\Project\ISD\training_images_augmented_v2\Abhiram\aug_vid0_frame00255_photometric_0193.jpg,test,vid0_frame00255
Abhiram,C:\Users\main\Frentzen\Project\ISD\training_images_augmented_v2\Abhiram\aug_vid0_frame00255_rain_0171.jpg,test,vid0_frame00255
Abhiram,C:\Users\main\Frentzen\Project\ISD\training_images_augmented_v2\Abhiram\raw_vid0_frame00255.jpg,test,vid0_frame00255
Abhiram,C:\Users\main\Frentzen\Project\ISD\training_images_augmented_v2\Abhiram\aug_vid0_frame00060_geometric_0396.jpg,test,vid0_frame00060
Abhiram,C:\Users\main\Frentzen\Project\ISD\training_images_augmented_v2\Abhiram\aug_vid0_frame00060_photometric_0088.jpg,test,vid0_frame00060
Abhiram,C:\Users\main\Frentzen\Project\ISD\training_images_augmented_v2\Abhiram\raw_vid0_frame00060.jpg,test,vid0_frame00060
Abhiram,C:\Users\main\Frentzen\Project\ISD\training_images_augmented_v2\Abhiram\aug_vid0_frame00070_combined_0419.jpg,test,vid0_frame00070
Abhiram,C:\Users\main\Frentzen\Project\ISD\training_images_augmented_v2\Abhiram\aug_vid0_frame00070_geometric_0168.jpg,test,vid0_frame00070
Abhiram,C:\Users\main\Frentzen\Project\ISD\training_images_augmented_v2\Abhiram\aug_vid0_frame00070_geometric_0205.jpg,test,vid0_frame00070
Abhiram,C:\Users\main\Frentzen\Project\ISD\training_images_augmented_v2\Abhiram\aug_vid0_frame00070_rain_0087.jpg,test,vid0_frame00070
Abhiram,C:\Users\main\Frentzen\Project\ISD\training_images_augmented_v2\Abhiram\raw_vid0_frame00070.jpg,test,vid0_frame00070
Abhiram,C:\Users\main\Frentzen\Project\ISD\training_images_augmented_v2\Abhiram\aug_vid0_frame00635_geometric_0249.jpg,test,vid0_frame00635
Abhiram,C:\Users\main\Frentzen\Project\ISD\training_images_augmented_v2\Abhiram\aug_vid0_frame00635_photometric_0198.jpg,test,vid0_frame00635
Abhiram,C:\Users\main\Frentzen\Project\ISD\training_images_augmented_v2\Abhiram\aug_vid0_frame00635_photometric_0238.jpg,test,vid0_frame00635
Abhiram,C:\Users\main\Frentzen\Project\ISD\training_images_augmented_v2\Abhiram\raw_vid0_frame00635.jpg,test,vid0_frame00635
Abhiram,C:\Users\main\Frentzen\Project\ISD\training_images_augmented_v2\Abhiram\aug_vid0_frame00670_geometric_0306.jpg,test,vid0_frame00670
Abhiram,C:\Users\main\Frentzen\Project\ISD\training_images_augmented_v2\Abhiram\aug_vid0_frame00670_geometric_0346.jpg,test,vid0_frame00670
Abhiram,C:\Users\main\Frentzen\Project\ISD\training_images_augmented_v2\Abhiram\aug_vid0_frame00670_occlusion_0052.jpg,test,vid0_frame00670
Abhiram,C:\Users\main\Frentzen\Project\ISD\training_images_augmented_v2\Abhiram\raw_vid0_frame00670.jpg,test,vid0_frame00670
Abhiram,C:\Users\main\Frentzen\Project\ISD\training_images_augmented_v2\Abhiram\aug_vid0_frame00145_photometric_0435.jpg,test,vid0_frame00145
Abhiram,C:\Users\main\Frentzen\Project\ISD\training_images_augmented_v2\Abhiram\raw_vid0_frame00145.jpg,test,vid0_frame00145
Abhiram,C:\Users\main\Frentzen\Project\ISD\training_images_augmented_v2\Abhiram\aug_vid0_frame00100_combined_0126.jpg,test,vid0_frame00100
Abhiram,C:\Users\main\Frentzen\Project\ISD\training_images_augmented_v2\Abhiram\aug_vid0_frame00100_photometric_0078.jpg,test,vid0_frame00100
Abhiram,C:\Users\main\Frentzen\Project\ISD\training_images_augmented_v2\Abhiram\aug_vid0_frame00100_photometric_0123.jpg,test,vid0_frame00100
Abhiram,C:\Users\main\Frentzen\Project\ISD\training_images_augmented_v2\Abhiram\raw_vid0_frame00100.jpg,test,vid0_frame00100
Abhiram,C:\Users\main\Frentzen\Project\ISD\training_images_augmented_v2\Abhiram\raw_vid0_frame00260.jpg,test,vid0_frame00260
Abhiram,C:\Users\main\Frentzen\Project\ISD\training_images_augmented_v2\Abhiram\aug_vid0_frame00230_combined_0085.jpg,test,vid0_frame00230
Abhiram,C:\Users\main\Frentzen\Project\ISD\training_images_augmented_v2\Abhiram\aug_vid0_frame00230_occlusion_0242.jpg,test,vid0_frame00230
Abhiram,C:\Users\main\Frentzen\Project\ISD\training_images_augmented_v2\Abhiram\raw_vid0_frame00230.jpg,test,vid0_frame00230
Abhiram,C:\Users\main\Frentzen\Project\ISD\training_images_augmented_v2\Abhiram\aug_vid0_frame00290_occlusion_0069.jpg,test,vid0_frame00290
Abhiram,C:\Users\main\Frentzen\Project\ISD\training_images_augmented_v2\Abhiram\raw_vid0_frame00290.jpg,test,vid0_frame00290
Abhiram,C:\Users\main\Frentzen\Project\ISD\training_images_augmented_v2\Abhiram\aug_vid0_frame00465_combined_0059.jpg,test,vid0_frame00465
Abhiram,C:\Users\main\Frentzen\Project\ISD\training_images_augmented_v2\Abhiram\aug_vid0_frame00465_combined_0280.jpg,test,vid0_frame00465
Abhiram,C:\Users\main\Frentzen\Project\ISD\training_images_augmented_v2\Abhiram\aug_vid0_frame00465_photometric_0381.jpg,test,vid0_frame00465
Abhiram,C:\Users\main\Frentzen\Project\ISD\training_images_augmented_v2\Abhiram\aug_vid0_frame00465_photometric_0414.jpg,test,vid0_frame00465
Abhiram,C:\Users\main\Frentzen\Project\ISD\training_images_augmented_v2\Abhiram\raw_vid0_frame00465.jpg,test,vid0_frame00465
Abhiram,C:\Users\main\Frentzen\Project\ISD\training_images_augmented_v2\Abhiram\aug_vid0_frame00105_combined_0137.jpg,test,vid0_frame00105
Abhiram,C:\Users\main\Frentzen\Project\ISD\training_images_augmented_v2\Abhiram\aug_vid0_frame00105_geometric_0319.jpg,test,vid0_frame00105
Abhiram,C:\Users\main\Frentzen\Project\ISD\training_images_augmented_v2\Abhiram\aug_vid0_frame00105_occlusion_0385.jpg,test,vid0_frame00105
Abhiram,C:\Users\main\Frentzen\Project\ISD\training_images_augmented_v2\Abhiram\aug_vid0_frame00105_photometric_0131.jpg,test,vid0_frame00105
Abhiram,C:\Users\main\Frentzen\Project\ISD\training_images_augmented_v2\Abhiram\aug_vid0_frame00105_photometric_0151.jpg,test,vid0_frame00105
Abhiram,C:\Users\main\Frentzen\Project\ISD\training_images_augmented_v2\Abhiram\aug_vid0_frame00105_photometric_0300.jpg,test,vid0_frame00105
Abhiram,C:\Users\main\Frentzen\Project\ISD\training_images_augmented_v2\Abhiram\raw_vid0_frame00105.jpg,test,vid0_frame00105
Abhiram,C:\Users\main\Frentzen\Project\ISD\training_images_augmented_v2\Abhiram\aug_vid0_frame00540_fog_0044.jpg,test,vid0_frame00540
Abhiram,C:\Users\main\Frentzen\Project\ISD\training_images_augmented_v2\Abhiram\aug_vid0_frame00540_geometric_0004.jpg,test,vid0_frame00540
Abhiram,C:\Users\main\Frentzen\Project\ISD\training_images_augmented_v2\Abhiram\aug_vid0_frame00540_geometric_0143.jpg,test,vid0_frame00540
Abhiram,C:\Users\main\Frentzen\Project\ISD\training_images_augmented_v2\Abhiram\raw_vid0_frame00540.jpg,test,vid0_frame00540
Abhiram,C:\Users\main\Frentzen\Project\ISD\training_images_augmented_v2\Abhiram\aug_vid0_frame00510_photometric_0241.jpg,test,vid0_frame00510
Abhiram,C:\Users\main\Frentzen\Project\ISD\training_images_augmented_v2\Abhiram\raw_vid0_frame00510.jpg,test,vid0_frame00510
Abhiram,C:\Users\main\Frentzen\Project\ISD\training_images_augmented_v2\Abhiram\aug_vid0_frame00005_combined_0010.jpg,test,vid0_frame00005
Abhiram,C:\Users\main\Frentzen\Project\ISD\training_images_augmented_v2\Abhiram\aug_vid0_frame00005_fog_0033.jpg,test,vid0_frame00005
Abhiram,C:\Users\main\Frentzen\Project\ISD\training_images_augmented_v2\Abhiram\aug_vid0_frame00005_geometric_0063.jpg,test,vid0_frame00005
Abhiram,C:\Users\main\Frentzen\Project\ISD\training_images_augmented_v2\Abhiram\aug_vid0_frame00005_occlusion_0267.jpg,test,vid0_frame00005
Abhiram,C:\Users\main\Frentzen\Project\ISD\training_images_augmented_v2\Abhiram\raw_vid0_frame00005.jpg,test,vid0_frame00005
Abhiram,C:\Users\main\Frentzen\Project\ISD\training_images_augmented_v2\Abhiram\aug_vid0_frame00375_geometric_0388.jpg,test,vid0_frame00375
Abhiram,C:\Users\main\Frentzen\Project\ISD\training_images_augmented_v2\Abhiram\aug_vid0_frame00375_photometric_0112.jpg,test,vid0_frame00375
Abhiram,C:\Users\main\Frentzen\Project\ISD\training_images_augmented_v2\Abhiram\aug_vid0_frame00375_rain_0075.jpg,test,vid0_frame00375
Abhiram,C:\Users\main\Frentzen\Project\ISD\training_images_augmented_v2\Abhiram\raw_vid0_frame00375.jpg,test,vid0_frame00375
Abhiram,C:\Users\main\Frentzen\Project\ISD\training_images_augmented_v2\Abhiram\aug_vid0_frame00595_photometric_0109.jpg,test,vid0_frame00595
Abhiram,C:\Users\main\Frentzen\Project\ISD\training_images_augmented_v2\Abhiram\raw_vid0_frame00595.jpg,test,vid0_frame00595
Abhiram,C:\Users\main\Frentzen\Project\ISD\training_images_augmented_v2\Abhiram\aug_vid0_frame00300_combined_0025.jpg,test,vid0_frame00300
Abhiram,C:\Users\main\Frentzen\Project\ISD\training_images_augmented_v2\Abhiram\aug_vid0_frame00300_geometric_0218.jpg,test,vid0_frame00300
Abhiram,C:\Users\main\Frentzen\Project\ISD\training_images_augmented_v2\Abhiram\aug_vid0_frame00300_occlusion_0245.jpg,test,vid0_frame00300
Abhiram,C:\Users\main\Frentzen\Project\ISD\training_images_augmented_v2\Abhiram\raw_vid0_frame00300.jpg,test,vid0_frame00300
Abhiram,C:\Users\main\Frentzen\Project\ISD\training_images_augmented_v2\Abhiram\aug_vid0_frame00560_combined_0135.jpg,test,vid0_frame00560
Abhiram,C:\Users\main\Frentzen\Project\ISD\training_images_augmented_v2\Abhiram\aug_vid0_frame00560_combined_0368.jpg,test,vid0_frame00560
Abhiram,C:\Users\main\Frentzen\Project\ISD\training_images_augmented_v2\Abhiram\aug_vid0_frame00560_geometric_0058.jpg,test,vid0_frame00560
Abhiram,C:\Users\main\Frentzen\Project\ISD\training_images_augmented_v2\Abhiram\aug_vid0_frame00560_geometric_0316.jpg,test,vid0_frame00560
Abhiram,C:\Users\main\Frentzen\Project\ISD\training_images_augmented_v2\Abhiram\raw_vid0_frame00560.jpg,test,vid0_frame00560
Abhiram,C:\Users\main\Frentzen\Project\ISD\training_images_augmented_v2\Abhiram\aug_vid0_frame00270_combined_0064.jpg,test,vid0_frame00270
Abhiram,C:\Users\main\Frentzen\Project\ISD\training_images_augmented_v2\Abhiram\aug_vid0_frame00270_rain_0190.jpg,test,vid0_frame00270
Abhiram,C:\Users\main\Frentzen\Project\ISD\training_images_augmented_v2\Abhiram\aug_vid0_frame00270_rain_0212.jpg,test,vid0_frame00270
Abhiram,C:\Users\main\Frentzen\Project\ISD\training_images_augmented_v2\Abhiram\aug_vid0_frame00270_rain_0377.jpg,test,vid0_frame00270
Abhiram,C:\Users\main\Frentzen\Project\ISD\training_images_augmented_v2\Abhiram\raw_vid0_frame00270.jpg,test,vid0_frame00270
Abhiram,C:\Users\main\Frentzen\Project\ISD\training_images_augmented_v2\Abhiram\raw_vid0_frame00665.jpg,test,vid0_frame00665
Abhiram,C:\Users\main\Frentzen\Project\ISD\training_images_augmented_v2\Abhiram\aug_vid0_frame00690_photometric_0166.jpg,test,vid0_frame00690
Abhiram,C:\Users\main\Frentzen\Project\ISD\training_images_augmented_v2\Abhiram\raw_vid0_frame00690.jpg,test,vid0_frame00690
Abhiram,C:\Users\main\Frentzen\Project\ISD\training_images_augmented_v2\Abhiram\aug_vid0_frame00315_fog_0426.jpg,test,vid0_frame00315
Abhiram,C:\Users\main\Frentzen\Project\ISD\training_images_augmented_v2\Abhiram\aug_vid0_frame00315_geometric_0270.jpg,test,vid0_frame00315
Abhiram,C:\Users\main\Frentzen\Project\ISD\training_images_augmented_v2\Abhiram\aug_vid0_frame00315_geometric_0420.jpg,test,vid0_frame00315
Abhiram,C:\Users\main\Frentzen\Project\ISD\training_images_augmented_v2\Abhiram\raw_vid0_frame00315.jpg,test,vid0_frame00315
Abhiram,C:\Users\main\Frentzen\Project\ISD\training_images_augmented_v2\Abhiram\aug_vid0_frame00295_combined_0325.jpg,test,vid0_frame00295
Abhiram,C:\Users\main\Frentzen\Project\ISD\training_images_augmented_v2\Abhiram\aug_vid0_frame00295_geometric_0047.jpg,test,vid0_frame00295
Abhiram,C:\Users\main\Frentzen\Project\ISD\training_images_augmented_v2\Abhiram\aug_vid0_frame00295_geometric_0317.jpg,test,vid0_frame00295
Abhiram,C:\Users\main\Frentzen\Project\ISD\training_images_augmented_v2\Abhiram\aug_vid0_frame00295_occlusion_0324.jpg,test,vid0_frame00295
Abhiram,C:\Users\main\Frentzen\Project\ISD\training_images_augmented_v2\Abhiram\aug_vid0_frame00295_photometric_0154.jpg,test,vid0_frame00295
Abhiram,C:\Users\main\Frentzen\Project\ISD\training_images_augmented_v2\Abhiram\raw_vid0_frame00295.jpg,test,vid0_frame00295
Abhiram,C:\Users\main\Frentzen\Project\ISD\training_images_augmented_v2\Abhiram\aug_vid0_frame00125_combined_0244.jpg,test,vid0_frame00125
Abhiram,C:\Users\main\Frentzen\Project\ISD\training_images_augmented_v2\Abhiram\aug_vid0_frame00125_combined_0254.jpg,test,vid0_frame00125
Abhiram,C:\Users\main\Frentzen\Project\ISD\training_images_augmented_v2\Abhiram\aug_vid0_frame00125_rain_0053.jpg,test,vid0_frame00125
Abhiram,C:\Users\main\Frentzen\Project\ISD\training_images_augmented_v2\Abhiram\aug_vid0_frame00125_rain_0080.jpg,test,vid0_frame00125
Abhiram,C:\Users\main\Frentzen\Project\ISD\training_images_augmented_v2\Abhiram\aug_vid0_frame00125_rain_0338.jpg,test,vid0_frame00125
Abhiram,C:\Users\main\Frentzen\Project\ISD\training_images_augmented_v2\Abhiram\aug_vid0_frame00125_snow_0057.jpg,test,vid0_frame00125
Abhiram,C:\Users\main\Frentzen\Project\ISD\training_images_augmented_v2\Abhiram\aug_vid0_frame00125_snow_0412.jpg,test,vid0_frame00125
Abhiram,C:\Users\main\Frentzen\Project\ISD\training_images_augmented_v2\Abhiram\raw_vid0_frame00125.jpg,test,vid0_frame00125
Abhiram,C:\Users\main\Frentzen\Project\ISD\training_images_augmented_v2\Abhiram\aug_vid0_frame00040_geometric_0127.jpg,test,vid0_frame00040
Abhiram,C:\Users\main\Frentzen\Project\ISD\training_images_augmented_v2\Abhiram\aug_vid0_frame00040_geometric_0349.jpg,test,vid0_frame00040
Abhiram,C:\Users\main\Frentzen\Project\ISD\training_images_augmented_v2\Abhiram\aug_vid0_frame00040_photometric_0176.jpg,test,vid0_frame00040
Abhiram,C:\Users\main\Frentzen\Project\ISD\training_images_augmented_v2\Abhiram\raw_vid0_frame00040.jpg,test,vid0_frame00040
Abhiram,C:\Users\main\Frentzen\Project\ISD\training_images_augmented_v2\Abhiram\aug_vid0_frame00045_snow_0230.jpg,test,vid0_frame00045
Abhiram,C:\Users\main\Frentzen\Project\ISD\training_images_augmented_v2\Abhiram\raw_vid0_frame00045.jpg,test,vid0_frame00045
Abhiram,C:\Users\main\Frentzen\Project\ISD\training_images_augmented_v2\Abhiram\aug_vid0_frame00565_combined_0020.jpg,test,vid0_frame00565
Abhiram,C:\Users\main\Frentzen\Project\ISD\training_images_augmented_v2\Abhiram\aug_vid0_frame00565_combined_0315.jpg,test,vid0_frame00565
Abhiram,C:\Users\main\Frentzen\Project\ISD\training_images_augmented_v2\Abhiram\aug_vid0_frame00565_geometric_0159.jpg,test,vid0_frame00565
Abhiram,C:\Users\main\Frentzen\Project\ISD\training_images_augmented_v2\Abhiram\raw_vid0_frame00565.jpg,test,vid0_frame00565
Abhiram,C:\Users\main\Frentzen\Project\ISD\training_images_augmented_v2\Abhiram\aug_vid0_frame00120_geometric_0209.jpg,test,vid0_frame00120
Abhiram,C:\Users\main\Frentzen\Project\ISD\training_images_augmented_v2\Abhiram\aug_vid0_frame00120_occlusion_0272.jpg,test,vid0_frame00120
Abhiram,C:\Users\main\Frentzen\Project\ISD\training_images_augmented_v2\Abhiram\aug_vid0_frame00120_photometric_0257.jpg,test,vid0_frame00120
Abhiram,C:\Users\main\Frentzen\Project\ISD\training_images_augmented_v2\Abhiram\aug_vid0_frame00120_snow_0134.jpg,test,vid0_frame00120
Abhiram,C:\Users\main\Frentzen\Project\ISD\training_images_augmented_v2\Abhiram\raw_vid0_frame00120.jpg,test,vid0_frame00120
Abhiram,C:\Users\main\Frentzen\Project\ISD\training_images_augmented_v2\Abhiram\aug_vid0_frame00740_photometric_0042.jpg,test,vid0_frame00740
Abhiram,C:\Users\main\Frentzen\Project\ISD\training_images_augmented_v2\Abhiram\raw_vid0_frame00740.jpg,test,vid0_frame00740
Abhiram,C:\Users\main\Frentzen\Project\ISD\training_images_augmented_v2\Abhiram\aug_vid0_frame00140_geometric_0000.jpg,test,vid0_frame00140
Abhiram,C:\Users\main\Frentzen\Project\ISD\training_images_augmented_v2\Abhiram\aug_vid0_frame00140_geometric_0431.jpg,test,vid0_frame00140
Abhiram,C:\Users\main\Frentzen\Project\ISD\training_images_augmented_v2\Abhiram\aug_vid0_frame00140_snow_0017.jpg,test,vid0_frame00140
Abhiram,C:\Users\main\Frentzen\Project\ISD\training_images_augmented_v2\Abhiram\raw_vid0_frame00140.jpg,test,vid0_frame00140
Abhiram,C:\Users\main\Frentzen\Project\ISD\training_images_augmented_v2\Abhiram\aug_vid0_frame00185_photometric_0427.jpg,test,vid0_frame00185
Abhiram,C:\Users\main\Frentzen\Project\ISD\training_images_augmented_v2\Abhiram\aug_vid0_frame00185_rain_0207.jpg,test,vid0_frame00185
Abhiram,C:\Users\main\Frentzen\Project\ISD\training_images_augmented_v2\Abhiram\aug_vid0_frame00185_rain_0321.jpg,test,vid0_frame00185
Abhiram,C:\Users\main\Frentzen\Project\ISD\training_images_augmented_v2\Abhiram\raw_vid0_frame00185.jpg,test,vid0_frame00185
Abhiram,C:\Users\main\Frentzen\Project\ISD\training_images_augmented_v2\Abhiram\aug_vid0_frame00305_combined_0037.jpg,test,vid0_frame00305
Abhiram,C:\Users\main\Frentzen\Project\ISD\training_images_augmented_v2\Abhiram\aug_vid0_frame00305_photometric_0182.jpg,test,vid0_frame00305
Abhiram,C:\Users\main\Frentzen\Project\ISD\training_images_augmented_v2\Abhiram\aug_vid0_frame00305_photometric_0281.jpg,test,vid0_frame00305
Abhiram,C:\Users\main\Frentzen\Project\ISD\training_images_augmented_v2\Abhiram\aug_vid0_frame00305_photometric_0371.jpg,test,vid0_frame00305
Abhiram,C:\Users\main\Frentzen\Project\ISD\training_images_augmented_v2\Abhiram\raw_vid0_frame00305.jpg,test,vid0_frame00305
Abhiram,C:\Users\main\Frentzen\Project\ISD\training_images_augmented_v2\Abhiram\aug_vid0_frame00330_combined_0186.jpg,test,vid0_frame00330
Abhiram,C:\Users\main\Frentzen\Project\ISD\training_images_augmented_v2\Abhiram\aug_vid0_frame00330_geometric_0394.jpg,test,vid0_frame00330
Abhiram,C:\Users\main\Frentzen\Project\ISD\training_images_augmented_v2\Abhiram\raw_vid0_frame00330.jpg,test,vid0_frame00330
Abhiram,C:\Users\main\Frentzen\Project\ISD\training_images_augmented_v2\Abhiram\aug_vid0_frame00370_combined_0362.jpg,test,vid0_frame00370
Abhiram,C:\Users\main\Frentzen\Project\ISD\training_images_augmented_v2\Abhiram\raw_vid0_frame00370.jpg,test,vid0_frame00370
Abhiram,C:\Users\main\Frentzen\Project\ISD\training_images_augmented_v2\Abhiram\aug_vid0_frame00035_photometric_0079.jpg,test,vid0_frame00035
Abhiram,C:\Users\main\Frentzen\Project\ISD\training_images_augmented_v2\Abhiram\aug_vid0_frame00035_rain_0336.jpg,test,vid0_frame00035
Abhiram,C:\Users\main\Frentzen\Project\ISD\training_images_augmented_v2\Abhiram\raw_vid0_frame00035.jpg,test,vid0_frame00035
Abhiram,C:\Users\main\Frentzen\Project\ISD\training_images_augmented_v2\Abhiram\aug_vid0_frame00150_fog_0199.jpg,test,vid0_frame00150
Abhiram,C:\Users\main\Frentzen\Project\ISD\training_images_augmented_v2\Abhiram\aug_vid0_frame00150_geometric_0066.jpg,test,vid0_frame00150
Abhiram,C:\Users\main\Frentzen\Project\ISD\training_images_augmented_v2\Abhiram\aug_vid0_frame00150_geometric_0352.jpg,test,vid0_frame00150
Abhiram,C:\Users\main\Frentzen\Project\ISD\training_images_augmented_v2\Abhiram\raw_vid0_frame00150.jpg,test,vid0_frame00150
Frentzen,C:\Users\main\Frentzen\Project\ISD\training_images_augmented_v2\Frentzen\aug_vid0_frame00366_occlusion_0331.jpg,enrollment,vid0_frame00366
Frentzen,C:\Users\main\Frentzen\Project\ISD\training_images_augmented_v2\Frentzen\aug_vid0_frame00366_photometric_0005.jpg,enrollment,vid0_frame00366
Frentzen,C:\Users\main\Frentzen\Project\ISD\training_images_augmented_v2\Frentzen\raw_vid0_frame00366.jpg,enrollment,vid0_frame00366
Frentzen,C:\Users\main\Frentzen\Project\ISD\training_images_augmented_v2\Frentzen\aug_vid0_frame00225_combined_0149.jpg,enrollment,vid0_frame00225
Frentzen,C:\Users\main\Frentzen\Project\ISD\training_images_augmented_v2\Frentzen\aug_vid0_frame00225_photometric_0206.jpg,enrollment,vid0_frame00225
Frentzen,C:\Users\main\Frentzen\Project\ISD\training_images_augmented_v2\Frentzen\aug_vid0_frame00225_photometric_0345.jpg,enrollment,vid0_frame00225
Frentzen,C:\Users\main\Frentzen\Project\ISD\training_images_augmented_v2\Frentzen\raw_vid0_frame00225.jpg,enrollment,vid0_frame00225
Frentzen,C:\Users\main\Frentzen\Project\ISD\training_images_augmented_v2\Frentzen\aug_vid0_frame00159_geometric_0064.jpg,enrollment,vid0_frame00159
Frentzen,C:\Users\main\Frentzen\Project\ISD\training_images_augmented_v2\Frentzen\aug_vid0_frame00159_occlusion_0198.jpg,enrollment,vid0_frame00159
Frentzen,C:\Users\main\Frentzen\Project\ISD\training_images_augmented_v2\Frentzen\aug_vid0_frame00159_photometric_0357.jpg,enrollment,vid0_frame00159
Frentzen,C:\Users\main\Frentzen\Project\ISD\training_images_augmented_v2\Frentzen\aug_vid0_frame00159_photometric_0403.jpg,enrollment,vid0_frame00159
Frentzen,C:\Users\main\Frentzen\Project\ISD\training_images_augmented_v2\Frentzen\raw_vid0_frame00159.jpg,enrollment,vid0_frame00159
Frentzen,C:\Users\main\Frentzen\Project\ISD\training_images_augmented_v2\Frentzen\aug_vid0_frame00438_geometric_0136.jpg,enrollment,vid0_frame00438
Frentzen,C:\Users\main\Frentzen\Project\ISD\training_images_augmented_v2\Frentzen\aug_vid0_frame00438_photometric_0447.jpg,enrollment,vid0_frame00438
Frentzen,C:\Users\main\Frentzen\Project\ISD\training_images_augmented_v2\Frentzen\raw_vid0_frame00438.jpg,enrollment,vid0_frame00438
Frentzen,C:\Users\main\Frentzen\Project\ISD\training_images_augmented_v2\Frentzen\aug_vid0_frame00108_geometric_0031.jpg,enrollment,vid0_frame00108
Frentzen,C:\Users\main\Frentzen\Project\ISD\training_images_augmented_v2\Frentzen\raw_vid0_frame00108.jpg,enrollment,vid0_frame00108
Frentzen,C:\Users\main\Frentzen\Project\ISD\training_images_augmented_v2\Frentzen\aug_vid0_frame00219_combined_0126.jpg,enrollment,vid0_frame00219
Frentzen,C:\Users\main\Frentzen\Project\ISD\training_images_augmented_v2\Frentzen\aug_vid0_frame00219_geometric_0354.jpg,enrollment,vid0_frame00219
Frentzen,C:\Users\main\Frentzen\Project\ISD\training_images_augmented_v2\Frentzen\aug_vid0_frame00219_photometric_0211.jpg,enrollment,vid0_frame00219
Frentzen,C:\Users\main\Frentzen\Project\ISD\training_images_augmented_v2\Frentzen\aug_vid0_frame00219_photometric_0226.jpg,enrollment,vid0_frame00219
Frentzen,C:\Users\main\Frentzen\Project\ISD\training_images_augmented_v2\Frentzen\raw_vid0_frame00219.jpg,enrollment,vid0_frame00219
Frentzen,C:\Users\main\Frentzen\Project\ISD\training_images_augmented_v2\Frentzen\aug_vid0_frame00111_combined_0381.jpg,enrollment,vid0_frame00111
Frentzen,C:\Users\main\Frentzen\Project\ISD\training_images_augmented_v2\Frentzen\aug_vid0_frame00111_occlusion_0412.jpg,enrollment,vid0_frame00111
Frentzen,C:\Users\main\Frentzen\Project\ISD\training_images_augmented_v2\Frentzen\raw_vid0_frame00111.jpg,enrollment,vid0_frame00111
Frentzen,C:\Users\main\Frentzen\Project\ISD\training_images_augmented_v2\Frentzen\aug_vid0_frame00381_combined_0213.jpg,enrollment,vid0_frame00381
Frentzen,C:\Users\main\Frentzen\Project\ISD\training_images_augmented_v2\Frentzen\aug_vid0_frame00381_photometric_0077.jpg,enrollment,vid0_frame00381
Frentzen,C:\Users\main\Frentzen\Project\ISD\training_images_augmented_v2\Frentzen\raw_vid0_frame00381.jpg,enrollment,vid0_frame00381
Frentzen,C:\Users\main\Frentzen\Project\ISD\training_images_augmented_v2\Frentzen\aug_vid0_frame00096_combined_0006.jpg,enrollment,vid0_frame00096
Frentzen,C:\Users\main\Frentzen\Project\ISD\training_images_augmented_v2\Frentzen\aug_vid0_frame00096_geometric_0157.jpg,enrollment,vid0_frame00096
Frentzen,C:\Users\main\Frentzen\Project\ISD\training_images_augmented_v2\Frentzen\aug_vid0_frame00096_geometric_0420.jpg,enrollment,vid0_frame00096
Frentzen,C:\Users\main\Frentzen\Project\ISD\training_images_augmented_v2\Frentzen\aug_vid0_frame00096_occlusion_0019.jpg,enrollment,vid0_frame00096
Frentzen,C:\Users\main\Frentzen\Project\ISD\training_images_augmented_v2\Frentzen\aug_vid0_frame00096_photometric_0265.jpg,enrollment,vid0_frame00096
Frentzen,C:\Users\main\Frentzen\Project\ISD\training_images_augmented_v2\Frentzen\aug_vid0_frame00096_photometric_0302.jpg,enrollment,vid0_frame00096
Frentzen,C:\Users\main\Frentzen\Project\ISD\training_images_augmented_v2\Frentzen\raw_vid0_frame00096.jpg,enrollment,vid0_frame00096
Frentzen,C:\Users\main\Frentzen\Project\ISD\training_images_augmented_v2\Frentzen\aug_vid0_frame00054_photometric_0085.jpg,enrollment,vid0_frame00054
Frentzen,C:\Users\main\Frentzen\Project\ISD\training_images_augmented_v2\Frentzen\aug_vid0_frame00054_photometric_0134.jpg,enrollment,vid0_frame00054
Frentzen,C:\Users\main\Frentzen\Project\ISD\training_images_augmented_v2\Frentzen\aug_vid0_frame00054_photometric_0374.jpg,enrollment,vid0_frame00054
Frentzen,C:\Users\main\Frentzen\Project\ISD\training_images_augmented_v2\Frentzen\aug_vid0_frame00054_photometric_0405.jpg,enrollment,vid0_frame00054
Frentzen,C:\Users\main\Frentzen\Project\ISD\training_images_augmented_v2\Frentzen\raw_vid0_frame00054.jpg,enrollment,vid0_frame00054
Frentzen,C:\Users\main\Frentzen\Project\ISD\training_images_augmented_v2\Frentzen\aug_vid0_frame00057_occlusion_0041.jpg,enrollment,vid0_frame00057
Frentzen,C:\Users\main\Frentzen\Project\ISD\training_images_augmented_v2\Frentzen\aug_vid0_frame00057_photometric_0080.jpg,enrollment,vid0_frame00057
Frentzen,C:\Users\main\Frentzen\Project\ISD\training_images_augmented_v2\Frentzen\aug_vid0_frame00057_photometric_0308.jpg,enrollment,vid0_frame00057
Frentzen,C:\Users\main\Frentzen\Project\ISD\training_images_augmented_v2\Frentzen\raw_vid0_frame00057.jpg,enrollment,vid0_frame00057
Frentzen,C:\Users\main\Frentzen\Project\ISD\training_images_augmented_v2\Frentzen\aug_vid0_frame00120_combined_0427.jpg,enrollment,vid0_frame00120
Frentzen,C:\Users\main\Frentzen\Project\ISD\training_images_augmented_v2\Frentzen\aug_vid0_frame00120_geometric_0023.jpg,enrollment,vid0_frame00120
Frentzen,C:\Users\main\Frentzen\Project\ISD\training_images_augmented_v2\Frentzen\aug_vid0_frame00120_geometric_0292.jpg,enrollment,vid0_frame00120
Frentzen,C:\Users\main\Frentzen\Project\ISD\training_images_augmented_v2\Frentzen\aug_vid0_frame00120_occlusion_0416.jpg,enrollment,vid0_frame00120
Frentzen,C:\Users\main\Frentzen\Project\ISD\training_images_augmented_v2\Frentzen\aug_vid0_frame00120_photometric_0428.jpg,enrollment,vid0_frame00120
Frentzen,C:\Users\main\Frentzen\Project\ISD\training_images_augmented_v2\Frentzen\raw_vid0_frame00120.jpg,enrollment,vid0_frame00120
Frentzen,C:\Users\main\Frentzen\Project\ISD\training_images_augmented_v2\Frentzen\aug_vid0_frame00069_geometric_0000.jpg,enrollment,vid0_frame00069
Frentzen,C:\Users\main\Frentzen\Project\ISD\training_images_augmented_v2\Frentzen\aug_vid0_frame00069_occlusion_0021.jpg,enrollment,vid0_frame00069
Frentzen,C:\Users\main\Frentzen\Project\ISD\training_images_augmented_v2\Frentzen\aug_vid0_frame00069_photometric_0267.jpg,enrollment,vid0_frame00069
Frentzen,C:\Users\main\Frentzen\Project\ISD\training_images_augmented_v2\Frentzen\raw_vid0_frame00069.jpg,enrollment,vid0_frame00069
Frentzen,C:\Users\main\Frentzen\Project\ISD\training_images_augmented_v2\Frentzen\aug_vid0_frame00195_geometric_0311.jpg,enrollment,vid0_frame00195
Frentzen,C:\Users\main\Frentzen\Project\ISD\training_images_augmented_v2\Frentzen\raw_vid0_frame00195.jpg,enrollment,vid0_frame00195
Frentzen,C:\Users\main\Frentzen\Project\ISD\training_images_augmented_v2\Frentzen\raw_vid0_frame00312.jpg,enrollment,vid0_frame00312
Frentzen,C:\Users\main\Frentzen\Project\ISD\training_images_augmented_v2\Frentzen\aug_vid0_frame00039_combined_0286.jpg,enrollment,vid0_frame00039
Frentzen,C:\Users\main\Frentzen\Project\ISD\training_images_augmented_v2\Frentzen\aug_vid0_frame00039_photometric_0177.jpg,enrollment,vid0_frame00039
Frentzen,C:\Users\main\Frentzen\Project\ISD\training_images_augmented_v2\Frentzen\aug_vid0_frame00039_photometric_0182.jpg,enrollment,vid0_frame00039
Frentzen,C:\Users\main\Frentzen\Project\ISD\training_images_augmented_v2\Frentzen\aug_vid0_frame00039_rain_0146.jpg,enrollment,vid0_frame00039
Frentzen,C:\Users\main\Frentzen\Project\ISD\training_images_augmented_v2\Frentzen\raw_vid0_frame00039.jpg,enrollment,vid0_frame00039
Frentzen,C:\Users\main\Frentzen\Project\ISD\training_images_augmented_v2\Frentzen\aug_vid0_frame00015_geometric_0442.jpg,enrollment,vid0_frame00015
Frentzen,C:\Users\main\Frentzen\Project\ISD\training_images_augmented_v2\Frentzen\aug_vid0_frame00015_photometric_0370.jpg,enrollment,vid0_frame00015
Frentzen,C:\Users\main\Frentzen\Project\ISD\training_images_augmented_v2\Frentzen\raw_vid0_frame00015.jpg,enrollment,vid0_frame00015
Frentzen,C:\Users\main\Frentzen\Project\ISD\training_images_augmented_v2\Frentzen\aug_vid0_frame00336_combined_0418.jpg,enrollment,vid0_frame00336
Frentzen,C:\Users\main\Frentzen\Project\ISD\training_images_augmented_v2\Frentzen\aug_vid0_frame00336_photometric_0346.jpg,enrollment,vid0_frame00336
Frentzen,C:\Users\main\Frentzen\Project\ISD\training_images_augmented_v2\Frentzen\raw_vid0_frame00336.jpg,enrollment,vid0_frame00336
Frentzen,C:\Users\main\Frentzen\Project\ISD\training_images_augmented_v2\Frentzen\aug_vid0_frame00363_combined_0055.jpg,enrollment,vid0_frame00363
Frentzen,C:\Users\main\Frentzen\Project\ISD\training_images_augmented_v2\Frentzen\aug_vid0_frame00363_fog_0222.jpg,enrollment,vid0_frame00363
Frentzen,C:\Users\main\Frentzen\Project\ISD\training_images_augmented_v2\Frentzen\aug_vid0_frame00363_geometric_0107.jpg,enrollment,vid0_frame00363
Frentzen,C:\Users\main\Frentzen\Project\ISD\training_images_augmented_v2\Frentzen\aug_vid0_frame00363_occlusion_0337.jpg,enrollment,vid0_frame00363
Frentzen,C:\Users\main\Frentzen\Project\ISD\training_images_augmented_v2\Frentzen\aug_vid0_frame00363_photometric_0294.jpg,enrollment,vid0_frame00363
Frentzen,C:\Users\main\Frentzen\Project\ISD\training_images_augmented_v2\Frentzen\aug_vid0_frame00363_photometric_0366.jpg,enrollment,vid0_frame00363
Frentzen,C:\Users\main\Frentzen\Project\ISD\training_images_augmented_v2\Frentzen\aug_vid0_frame00363_rain_0373.jpg,enrollment,vid0_frame00363
Frentzen,C:\Users\main\Frentzen\Project\ISD\training_images_augmented_v2\Frentzen\raw_vid0_frame00363.jpg,enrollment,vid0_frame00363
Frentzen,C:\Users\main\Frentzen\Project\ISD\training_images_augmented_v2\Frentzen\aug_vid0_frame00405_combined_0196.jpg,enrollment,vid0_frame00405
Frentzen,C:\Users\main\Frentzen\Project\ISD\training_images_augmented_v2\Frentzen\aug_vid0_frame00405_geometric_0272.jpg,enrollment,vid0_frame00405
Frentzen,C:\Users\main\Frentzen\Project\ISD\training_images_augmented_v2\Frentzen\aug_vid0_frame00405_geometric_0445.jpg,enrollment,vid0_frame00405
Frentzen,C:\Users\main\Frentzen\Project\ISD\training_images_augmented_v2\Frentzen\aug_vid0_frame00405_snow_0320.jpg,enrollment,vid0_frame00405
Frentzen,C:\Users\main\Frentzen\Project\ISD\training_images_augmented_v2\Frentzen\raw_vid0_frame00405.jpg,enrollment,vid0_frame00405
Frentzen,C:\Users\main\Frentzen\Project\ISD\training_images_augmented_v2\Frentzen\aug_vid0_frame00072_combined_0119.jpg,enrollment,vid0_frame00072
Frentzen,C:\Users\main\Frentzen\Project\ISD\training_images_augmented_v2\Frentzen\aug_vid0_frame00072_geometric_0052.jpg,enrollment,vid0_frame00072
Frentzen,C:\Users\main\Frentzen\Project\ISD\training_images_augmented_v2\Frentzen\aug_vid0_frame00072_geometric_0380.jpg,enrollment,vid0_frame00072
Frentzen,C:\Users\main\Frentzen\Project\ISD\training_images_augmented_v2\Frentzen\aug_vid0_frame00072_photometric_0216.jpg,enrollment,vid0_frame00072
Frentzen,C:\Users\main\Frentzen\Project\ISD\training_images_augmented_v2\Frentzen\aug_vid0_frame00072_rain_0274.jpg,enrollment,vid0_frame00072
Frentzen,C:\Users\main\Frentzen\Project\ISD\training_images_augmented_v2\Frentzen\raw_vid0_frame00072.jpg,enrollment,vid0_frame00072
Frentzen,C:\Users\main\Frentzen\Project\ISD\training_images_augmented_v2\Frentzen\aug_vid0_frame00060_combined_0083.jpg,enrollment,vid0_frame00060
Frentzen,C:\Users\main\Frentzen\Project\ISD\training_images_augmented_v2\Frentzen\raw_vid0_frame00060.jpg,enrollment,vid0_frame00060
Frentzen,C:\Users\main\Frentzen\Project\ISD\training_images_augmented_v2\Frentzen\aug_vid0_frame00003_fog_0111.jpg,enrollment,vid0_frame00003
Frentzen,C:\Users\main\Frentzen\Project\ISD\training_images_augmented_v2\Frentzen\aug_vid0_frame00003_geometric_0128.jpg,enrollment,vid0_frame00003
Frentzen,C:\Users\main\Frentzen\Project\ISD\training_images_augmented_v2\Frentzen\aug_vid0_frame00003_rain_0291.jpg,enrollment,vid0_frame00003
Frentzen,C:\Users\main\Frentzen\Project\ISD\training_images_augmented_v2\Frentzen\aug_vid0_frame00003_snow_0258.jpg,enrollment,vid0_frame00003
Frentzen,C:\Users\main\Frentzen\Project\ISD\training_images_augmented_v2\Frentzen\raw_vid0_frame00003.jpg,enrollment,vid0_frame00003
Frentzen,C:\Users\main\Frentzen\Project\ISD\training_images_augmented_v2\Frentzen\aug_vid0_frame00318_combined_0125.jpg,enrollment,vid0_frame00318
Frentzen,C:\Users\main\Frentzen\Project\ISD\training_images_augmented_v2\Frentzen\aug_vid0_frame00318_combined_0257.jpg,enrollment,vid0_frame00318
Frentzen,C:\Users\main\Frentzen\Project\ISD\training_images_augmented_v2\Frentzen\aug_vid0_frame00318_combined_0430.jpg,enrollment,vid0_frame00318
Frentzen,C:\Users\main\Frentzen\Project\ISD\training_images_augmented_v2\Frentzen\aug_vid0_frame00318_fog_0131.jpg,enrollment,vid0_frame00318
Frentzen,C:\Users\main\Frentzen\Project\ISD\training_images_augmented_v2\Frentzen\aug_vid0_frame00318_fog_0388.jpg,enrollment,vid0_frame00318
Frentzen,C:\Users\main\Frentzen\Project\ISD\training_images_augmented_v2\Frentzen\aug_vid0_frame00318_snow_0015.jpg,enrollment,vid0_frame00318
Frentzen,C:\Users\main\Frentzen\Project\ISD\training_images_augmented_v2\Frentzen\raw_vid0_frame00318.jpg,enrollment,vid0_frame00318
Frentzen,C:\Users\main\Frentzen\Project\ISD\training_images_augmented_v2\Frentzen\aug_vid0_frame00192_fog_0191.jpg,enrollment,vid0_frame00192
Frentzen,C:\Users\main\Frentzen\Project\ISD\training_images_augmented_v2\Frentzen\aug_vid0_frame00192_photometric_0088.jpg,enrollment,vid0_frame00192
Frentzen,C:\Users\main\Frentzen\Project\ISD\training_images_augmented_v2\Frentzen\aug_vid0_frame00192_photometric_0340.jpg,enrollment,vid0_frame00192
Frentzen,C:\Users\main\Frentzen\Project\ISD\training_images_augmented_v2\Frentzen\raw_vid0_frame00192.jpg,enrollment,vid0_frame00192
Frentzen,C:\Users\main\Frentzen\Project\ISD\training_images_augmented_v2\Frentzen\aug_vid0_frame00165_geometric_0263.jpg,enrollment,vid0_frame00165
Frentzen,C:\Users\main\Frentzen\Project\ISD\training_images_augmented_v2\Frentzen\aug_vid0_frame00165_geometric_0393.jpg,enrollment,vid0_frame00165
Frentzen,C:\Users\main\Frentzen\Project\ISD\training_images_augmented_v2\Frentzen\raw_vid0_frame00165.jpg,enrollment,vid0_frame00165
Frentzen,C:\Users\main\Frentzen\Project\ISD\training_images_augmented_v2\Frentzen\aug_vid0_frame00396_fog_0429.jpg,enrollment,vid0_frame00396
Frentzen,C:\Users\main\Frentzen\Project\ISD\training_images_augmented_v2\Frentzen\aug_vid0_frame00396_geometric_0287.jpg,enrollment,vid0_frame00396
Frentzen,C:\Users\main\Frentzen\Project\ISD\training_images_augmented_v2\Frentzen\aug_vid0_frame00396_occlusion_0260.jpg,enrollment,vid0_frame00396
Frentzen,C:\Users\main\Frentzen\Project\ISD\training_images_augmented_v2\Frentzen\aug_vid0_frame00396_photometric_0058.jpg,enrollment,vid0_frame00396
Frentzen,C:\Users\main\Frentzen\Project\ISD\training_images_augmented_v2\Frentzen\aug_vid0_frame00396_photometric_0072.jpg,enrollment,vid0_frame00396
Frentzen,C:\Users\main\Frentzen\Project\ISD\training_images_augmented_v2\Frentzen\raw_vid0_frame00396.jpg,enrollment,vid0_frame00396
Frentzen,C:\Users\main\Frentzen\Project\ISD\training_images_augmented_v2\Frentzen\aug_vid0_frame00393_combined_0074.jpg,enrollment,vid0_frame00393
Frentzen,C:\Users\main\Frentzen\Project\ISD\training_images_augmented_v2\Frentzen\aug_vid0_frame00393_photometric_0446.jpg,enrollment,vid0_frame00393
Frentzen,C:\Users\main\Frentzen\Project\ISD\training_images_augmented_v2\Frentzen\aug_vid0_frame00393_rain_0228.jpg,enrollment,vid0_frame00393
Frentzen,C:\Users\main\Frentzen\Project\ISD\training_images_augmented_v2\Frentzen\raw_vid0_frame00393.jpg,enrollment,vid0_frame00393
Frentzen,C:\Users\main\Frentzen\Project\ISD\training_images_augmented_v2\Frentzen\aug_vid0_frame00339_combined_0042.jpg,enrollment,vid0_frame00339
Frentzen,C:\Users\main\Frentzen\Project\ISD\training_images_augmented_v2\Frentzen\aug_vid0_frame00339_combined_0223.jpg,enrollment,vid0_frame00339
Frentzen,C:\Users\main\Frentzen\Project\ISD\training_images_augmented_v2\Frentzen\aug_vid0_frame00339_geometric_0079.jpg,enrollment,vid0_frame00339
Frentzen,C:\Users\main\Frentzen\Project\ISD\training_images_augmented_v2\Frentzen\aug_vid0_frame00339_geometric_0150.jpg,enrollment,vid0_frame00339
Frentzen,C:\Users\main\Frentzen\Project\ISD\training_images_augmented_v2\Frentzen\aug_vid0_frame00339_occlusion_0246.jpg,enrollment,vid0_frame00339
Frentzen,C:\Users\main\Frentzen\Project\ISD\training_images_augmented_v2\Frentzen\aug_vid0_frame00339_photometric_0408.jpg,enrollment,vid0_frame00339
Frentzen,C:\Users\main\Frentzen\Project\ISD\training_images_augmented_v2\Frentzen\raw_vid0_frame00339.jpg,enrollment,vid0_frame00339
Frentzen,C:\Users\main\Frentzen\Project\ISD\training_images_augmented_v2\Frentzen\raw_vid0_frame00207.jpg,enrollment,vid0_frame00207
Frentzen,C:\Users\main\Frentzen\Project\ISD\training_images_augmented_v2\Frentzen\raw_vid0_frame00408.jpg,enrollment,vid0_frame00408
Frentzen,C:\Users\main\Frentzen\Project\ISD\training_images_augmented_v2\Frentzen\aug_vid0_frame00051_geometric_0280.jpg,enrollment,vid0_frame00051
Frentzen,C:\Users\main\Frentzen\Project\ISD\training_images_augmented_v2\Frentzen\aug_vid0_frame00051_photometric_0104.jpg,enrollment,vid0_frame00051
Frentzen,C:\Users\main\Frentzen\Project\ISD\training_images_augmented_v2\Frentzen\aug_vid0_frame00051_snow_0300.jpg,enrollment,vid0_frame00051
Frentzen,C:\Users\main\Frentzen\Project\ISD\training_images_augmented_v2\Frentzen\raw_vid0_frame00051.jpg,enrollment,vid0_frame00051
Frentzen,C:\Users\main\Frentzen\Project\ISD\training_images_augmented_v2\Frentzen\aug_vid0_frame00033_combined_0313.jpg,enrollment,vid0_frame00033
Frentzen,C:\Users\main\Frentzen\Project\ISD\training_images_augmented_v2\Frentzen\aug_vid0_frame00033_fog_0148.jpg,enrollment,vid0_frame00033
Frentzen,C:\Users\main\Frentzen\Project\ISD\training_images_augmented_v2\Frentzen\aug_vid0_frame00033_photometric_0121.jpg,enrollment,vid0_frame00033
Frentzen,C:\Users\main\Frentzen\Project\ISD\training_images_augmented_v2\Frentzen\raw_vid0_frame00033.jpg,enrollment,vid0_frame00033
Frentzen,C:\Users\main\Frentzen\Project\ISD\training_images_augmented_v2\Frentzen\aug_vid0_frame00156_geometric_0105.jpg,enrollment,vid0_frame00156
Frentzen,C:\Users\main\Frentzen\Project\ISD\training_images_augmented_v2\Frentzen\aug_vid0_frame00156_photometric_0106.jpg,enrollment,vid0_frame00156
Frentzen,C:\Users\main\Frentzen\Project\ISD\training_images_augmented_v2\Frentzen\aug_vid0_frame00156_photometric_0317.jpg,enrollment,vid0_frame00156
Frentzen,C:\Users\main\Frentzen\Project\ISD\training_images_augmented_v2\Frentzen\aug_vid0_frame00156_rain_0342.jpg,enrollment,vid0_frame00156
Frentzen,C:\Users\main\Frentzen\Project\ISD\training_images_augmented_v2\Frentzen\aug_vid0_frame00156_snow_0017.jpg,enrollment,vid0_frame00156
Frentzen,C:\Users\main\Frentzen\Project\ISD\training_images_augmented_v2\Frentzen\raw_vid0_frame00156.jpg,enrollment,vid0_frame00156
Frentzen,C:\Users\main\Frentzen\Project\ISD\training_images_augmented_v2\Frentzen\aug_vid0_frame00228_rain_0007.jpg,enrollment,vid0_frame00228
Frentzen,C:\Users\main\Frentzen\Project\ISD\training_images_augmented_v2\Frentzen\raw_vid0_frame00228.jpg,enrollment,vid0_frame00228
Frentzen,C:\Users\main\Frentzen\Project\ISD\training_images_augmented_v2\Frentzen\aug_vid0_frame00246_combined_0059.jpg,enrollment,vid0_frame00246
Frentzen,C:\Users\main\Frentzen\Project\ISD\training_images_augmented_v2\Frentzen\aug_vid0_frame00246_geometric_0144.jpg,enrollment,vid0_frame00246
Frentzen,C:\Users\main\Frentzen\Project\ISD\training_images_augmented_v2\Frentzen\aug_vid0_frame00246_geometric_0188.jpg,enrollment,vid0_frame00246
Frentzen,C:\Users\main\Frentzen\Project\ISD\training_images_augmented_v2\Frentzen\aug_vid0_frame00246_geometric_0425.jpg,enrollment,vid0_frame00246
Frentzen,C:\Users\main\Frentzen\Project\ISD\training_images_augmented_v2\Frentzen\aug_vid0_frame00246_rain_0283.jpg,enrollment,vid0_frame00246
Frentzen,C:\Users\main\Frentzen\Project\ISD\training_images_augmented_v2\Frentzen\raw_vid0_frame00246.jpg,enrollment,vid0_frame00246
Frentzen,C:\Users\main\Frentzen\Project\ISD\training_images_augmented_v2\Frentzen\aug_vid0_frame00102_photometric_0205.jpg,enrollment,vid0_frame00102
Frentzen,C:\Users\main\Frentzen\Project\ISD\training_images_augmented_v2\Frentzen\raw_vid0_frame00102.jpg,enrollment,vid0_frame00102
Frentzen,C:\Users\main\Frentzen\Project\ISD\training_images_augmented_v2\Frentzen\aug_vid0_frame00114_geometric_0172.jpg,enrollment,vid0_frame00114
Frentzen,C:\Users\main\Frentzen\Project\ISD\training_images_augmented_v2\Frentzen\raw_vid0_frame00114.jpg,enrollment,vid0_frame00114
Frentzen,C:\Users\main\Frentzen\Project\ISD\training_images_augmented_v2\Frentzen\aug_vid0_frame00177_fog_0295.jpg,enrollment,vid0_frame00177
Frentzen,C:\Users\main\Frentzen\Project\ISD\training_images_augmented_v2\Frentzen\aug_vid0_frame00177_geometric_0179.jpg,enrollment,vid0_frame00177
Frentzen,C:\Users\main\Frentzen\Project\ISD\training_images_augmented_v2\Frentzen\aug_vid0_frame00177_photometric_0097.jpg,enrollment,vid0_frame00177
Frentzen,C:\Users\main\Frentzen\Project\ISD\training_images_augmented_v2\Frentzen\aug_vid0_frame00177_photometric_0330.jpg,enrollment,vid0_frame00177
Frentzen,C:\Users\main\Frentzen\Project\ISD\training_images_augmented_v2\Frentzen\raw_vid0_frame00177.jpg,enrollment,vid0_frame00177
Frentzen,C:\Users\main\Frentzen\Project\ISD\training_images_augmented_v2\Frentzen\aug_vid0_frame00276_combined_0195.jpg,enrollment,vid0_frame00276
Frentzen,C:\Users\main\Frentzen\Project\ISD\training_images_augmented_v2\Frentzen\aug_vid0_frame00276_photometric_0440.jpg,enrollment,vid0_frame00276
Frentzen,C:\Users\main\Frentzen\Project\ISD\training_images_augmented_v2\Frentzen\aug_vid0_frame00276_snow_0145.jpg,enrollment,vid0_frame00276
Frentzen,C:\Users\main\Frentzen\Project\ISD\training_images_augmented_v2\Frentzen\raw_vid0_frame00276.jpg,enrollment,vid0_frame00276
Frentzen,C:\Users\main\Frentzen\Project\ISD\training_images_augmented_v2\Frentzen\aug_vid0_frame00132_combined_0297.jpg,enrollment,vid0_frame00132
Frentzen,C:\Users\main\Frentzen\Project\ISD\training_images_augmented_v2\Frentzen\aug_vid0_frame00132_geometric_0379.jpg,enrollment,vid0_frame00132
Frentzen,C:\Users\main\Frentzen\Project\ISD\training_images_augmented_v2\Frentzen\raw_vid0_frame00132.jpg,enrollment,vid0_frame00132
Frentzen,C:\Users\main\Frentzen\Project\ISD\training_images_augmented_v2\Frentzen\aug_vid0_frame00342_combined_0437.jpg,enrollment,vid0_frame00342
Frentzen,C:\Users\main\Frentzen\Project\ISD\training_images_augmented_v2\Frentzen\raw_vid0_frame00342.jpg,enrollment,vid0_frame00342
Frentzen,C:\Users\main\Frentzen\Project\ISD\training_images_augmented_v2\Frentzen\aug_vid0_frame00306_combined_0112.jpg,enrollment,vid0_frame00306
Frentzen,C:\Users\main\Frentzen\Project\ISD\training_images_augmented_v2\Frentzen\aug_vid0_frame00306_occlusion_0154.jpg,enrollment,vid0_frame00306
Frentzen,C:\Users\main\Frentzen\Project\ISD\training_images_augmented_v2\Frentzen\aug_vid0_frame00306_photometric_0010.jpg,enrollment,vid0_frame00306
Frentzen,C:\Users\main\Frentzen\Project\ISD\training_images_augmented_v2\Frentzen\aug_vid0_frame00306_snow_0271.jpg,enrollment,vid0_frame00306
Frentzen,C:\Users\main\Frentzen\Project\ISD\training_images_augmented_v2\Frentzen\raw_vid0_frame00306.jpg,enrollment,vid0_frame00306
Frentzen,C:\Users\main\Frentzen\Project\ISD\training_images_augmented_v2\Frentzen\aug_vid0_frame00144_combined_0422.jpg,enrollment,vid0_frame00144
Frentzen,C:\Users\main\Frentzen\Project\ISD\training_images_augmented_v2\Frentzen\aug_vid0_frame00144_fog_0171.jpg,enrollment,vid0_frame00144
Frentzen,C:\Users\main\Frentzen\Project\ISD\training_images_augmented_v2\Frentzen\raw_vid0_frame00144.jpg,enrollment,vid0_frame00144
Frentzen,C:\Users\main\Frentzen\Project\ISD\training_images_augmented_v2\Frentzen\aug_vid0_frame00411_geometric_0040.jpg,enrollment,vid0_frame00411
Frentzen,C:\Users\main\Frentzen\Project\ISD\training_images_augmented_v2\Frentzen\aug_vid0_frame00411_geometric_0391.jpg,enrollment,vid0_frame00411
Frentzen,C:\Users\main\Frentzen\Project\ISD\training_images_augmented_v2\Frentzen\aug_vid0_frame00411_occlusion_0352.jpg,enrollment,vid0_frame00411
Frentzen,C:\Users\main\Frentzen\Project\ISD\training_images_augmented_v2\Frentzen\aug_vid0_frame00411_photometric_0018.jpg,enrollment,vid0_frame00411
Frentzen,C:\Users\main\Frentzen\Project\ISD\training_images_augmented_v2\Frentzen\raw_vid0_frame00411.jpg,enrollment,vid0_frame00411
Frentzen,C:\Users\main\Frentzen\Project\ISD\training_images_augmented_v2\Frentzen\aug_vid0_frame00147_combined_0117.jpg,enrollment,vid0_frame00147
Frentzen,C:\Users\main\Frentzen\Project\ISD\training_images_augmented_v2\Frentzen\raw_vid0_frame00147.jpg,enrollment,vid0_frame00147
Frentzen,C:\Users\main\Frentzen\Project\ISD\training_images_augmented_v2\Frentzen\aug_vid0_frame00444_combined_0424.jpg,enrollment,vid0_frame00444
Frentzen,C:\Users\main\Frentzen\Project\ISD\training_images_augmented_v2\Frentzen\raw_vid0_frame00444.jpg,enrollment,vid0_frame00444
Frentzen,C:\Users\main\Frentzen\Project\ISD\training_images_augmented_v2\Frentzen\aug_vid0_frame00447_fog_0108.jpg,enrollment,vid0_frame00447
Frentzen,C:\Users\main\Frentzen\Project\ISD\training_images_augmented_v2\Frentzen\aug_vid0_frame00447_fog_0329.jpg,enrollment,vid0_frame00447
Frentzen,C:\Users\main\Frentzen\Project\ISD\training_images_augmented_v2\Frentzen\raw_vid0_frame00447.jpg,enrollment,vid0_frame00447
Frentzen,C:\Users\main\Frentzen\Project\ISD\training_images_augmented_v2\Frentzen\aug_vid0_frame00009_combined_0193.jpg,enrollment,vid0_frame00009
Frentzen,C:\Users\main\Frentzen\Project\ISD\training_images_augmented_v2\Frentzen\aug_vid0_frame00009_photometric_0116.jpg,enrollment,vid0_frame00009
Frentzen,C:\Users\main\Frentzen\Project\ISD\training_images_augmented_v2\Frentzen\raw_vid0_frame00009.jpg,enrollment,vid0_frame00009
Frentzen,C:\Users\main\Frentzen\Project\ISD\training_images_augmented_v2\Frentzen\aug_vid0_frame00138_snow_0326.jpg,enrollment,vid0_frame00138
Frentzen,C:\Users\main\Frentzen\Project\ISD\training_images_augmented_v2\Frentzen\raw_vid0_frame00138.jpg,enrollment,vid0_frame00138
Frentzen,C:\Users\main\Frentzen\Project\ISD\training_images_augmented_v2\Frentzen\aug_vid0_frame00249_combined_0449.jpg,enrollment,vid0_frame00249
Frentzen,C:\Users\main\Frentzen\Project\ISD\training_images_augmented_v2\Frentzen\aug_vid0_frame00249_geometric_0035.jpg,enrollment,vid0_frame00249
Frentzen,C:\Users\main\Frentzen\Project\ISD\training_images_augmented_v2\Frentzen\raw_vid0_frame00249.jpg,enrollment,vid0_frame00249
Frentzen,C:\Users\main\Frentzen\Project\ISD\training_images_augmented_v2\Frentzen\aug_vid0_frame00180_combined_0197.jpg,enrollment,vid0_frame00180
Frentzen,C:\Users\main\Frentzen\Project\ISD\training_images_augmented_v2\Frentzen\aug_vid0_frame00180_geometric_0159.jpg,enrollment,vid0_frame00180
Frentzen,C:\Users\main\Frentzen\Project\ISD\training_images_augmented_v2\Frentzen\aug_vid0_frame00180_geometric_0296.jpg,enrollment,vid0_frame00180
Frentzen,C:\Users\main\Frentzen\Project\ISD\training_images_augmented_v2\Frentzen\aug_vid0_frame00180_photometric_0066.jpg,enrollment,vid0_frame00180
Frentzen,C:\Users\main\Frentzen\Project\ISD\training_images_augmented_v2\Frentzen\raw_vid0_frame00180.jpg,enrollment,vid0_frame00180
Frentzen,C:\Users\main\Frentzen\Project\ISD\training_images_augmented_v2\Frentzen\aug_vid0_frame00330_photometric_0076.jpg,enrollment,vid0_frame00330
Frentzen,C:\Users\main\Frentzen\Project\ISD\training_images_augmented_v2\Frentzen\aug_vid0_frame00330_rain_0053.jpg,enrollment,vid0_frame00330
Frentzen,C:\Users\main\Frentzen\Project\ISD\training_images_augmented_v2\Frentzen\aug_vid0_frame00330_snow_0382.jpg,enrollment,vid0_frame00330
Frentzen,C:\Users\main\Frentzen\Project\ISD\training_images_augmented_v2\Frentzen\raw_vid0_frame00330.jpg,enrollment,vid0_frame00330
Frentzen,C:\Users\main\Frentzen\Project\ISD\training_images_augmented_v2\Frentzen\aug_vid0_frame00066_snow_0199.jpg,enrollment,vid0_frame00066
Frentzen,C:\Users\main\Frentzen\Project\ISD\training_images_augmented_v2\Frentzen\raw_vid0_frame00066.jpg,enrollment,vid0_frame00066
Frentzen,C:\Users\main\Frentzen\Project\ISD\training_images_augmented_v2\Frentzen\aug_vid0_frame00360_fog_0251.jpg,enrollment,vid0_frame00360
Frentzen,C:\Users\main\Frentzen\Project\ISD\training_images_augmented_v2\Frentzen\aug_vid0_frame00360_photometric_0189.jpg,enrollment,vid0_frame00360
Frentzen,C:\Users\main\Frentzen\Project\ISD\training_images_augmented_v2\Frentzen\raw_vid0_frame00360.jpg,enrollment,vid0_frame00360
Frentzen,C:\Users\main\Frentzen\Project\ISD\training_images_augmented_v2\Frentzen\aug_vid0_frame00420_photometric_0204.jpg,enrollment,vid0_frame00420
Frentzen,C:\Users\main\Frentzen\Project\ISD\training_images_augmented_v2\Frentzen\raw_vid0_frame00420.jpg,enrollment,vid0_frame00420
Frentzen,C:\Users\main\Frentzen\Project\ISD\training_images_augmented_v2\Frentzen\aug_vid0_frame00279_geometric_0229.jpg,enrollment,vid0_frame00279
Frentzen,C:\Users\main\Frentzen\Project\ISD\training_images_augmented_v2\Frentzen\aug_vid0_frame00279_geometric_0262.jpg,enrollment,vid0_frame00279
Frentzen,C:\Users\main\Frentzen\Project\ISD\training_images_augmented_v2\Frentzen\aug_vid0_frame00279_photometric_0278.jpg,enrollment,vid0_frame00279
Frentzen,C:\Users\main\Frentzen\Project\ISD\training_images_augmented_v2\Frentzen\aug_vid0_frame00279_photometric_0348.jpg,enrollment,vid0_frame00279
Frentzen,C:\Users\main\Frentzen\Project\ISD\training_images_augmented_v2\Frentzen\aug_vid0_frame00279_photometric_0400.jpg,enrollment,vid0_frame00279
Frentzen,C:\Users\main\Frentzen\Project\ISD\training_images_augmented_v2\Frentzen\raw_vid0_frame00279.jpg,enrollment,vid0_frame00279
Frentzen,C:\Users\main\Frentzen\Project\ISD\training_images_augmented_v2\Frentzen\aug_vid0_frame00018_geometric_0375.jpg,enrollment,vid0_frame00018
Frentzen,C:\Users\main\Frentzen\Project\ISD\training_images_augmented_v2\Frentzen\aug_vid0_frame00018_geometric_0413.jpg,enrollment,vid0_frame00018
Frentzen,C:\Users\main\Frentzen\Project\ISD\training_images_augmented_v2\Frentzen\raw_vid0_frame00018.jpg,enrollment,vid0_frame00018
Frentzen,C:\Users\main\Frentzen\Project\ISD\training_images_augmented_v2\Frentzen\aug_vid0_frame00036_geometric_0186.jpg,enrollment,vid0_frame00036
Frentzen,C:\Users\main\Frentzen\Project\ISD\training_images_augmented_v2\Frentzen\raw_vid0_frame00036.jpg,enrollment,vid0_frame00036
Frentzen,C:\Users\main\Frentzen\Project\ISD\training_images_augmented_v2\Frentzen\aug_vid0_frame00078_combined_0169.jpg,enrollment,vid0_frame00078
Frentzen,C:\Users\main\Frentzen\Project\ISD\training_images_augmented_v2\Frentzen\aug_vid0_frame00078_combined_0364.jpg,enrollment,vid0_frame00078
Frentzen,C:\Users\main\Frentzen\Project\ISD\training_images_augmented_v2\Frentzen\aug_vid0_frame00078_geometric_0242.jpg,enrollment,vid0_frame00078
Frentzen,C:\Users\main\Frentzen\Project\ISD\training_images_augmented_v2\Frentzen\aug_vid0_frame00078_photometric_0212.jpg,enrollment,vid0_frame00078
Frentzen,C:\Users\main\Frentzen\Project\ISD\training_images_augmented_v2\Frentzen\raw_vid0_frame00078.jpg,enrollment,vid0_frame00078
Frentzen,C:\Users\main\Frentzen\Project\ISD\training_images_augmented_v2\Frentzen\aug_vid0_frame00321_geometric_0032.jpg,enrollment,vid0_frame00321
Frentzen,C:\Users\main\Frentzen\Project\ISD\training_images_augmented_v2\Frentzen\aug_vid0_frame00321_geometric_0248.jpg,enrollment,vid0_frame00321
Frentzen,C:\Users\main\Frentzen\Project\ISD\training_images_augmented_v2\Frentzen\aug_vid0_frame00321_photometric_0103.jpg,enrollment,vid0_frame00321
Frentzen,C:\Users\main\Frentzen\Project\ISD\training_images_augmented_v2\Frentzen\aug_vid0_frame00321_snow_0299.jpg,enrollment,vid0_frame00321
Frentzen,C:\Users\main\Frentzen\Project\ISD\training_images_augmented_v2\Frentzen\raw_vid0_frame00321.jpg,enrollment,vid0_frame00321
Frentzen,C:\Users\main\Frentzen\Project\ISD\training_images_augmented_v2\Frentzen\aug_vid0_frame00324_occlusion_0013.jpg,enrollment,vid0_frame00324
Frentzen,C:\Users\main\Frentzen\Project\ISD\training_images_augmented_v2\Frentzen\raw_vid0_frame00324.jpg,enrollment,vid0_frame00324
Frentzen,C:\Users\main\Frentzen\Project\ISD\training_images_augmented_v2\Frentzen\aug_vid0_frame00453_combined_0063.jpg,enrollment,vid0_frame00453
Frentzen,C:\Users\main\Frentzen\Project\ISD\training_images_augmented_v2\Frentzen\aug_vid0_frame00453_combined_0285.jpg,enrollment,vid0_frame00453
Frentzen,C:\Users\main\Frentzen\Project\ISD\training_images_augmented_v2\Frentzen\aug_vid0_frame00453_geometric_0073.jpg,enrollment,vid0_frame00453
Frentzen,C:\Users\main\Frentzen\Project\ISD\training_images_augmented_v2\Frentzen\aug_vid0_frame00453_geometric_0324.jpg,enrollment,vid0_frame00453
Frentzen,C:\Users\main\Frentzen\Project\ISD\training_images_augmented_v2\Frentzen\aug_vid0_frame00453_geometric_0386.jpg,enrollment,vid0_frame00453
Frentzen,C:\Users\main\Frentzen\Project\ISD\training_images_augmented_v2\Frentzen\aug_vid0_frame00453_photometric_0351.jpg,enrollment,vid0_frame00453
Frentzen,C:\Users\main\Frentzen\Project\ISD\training_images_augmented_v2\Frentzen\raw_vid0_frame00453.jpg,enrollment,vid0_frame00453
Frentzen,C:\Users\main\Frentzen\Project\ISD\training_images_augmented_v2\Frentzen\aug_vid0_frame00315_combined_0142.jpg,enrollment,vid0_frame00315
Frentzen,C:\Users\main\Frentzen\Project\ISD\training_images_augmented_v2\Frentzen\aug_vid0_frame00315_geometric_0244.jpg,enrollment,vid0_frame00315
Frentzen,C:\Users\main\Frentzen\Project\ISD\training_images_augmented_v2\Frentzen\aug_vid0_frame00315_photometric_0101.jpg,enrollment,vid0_frame00315
Frentzen,C:\Users\main\Frentzen\Project\ISD\training_images_augmented_v2\Frentzen\aug_vid0_frame00315_photometric_0443.jpg,enrollment,vid0_frame00315
Frentzen,C:\Users\main\Frentzen\Project\ISD\training_images_augmented_v2\Frentzen\aug_vid0_frame00315_snow_0038.jpg,enrollment,vid0_frame00315
Frentzen,C:\Users\main\Frentzen\Project\ISD\training_images_augmented_v2\Frentzen\raw_vid0_frame00315.jpg,enrollment,vid0_frame00315
Frentzen,C:\Users\main\Frentzen\Project\ISD\training_images_augmented_v2\Frentzen\aug_vid0_frame00348_combined_0275.jpg,enrollment,vid0_frame00348
Frentzen,C:\Users\main\Frentzen\Project\ISD\training_images_augmented_v2\Frentzen\aug_vid0_frame00348_occlusion_0249.jpg,enrollment,vid0_frame00348
Frentzen,C:\Users\main\Frentzen\Project\ISD\training_images_augmented_v2\Frentzen\aug_vid0_frame00348_occlusion_0371.jpg,enrollment,vid0_frame00348
Frentzen,C:\Users\main\Frentzen\Project\ISD\training_images_augmented_v2\Frentzen\aug_vid0_frame00348_photometric_0232.jpg,enrollment,vid0_frame00348
Frentzen,C:\Users\main\Frentzen\Project\ISD\training_images_augmented_v2\Frentzen\raw_vid0_frame00348.jpg,enrollment,vid0_frame00348
Frentzen,C:\Users\main\Frentzen\Project\ISD\training_images_augmented_v2\Frentzen\aug_vid0_frame00354_photometric_0252.jpg,enrollment,vid0_frame00354
Frentzen,C:\Users\main\Frentzen\Project\ISD\training_images_augmented_v2\Frentzen\raw_vid0_frame00354.jpg,enrollment,vid0_frame00354
Frentzen,C:\Users\main\Frentzen\Project\ISD\training_images_augmented_v2\Frentzen\aug_vid0_frame00372_combined_0444.jpg,enrollment,vid0_frame00372
Frentzen,C:\Users\main\Frentzen\Project\ISD\training_images_augmented_v2\Frentzen\aug_vid0_frame00372_geometric_0011.jpg,enrollment,vid0_frame00372
Frentzen,C:\Users\main\Frentzen\Project\ISD\training_images_augmented_v2\Frentzen\aug_vid0_frame00372_geometric_0030.jpg,enrollment,vid0_frame00372
Frentzen,C:\Users\main\Frentzen\Project\ISD\training_images_augmented_v2\Frentzen\aug_vid0_frame00372_geometric_0225.jpg,enrollment,vid0_frame00372
Frentzen,C:\Users\main\Frentzen\Project\ISD\training_images_augmented_v2\Frentzen\raw_vid0_frame00372.jpg,enrollment,vid0_frame00372
Frentzen,C:\Users\main\Frentzen\Project\ISD\training_images_augmented_v2\Frentzen\aug_vid0_frame00375_combined_0039.jpg,enrollment,vid0_frame00375
Frentzen,C:\Users\main\Frentzen\Project\ISD\training_images_augmented_v2\Frentzen\aug_vid0_frame00375_combined_0139.jpg,enrollment,vid0_frame00375
Frentzen,C:\Users\main\Frentzen\Project\ISD\training_images_augmented_v2\Frentzen\aug_vid0_frame00375_combined_0151.jpg,enrollment,vid0_frame00375
Frentzen,C:\Users\main\Frentzen\Project\ISD\training_images_augmented_v2\Frentzen\aug_vid0_frame00375_combined_0406.jpg,enrollment,vid0_frame00375
Frentzen,C:\Users\main\Frentzen\Project\ISD\training_images_augmented_v2\Frentzen\aug_vid0_frame00375_fog_0390.jpg,enrollment,vid0_frame00375
Frentzen,C:\Users\main\Frentzen\Project\ISD\training_images_augmented_v2\Frentzen\aug_vid0_frame00375_geometric_0094.jpg,enrollment,vid0_frame00375
Frentzen,C:\Users\main\Frentzen\Project\ISD\training_images_augmented_v2\Frentzen\aug_vid0_frame00375_occlusion_0335.jpg,enrollment,vid0_frame00375
Frentzen,C:\Users\main\Frentzen\Project\ISD\training_images_augmented_v2\Frentzen\aug_vid0_frame00375_photometric_0347.jpg,enrollment,vid0_frame00375
Frentzen,C:\Users\main\Frentzen\Project\ISD\training_images_augmented_v2\Frentzen\raw_vid0_frame00375.jpg,enrollment,vid0_frame00375
Frentzen,C:\Users\main\Frentzen\Project\ISD\training_images_augmented_v2\Frentzen\aug_vid0_frame00105_fog_0090.jpg,enrollment,vid0_frame00105
Frentzen,C:\Users\main\Frentzen\Project\ISD\training_images_augmented_v2\Frentzen\aug_vid0_frame00105_fog_0224.jpg,enrollment,vid0_frame00105
Frentzen,C:\Users\main\Frentzen\Project\ISD\training_images_augmented_v2\Frentzen\aug_vid0_frame00105_geometric_0264.jpg,enrollment,vid0_frame00105
Frentzen,C:\Users\main\Frentzen\Project\ISD\training_images_augmented_v2\Frentzen\raw_vid0_frame00105.jpg,enrollment,vid0_frame00105
Frentzen,C:\Users\main\Frentzen\Project\ISD\training_images_augmented_v2\Frentzen\aug_vid0_frame00090_photometric_0026.jpg,enrollment,vid0_frame00090
Frentzen,C:\Users\main\Frentzen\Project\ISD\training_images_augmented_v2\Frentzen\raw_vid0_frame00090.jpg,enrollment,vid0_frame00090
Frentzen,C:\Users\main\Frentzen\Project\ISD\training_images_augmented_v2\Frentzen\aug_vid0_frame00198_photometric_0407.jpg,enrollment,vid0_frame00198
Frentzen,C:\Users\main\Frentzen\Project\ISD\training_images_augmented_v2\Frentzen\aug_vid0_frame00198_photometric_0441.jpg,enrollment,vid0_frame00198
Frentzen,C:\Users\main\Frentzen\Project\ISD\training_images_augmented_v2\Frentzen\aug_vid0_frame00198_snow_0215.jpg,enrollment,vid0_frame00198
Frentzen,C:\Users\main\Frentzen\Project\ISD\training_images_augmented_v2\Frentzen\raw_vid0_frame00198.jpg,enrollment,vid0_frame00198
Frentzen,C:\Users\main\Frentzen\Project\ISD\training_images_augmented_v2\Frentzen\aug_vid0_frame00333_combined_0240.jpg,enrollment,vid0_frame00333
Frentzen,C:\Users\main\Frentzen\Project\ISD\training_images_augmented_v2\Frentzen\aug_vid0_frame00333_combined_0372.jpg,enrollment,vid0_frame00333
Frentzen,C:\Users\main\Frentzen\Project\ISD\training_images_augmented_v2\Frentzen\aug_vid0_frame00333_fog_0137.jpg,enrollment,vid0_frame00333
Frentzen,C:\Users\main\Frentzen\Project\ISD\training_images_augmented_v2\Frentzen\aug_vid0_frame00333_photometric_0353.jpg,enrollment,vid0_frame00333
Frentzen,C:\Users\main\Frentzen\Project\ISD\training_images_augmented_v2\Frentzen\raw_vid0_frame00333.jpg,enrollment,vid0_frame00333
Frentzen,C:\Users\main\Frentzen\Project\ISD\training_images_augmented_v2\Frentzen\aug_vid0_frame00126_combined_0016.jpg,enrollment,vid0_frame00126
Frentzen,C:\Users\main\Frentzen\Project\ISD\training_images_augmented_v2\Frentzen\aug_vid0_frame00126_combined_0120.jpg,enrollment,vid0_frame00126
Frentzen,C:\Users\main\Frentzen\Project\ISD\training_images_augmented_v2\Frentzen\raw_vid0_frame00126.jpg,enrollment,vid0_frame00126
Frentzen,C:\Users\main\Frentzen\Project\ISD\training_images_augmented_v2\Frentzen\aug_vid0_frame00417_geometric_0086.jpg,enrollment,vid0_frame00417
Frentzen,C:\Users\main\Frentzen\Project\ISD\training_images_augmented_v2\Frentzen\aug_vid0_frame00417_geometric_0245.jpg,enrollment,vid0_frame00417
Frentzen,C:\Users\main\Frentzen\Project\ISD\training_images_augmented_v2\Frentzen\aug_vid0_frame00417_geometric_0309.jpg,enrollment,vid0_frame00417
Frentzen,C:\Users\main\Frentzen\Project\ISD\training_images_augmented_v2\Frentzen\aug_vid0_frame00417_snow_0091.jpg,enrollment,vid0_frame00417
Frentzen,C:\Users\main\Frentzen\Project\ISD\training_images_augmented_v2\Frentzen\raw_vid0_frame00417.jpg,enrollment,vid0_frame00417
Frentzen,C:\Users\main\Frentzen\Project\ISD\training_images_augmented_v2\Frentzen\aug_vid0_frame00267_combined_0184.jpg,enrollment,vid0_frame00267
Frentzen,C:\Users\main\Frentzen\Project\ISD\training_images_augmented_v2\Frentzen\aug_vid0_frame00267_combined_0304.jpg,enrollment,vid0_frame00267
Frentzen,C:\Users\main\Frentzen\Project\ISD\training_images_augmented_v2\Frentzen\aug_vid0_frame00267_geometric_0314.jpg,enrollment,vid0_frame00267
Frentzen,C:\Users\main\Frentzen\Project\ISD\training_images_augmented_v2\Frentzen\aug_vid0_frame00267_occlusion_0138.jpg,enrollment,vid0_frame00267
Frentzen,C:\Users\main\Frentzen\Project\ISD\training_images_augmented_v2\Frentzen\aug_vid0_frame00267_photometric_0325.jpg,enrollment,vid0_frame00267
Frentzen,C:\Users\main\Frentzen\Project\ISD\training_images_augmented_v2\Frentzen\raw_vid0_frame00267.jpg,enrollment,vid0_frame00267
Frentzen,C:\Users\main\Frentzen\Project\ISD\training_images_augmented_v2\Frentzen\aug_vid0_frame00252_combined_0404.jpg,validation,vid0_frame00252
Frentzen,C:\Users\main\Frentzen\Project\ISD\training_images_augmented_v2\Frentzen\aug_vid0_frame00252_rain_0057.jpg,validation,vid0_frame00252
Frentzen,C:\Users\main\Frentzen\Project\ISD\training_images_augmented_v2\Frentzen\raw_vid0_frame00252.jpg,validation,vid0_frame00252
Frentzen,C:\Users\main\Frentzen\Project\ISD\training_images_augmented_v2\Frentzen\aug_vid0_frame00021_geometric_0385.jpg,validation,vid0_frame00021
Frentzen,C:\Users\main\Frentzen\Project\ISD\training_images_augmented_v2\Frentzen\aug_vid0_frame00021_occlusion_0259.jpg,validation,vid0_frame00021
Frentzen,C:\Users\main\Frentzen\Project\ISD\training_images_augmented_v2\Frentzen\raw_vid0_frame00021.jpg,validation,vid0_frame00021
Frentzen,C:\Users\main\Frentzen\Project\ISD\training_images_augmented_v2\Frentzen\aug_vid0_frame00027_combined_0411.jpg,validation,vid0_frame00027
Frentzen,C:\Users\main\Frentzen\Project\ISD\training_images_augmented_v2\Frentzen\aug_vid0_frame00027_fog_0135.jpg,validation,vid0_frame00027
Frentzen,C:\Users\main\Frentzen\Project\ISD\training_images_augmented_v2\Frentzen\raw_vid0_frame00027.jpg,validation,vid0_frame00027
Frentzen,C:\Users\main\Frentzen\Project\ISD\training_images_augmented_v2\Frentzen\aug_vid0_frame00432_combined_0321.jpg,validation,vid0_frame00432
Frentzen,C:\Users\main\Frentzen\Project\ISD\training_images_augmented_v2\Frentzen\raw_vid0_frame00432.jpg,validation,vid0_frame00432
Frentzen,C:\Users\main\Frentzen\Project\ISD\training_images_augmented_v2\Frentzen\aug_vid0_frame00270_fog_0043.jpg,validation,vid0_frame00270
Frentzen,C:\Users\main\Frentzen\Project\ISD\training_images_augmented_v2\Frentzen\aug_vid0_frame00270_geometric_0219.jpg,validation,vid0_frame00270
Frentzen,C:\Users\main\Frentzen\Project\ISD\training_images_augmented_v2\Frentzen\aug_vid0_frame00270_occlusion_0312.jpg,validation,vid0_frame00270
Frentzen,C:\Users\main\Frentzen\Project\ISD\training_images_augmented_v2\Frentzen\aug_vid0_frame00270_occlusion_0387.jpg,validation,vid0_frame00270
Frentzen,C:\Users\main\Frentzen\Project\ISD\training_images_augmented_v2\Frentzen\aug_vid0_frame00270_photometric_0233.jpg,validation,vid0_frame00270
Frentzen,C:\Users\main\Frentzen\Project\ISD\training_images_augmented_v2\Frentzen\aug_vid0_frame00270_rain_0435.jpg,validation,vid0_frame00270
Frentzen,C:\Users\main\Frentzen\Project\ISD\training_images_augmented_v2\Frentzen\raw_vid0_frame00270.jpg,validation,vid0_frame00270
Frentzen,C:\Users\main\Frentzen\Project\ISD\training_images_augmented_v2\Frentzen\aug_vid0_frame00291_geometric_0078.jpg,validation,vid0_frame00291
Frentzen,C:\Users\main\Frentzen\Project\ISD\training_images_augmented_v2\Frentzen\aug_vid0_frame00291_photometric_0239.jpg,validation,vid0_frame00291
Frentzen,C:\Users\main\Frentzen\Project\ISD\training_images_augmented_v2\Frentzen\raw_vid0_frame00291.jpg,validation,vid0_frame00291
Frentzen,C:\Users\main\Frentzen\Project\ISD\training_images_augmented_v2\Frentzen\aug_vid0_frame00087_geometric_0201.jpg,validation,vid0_frame00087
Frentzen,C:\Users\main\Frentzen\Project\ISD\training_images_augmented_v2\Frentzen\aug_vid0_frame00087_geometric_0250.jpg,validation,vid0_frame00087
Frentzen,C:\Users\main\Frentzen\Project\ISD\training_images_augmented_v2\Frentzen\aug_vid0_frame00087_occlusion_0359.jpg,validation,vid0_frame00087
Frentzen,C:\Users\main\Frentzen\Project\ISD\training_images_augmented_v2\Frentzen\raw_vid0_frame00087.jpg,validation,vid0_frame00087
Frentzen,C:\Users\main\Frentzen\Project\ISD\training_images_augmented_v2\Frentzen\aug_vid0_frame00345_combined_0384.jpg,validation,vid0_frame00345
Frentzen,C:\Users\main\Frentzen\Project\ISD\training_images_augmented_v2\Frentzen\aug_vid0_frame00345_combined_0409.jpg,validation,vid0_frame00345
Frentzen,C:\Users\main\Frentzen\Project\ISD\training_images_augmented_v2\Frentzen\aug_vid0_frame00345_rain_0279.jpg,validation,vid0_frame00345
Frentzen,C:\Users\main\Frentzen\Project\ISD\training_images_augmented_v2\Frentzen\raw_vid0_frame00345.jpg,validation,vid0_frame00345
Frentzen,C:\Users\main\Frentzen\Project\ISD\training_images_augmented_v2\Frentzen\aug_vid0_frame00231_geometric_0192.jpg,validation,vid0_frame00231
Frentzen,C:\Users\main\Frentzen\Project\ISD\training_images_augmented_v2\Frentzen\aug_vid0_frame00231_photometric_0433.jpg,validation,vid0_frame00231
Frentzen,C:\Users\main\Frentzen\Project\ISD\training_images_augmented_v2\Frentzen\aug_vid0_frame00231_rain_0050.jpg,validation,vid0_frame00231
Frentzen,C:\Users\main\Frentzen\Project\ISD\training_images_augmented_v2\Frentzen\raw_vid0_frame00231.jpg,validation,vid0_frame00231
Frentzen,C:\Users\main\Frentzen\Project\ISD\training_images_augmented_v2\Frentzen\aug_vid0_frame00006_geometric_0045.jpg,validation,vid0_frame00006
Frentzen,C:\Users\main\Frentzen\Project\ISD\training_images_augmented_v2\Frentzen\aug_vid0_frame00006_geometric_0100.jpg,validation,vid0_frame00006
Frentzen,C:\Users\main\Frentzen\Project\ISD\training_images_augmented_v2\Frentzen\aug_vid0_frame00006_geometric_0365.jpg,validation,vid0_frame00006
Frentzen,C:\Users\main\Frentzen\Project\ISD\training_images_augmented_v2\Frentzen\aug_vid0_frame00006_photometric_0161.jpg,validation,vid0_frame00006
Frentzen,C:\Users\main\Frentzen\Project\ISD\training_images_augmented_v2\Frentzen\aug_vid0_frame00006_rain_0208.jpg,validation,vid0_frame00006
Frentzen,C:\Users\main\Frentzen\Project\ISD\training_images_augmented_v2\Frentzen\raw_vid0_frame00006.jpg,validation,vid0_frame00006
Frentzen,C:\Users\main\Frentzen\Project\ISD\training_images_augmented_v2\Frentzen\aug_vid0_frame00129_fog_0217.jpg,validation,vid0_frame00129
Frentzen,C:\Users\main\Frentzen\Project\ISD\training_images_augmented_v2\Frentzen\aug_vid0_frame00129_geometric_0034.jpg,validation,vid0_frame00129
Frentzen,C:\Users\main\Frentzen\Project\ISD\training_images_augmented_v2\Frentzen\aug_vid0_frame00129_geometric_0092.jpg,validation,vid0_frame00129
Frentzen,C:\Users\main\Frentzen\Project\ISD\training_images_augmented_v2\Frentzen\aug_vid0_frame00129_geometric_0334.jpg,validation,vid0_frame00129
Frentzen,C:\Users\main\Frentzen\Project\ISD\training_images_augmented_v2\Frentzen\aug_vid0_frame00129_geometric_0350.jpg,validation,vid0_frame00129
Frentzen,C:\Users\main\Frentzen\Project\ISD\training_images_augmented_v2\Frentzen\raw_vid0_frame00129.jpg,validation,vid0_frame00129
Frentzen,C:\Users\main\Frentzen\Project\ISD\training_images_augmented_v2\Frentzen\aug_vid0_frame00369_geometric_0266.jpg,validation,vid0_frame00369
Frentzen,C:\Users\main\Frentzen\Project\ISD\training_images_augmented_v2\Frentzen\raw_vid0_frame00369.jpg,validation,vid0_frame00369
Frentzen,C:\Users\main\Frentzen\Project\ISD\training_images_augmented_v2\Frentzen\aug_vid0_frame00414_combined_0209.jpg,validation,vid0_frame00414
Frentzen,C:\Users\main\Frentzen\Project\ISD\training_images_augmented_v2\Frentzen\aug_vid0_frame00414_occlusion_0024.jpg,validation,vid0_frame00414
Frentzen,C:\Users\main\Frentzen\Project\ISD\training_images_augmented_v2\Frentzen\aug_vid0_frame00414_photometric_0020.jpg,validation,vid0_frame00414
Frentzen,C:\Users\main\Frentzen\Project\ISD\training_images_augmented_v2\Frentzen\aug_vid0_frame00414_photometric_0234.jpg,validation,vid0_frame00414
Frentzen,C:\Users\main\Frentzen\Project\ISD\training_images_augmented_v2\Frentzen\raw_vid0_frame00414.jpg,validation,vid0_frame00414
Frentzen,C:\Users\main\Frentzen\Project\ISD\training_images_augmented_v2\Frentzen\aug_vid0_frame00093_combined_0231.jpg,validation,vid0_frame00093
Frentzen,C:\Users\main\Frentzen\Project\ISD\training_images_augmented_v2\Frentzen\aug_vid0_frame00093_combined_0307.jpg,validation,vid0_frame00093
Frentzen,C:\Users\main\Frentzen\Project\ISD\training_images_augmented_v2\Frentzen\aug_vid0_frame00093_geometric_0392.jpg,validation,vid0_frame00093
Frentzen,C:\Users\main\Frentzen\Project\ISD\training_images_augmented_v2\Frentzen\aug_vid0_frame00093_geometric_0396.jpg,validation,vid0_frame00093
Frentzen,C:\Users\main\Frentzen\Project\ISD\training_images_augmented_v2\Frentzen\raw_vid0_frame00093.jpg,validation,vid0_frame00093
Frentzen,C:\Users\main\Frentzen\Project\ISD\training_images_augmented_v2\Frentzen\aug_vid0_frame00045_combined_0339.jpg,validation,vid0_frame00045
Frentzen,C:\Users\main\Frentzen\Project\ISD\training_images_augmented_v2\Frentzen\aug_vid0_frame00045_geometric_0284.jpg,validation,vid0_frame00045
Frentzen,C:\Users\main\Frentzen\Project\ISD\training_images_augmented_v2\Frentzen\aug_vid0_frame00045_occlusion_0012.jpg,validation,vid0_frame00045
Frentzen,C:\Users\main\Frentzen\Project\ISD\training_images_augmented_v2\Frentzen\raw_vid0_frame00045.jpg,validation,vid0_frame00045
Frentzen,C:\Users\main\Frentzen\Project\ISD\training_images_augmented_v2\Frentzen\aug_vid0_frame00174_geometric_0084.jpg,validation,vid0_frame00174
Frentzen,C:\Users\main\Frentzen\Project\ISD\training_images_augmented_v2\Frentzen\aug_vid0_frame00174_rain_0127.jpg,validation,vid0_frame00174
Frentzen,C:\Users\main\Frentzen\Project\ISD\training_images_augmented_v2\Frentzen\raw_vid0_frame00174.jpg,validation,vid0_frame00174
Frentzen,C:\Users\main\Frentzen\Project\ISD\training_images_augmented_v2\Frentzen\aug_vid0_frame00201_combined_0323.jpg,validation,vid0_frame00201
Frentzen,C:\Users\main\Frentzen\Project\ISD\training_images_augmented_v2\Frentzen\aug_vid0_frame00201_combined_0397.jpg,validation,vid0_frame00201
Frentzen,C:\Users\main\Frentzen\Project\ISD\training_images_augmented_v2\Frentzen\aug_vid0_frame00201_fog_0167.jpg,validation,vid0_frame00201
Frentzen,C:\Users\main\Frentzen\Project\ISD\training_images_augmented_v2\Frentzen\aug_vid0_frame00201_photometric_0256.jpg,validation,vid0_frame00201
Frentzen,C:\Users\main\Frentzen\Project\ISD\training_images_augmented_v2\Frentzen\aug_vid0_frame00201_photometric_0432.jpg,validation,vid0_frame00201
Frentzen,C:\Users\main\Frentzen\Project\ISD\training_images_augmented_v2\Frentzen\aug_vid0_frame00201_rain_0214.jpg,validation,vid0_frame00201
Frentzen,C:\Users\main\Frentzen\Project\ISD\training_images_augmented_v2\Frentzen\raw_vid0_frame00201.jpg,validation,vid0_frame00201
Frentzen,C:\Users\main\Frentzen\Project\ISD\training_images_augmented_v2\Frentzen\aug_vid0_frame00168_combined_0047.jpg,validation,vid0_frame00168
Frentzen,C:\Users\main\Frentzen\Project\ISD\training_images_augmented_v2\Frentzen\raw_vid0_frame00168.jpg,validation,vid0_frame00168
Frentzen,C:\Users\main\Frentzen\Project\ISD\training_images_augmented_v2\Frentzen\aug_vid0_frame00141_photometric_0360.jpg,validation,vid0_frame00141
Frentzen,C:\Users\main\Frentzen\Project\ISD\training_images_augmented_v2\Frentzen\raw_vid0_frame00141.jpg,validation,vid0_frame00141
Frentzen,C:\Users\main\Frentzen\Project\ISD\training_images_augmented_v2\Frentzen\aug_vid0_frame00258_geometric_0401.jpg,validation,vid0_frame00258
Frentzen,C:\Users\main\Frentzen\Project\ISD\training_images_augmented_v2\Frentzen\aug_vid0_frame00258_rain_0210.jpg,validation,vid0_frame00258
Frentzen,C:\Users\main\Frentzen\Project\ISD\training_images_augmented_v2\Frentzen\aug_vid0_frame00258_rain_0341.jpg,validation,vid0_frame00258
Frentzen,C:\Users\main\Frentzen\Project\ISD\training_images_augmented_v2\Frentzen\raw_vid0_frame00258.jpg,validation,vid0_frame00258
Frentzen,C:\Users\main\Frentzen\Project\ISD\training_images_augmented_v2\Frentzen\aug_vid0_frame00264_combined_0202.jpg,validation,vid0_frame00264
Frentzen,C:\Users\main\Frentzen\Project\ISD\training_images_augmented_v2\Frentzen\raw_vid0_frame00264.jpg,validation,vid0_frame00264
Frentzen,C:\Users\main\Frentzen\Project\ISD\training_images_augmented_v2\Frentzen\aug_vid0_frame00153_geometric_0176.jpg,validation,vid0_frame00153
Frentzen,C:\Users\main\Frentzen\Project\ISD\training_images_augmented_v2\Frentzen\aug_vid0_frame00153_photometric_0065.jpg,validation,vid0_frame00153
Frentzen,C:\Users\main\Frentzen\Project\ISD\training_images_augmented_v2\Frentzen\raw_vid0_frame00153.jpg,validation,vid0_frame00153
Frentzen,C:\Users\main\Frentzen\Project\ISD\training_images_augmented_v2\Frentzen\aug_vid0_frame00450_combined_0398.jpg,validation,vid0_frame00450
Frentzen,C:\Users\main\Frentzen\Project\ISD\training_images_augmented_v2\Frentzen\aug_vid0_frame00450_photometric_0062.jpg,validation,vid0_frame00450
Frentzen,C:\Users\main\Frentzen\Project\ISD\training_images_augmented_v2\Frentzen\raw_vid0_frame00450.jpg,validation,vid0_frame00450
Frentzen,C:\Users\main\Frentzen\Project\ISD\training_images_augmented_v2\Frentzen\aug_vid0_frame00282_combined_0140.jpg,validation,vid0_frame00282
Frentzen,C:\Users\main\Frentzen\Project\ISD\training_images_augmented_v2\Frentzen\aug_vid0_frame00282_fog_0046.jpg,validation,vid0_frame00282
Frentzen,C:\Users\main\Frentzen\Project\ISD\training_images_augmented_v2\Frentzen\aug_vid0_frame00282_occlusion_0414.jpg,validation,vid0_frame00282
Frentzen,C:\Users\main\Frentzen\Project\ISD\training_images_augmented_v2\Frentzen\aug_vid0_frame00282_photometric_0203.jpg,validation,vid0_frame00282
Frentzen,C:\Users\main\Frentzen\Project\ISD\training_images_augmented_v2\Frentzen\aug_vid0_frame00282_photometric_0377.jpg,validation,vid0_frame00282
Frentzen,C:\Users\main\Frentzen\Project\ISD\training_images_augmented_v2\Frentzen\aug_vid0_frame00282_snow_0344.jpg,validation,vid0_frame00282
Frentzen,C:\Users\main\Frentzen\Project\ISD\training_images_augmented_v2\Frentzen\raw_vid0_frame00282.jpg,validation,vid0_frame00282
Frentzen,C:\Users\main\Frentzen\Project\ISD\training_images_augmented_v2\Frentzen\aug_vid0_frame00075_fog_0241.jpg,validation,vid0_frame00075
Frentzen,C:\Users\main\Frentzen\Project\ISD\training_images_augmented_v2\Frentzen\aug_vid0_frame00075_geometric_0367.jpg,validation,vid0_frame00075
Frentzen,C:\Users\main\Frentzen\Project\ISD\training_images_augmented_v2\Frentzen\aug_vid0_frame00075_photometric_0037.jpg,validation,vid0_frame00075
Frentzen,C:\Users\main\Frentzen\Project\ISD\training_images_augmented_v2\Frentzen\aug_vid0_frame00075_photometric_0190.jpg,validation,vid0_frame00075
Frentzen,C:\Users\main\Frentzen\Project\ISD\training_images_augmented_v2\Frentzen\raw_vid0_frame00075.jpg,validation,vid0_frame00075
Frentzen,C:\Users\main\Frentzen\Project\ISD\training_images_augmented_v2\Frentzen\aug_vid0_frame00273_geometric_0049.jpg,validation,vid0_frame00273
Frentzen,C:\Users\main\Frentzen\Project\ISD\training_images_augmented_v2\Frentzen\aug_vid0_frame00273_photometric_0044.jpg,validation,vid0_frame00273
Frentzen,C:\Users\main\Frentzen\Project\ISD\training_images_augmented_v2\Frentzen\aug_vid0_frame00273_photometric_0368.jpg,validation,vid0_frame00273
Frentzen,C:\Users\main\Frentzen\Project\ISD\training_images_augmented_v2\Frentzen\aug_vid0_frame00273_snow_0310.jpg,validation,vid0_frame00273
Frentzen,C:\Users\main\Frentzen\Project\ISD\training_images_augmented_v2\Frentzen\raw_vid0_frame00273.jpg,validation,vid0_frame00273
Frentzen,C:\Users\main\Frentzen\Project\ISD\training_images_augmented_v2\Frentzen\aug_vid0_frame00387_geometric_0276.jpg,validation,vid0_frame00387
Frentzen,C:\Users\main\Frentzen\Project\ISD\training_images_augmented_v2\Frentzen\aug_vid0_frame00387_photometric_0255.jpg,validation,vid0_frame00387
Frentzen,C:\Users\main\Frentzen\Project\ISD\training_images_augmented_v2\Frentzen\aug_vid0_frame00387_photometric_0315.jpg,validation,vid0_frame00387
Frentzen,C:\Users\main\Frentzen\Project\ISD\training_images_augmented_v2\Frentzen\raw_vid0_frame00387.jpg,validation,vid0_frame00387
Frentzen,C:\Users\main\Frentzen\Project\ISD\training_images_augmented_v2\Frentzen\aug_vid0_frame00297_geometric_0155.jpg,validation,vid0_frame00297
Frentzen,C:\Users\main\Frentzen\Project\ISD\training_images_augmented_v2\Frentzen\raw_vid0_frame00297.jpg,validation,vid0_frame00297
Frentzen,C:\Users\main\Frentzen\Project\ISD\training_images_augmented_v2\Frentzen\aug_vid0_frame00213_combined_0048.jpg,validation,vid0_frame00213
Frentzen,C:\Users\main\Frentzen\Project\ISD\training_images_augmented_v2\Frentzen\aug_vid0_frame00213_combined_0166.jpg,validation,vid0_frame00213
Frentzen,C:\Users\main\Frentzen\Project\ISD\training_images_augmented_v2\Frentzen\aug_vid0_frame00213_occlusion_0218.jpg,validation,vid0_frame00213
Frentzen,C:\Users\main\Frentzen\Project\ISD\training_images_augmented_v2\Frentzen\aug_vid0_frame00213_photometric_0123.jpg,validation,vid0_frame00213
Frentzen,C:\Users\main\Frentzen\Project\ISD\training_images_augmented_v2\Frentzen\raw_vid0_frame00213.jpg,validation,vid0_frame00213
Frentzen,C:\Users\main\Frentzen\Project\ISD\training_images_augmented_v2\Frentzen\raw_vid0_frame00243.jpg,validation,vid0_frame00243
Frentzen,C:\Users\main\Frentzen\Project\ISD\training_images_augmented_v2\Frentzen\aug_vid0_frame00162_geometric_0438.jpg,validation,vid0_frame00162
Frentzen,C:\Users\main\Frentzen\Project\ISD\training_images_augmented_v2\Frentzen\raw_vid0_frame00162.jpg,validation,vid0_frame00162
Frentzen,C:\Users\main\Frentzen\Project\ISD\training_images_augmented_v2\Frentzen\aug_vid0_frame00237_combined_0290.jpg,validation,vid0_frame00237
Frentzen,C:\Users\main\Frentzen\Project\ISD\training_images_augmented_v2\Frentzen\aug_vid0_frame00237_occlusion_0022.jpg,validation,vid0_frame00237
Frentzen,C:\Users\main\Frentzen\Project\ISD\training_images_augmented_v2\Frentzen\aug_vid0_frame00237_photometric_0332.jpg,validation,vid0_frame00237
Frentzen,C:\Users\main\Frentzen\Project\ISD\training_images_augmented_v2\Frentzen\aug_vid0_frame00237_photometric_0343.jpg,validation,vid0_frame00237
Frentzen,C:\Users\main\Frentzen\Project\ISD\training_images_augmented_v2\Frentzen\raw_vid0_frame00237.jpg,validation,vid0_frame00237
Frentzen,C:\Users\main\Frentzen\Project\ISD\training_images_augmented_v2\Frentzen\raw_vid0_frame00435.jpg,validation,vid0_frame00435
Frentzen,C:\Users\main\Frentzen\Project\ISD\training_images_augmented_v2\Frentzen\aug_vid0_frame00099_geometric_0277.jpg,validation,vid0_frame00099
Frentzen,C:\Users\main\Frentzen\Project\ISD\training_images_augmented_v2\Frentzen\aug_vid0_frame00099_occlusion_0319.jpg,validation,vid0_frame00099
Frentzen,C:\Users\main\Frentzen\Project\ISD\training_images_augmented_v2\Frentzen\aug_vid0_frame00099_photometric_0173.jpg,validation,vid0_frame00099
Frentzen,C:\Users\main\Frentzen\Project\ISD\training_images_augmented_v2\Frentzen\aug_vid0_frame00099_photometric_0194.jpg,validation,vid0_frame00099
Frentzen,C:\Users\main\Frentzen\Project\ISD\training_images_augmented_v2\Frentzen\aug_vid0_frame00099_photometric_0227.jpg,validation,vid0_frame00099
Frentzen,C:\Users\main\Frentzen\Project\ISD\training_images_augmented_v2\Frentzen\raw_vid0_frame00099.jpg,validation,vid0_frame00099
Frentzen,C:\Users\main\Frentzen\Project\ISD\training_images_augmented_v2\Frentzen\aug_vid0_frame00063_combined_0163.jpg,validation,vid0_frame00063
Frentzen,C:\Users\main\Frentzen\Project\ISD\training_images_augmented_v2\Frentzen\aug_vid0_frame00063_geometric_0070.jpg,validation,vid0_frame00063
Frentzen,C:\Users\main\Frentzen\Project\ISD\training_images_augmented_v2\Frentzen\aug_vid0_frame00063_geometric_0333.jpg,validation,vid0_frame00063
Frentzen,C:\Users\main\Frentzen\Project\ISD\training_images_augmented_v2\Frentzen\aug_vid0_frame00063_geometric_0336.jpg,validation,vid0_frame00063
Frentzen,C:\Users\main\Frentzen\Project\ISD\training_images_augmented_v2\Frentzen\aug_vid0_frame00063_photometric_0071.jpg,validation,vid0_frame00063
Frentzen,C:\Users\main\Frentzen\Project\ISD\training_images_augmented_v2\Frentzen\aug_vid0_frame00063_photometric_0081.jpg,validation,vid0_frame00063
Frentzen,C:\Users\main\Frentzen\Project\ISD\training_images_augmented_v2\Frentzen\raw_vid0_frame00063.jpg,validation,vid0_frame00063
Frentzen,C:\Users\main\Frentzen\Project\ISD\training_images_augmented_v2\Frentzen\aug_vid0_frame00216_geometric_0303.jpg,validation,vid0_frame00216
Frentzen,C:\Users\main\Frentzen\Project\ISD\training_images_augmented_v2\Frentzen\aug_vid0_frame00216_occlusion_0389.jpg,validation,vid0_frame00216
Frentzen,C:\Users\main\Frentzen\Project\ISD\training_images_augmented_v2\Frentzen\raw_vid0_frame00216.jpg,validation,vid0_frame00216
Frentzen,C:\Users\main\Frentzen\Project\ISD\training_images_augmented_v2\Frentzen\aug_vid0_frame00183_rain_0025.jpg,validation,vid0_frame00183
Frentzen,C:\Users\main\Frentzen\Project\ISD\training_images_augmented_v2\Frentzen\raw_vid0_frame00183.jpg,validation,vid0_frame00183
Frentzen,C:\Users\main\Frentzen\Project\ISD\training_images_augmented_v2\Frentzen\aug_vid0_frame00261_fog_0001.jpg,test,vid0_frame00261
Frentzen,C:\Users\main\Frentzen\Project\ISD\training_images_augmented_v2\Frentzen\aug_vid0_frame00261_geometric_0054.jpg,test,vid0_frame00261
Frentzen,C:\Users\main\Frentzen\Project\ISD\training_images_augmented_v2\Frentzen\aug_vid0_frame00261_photometric_0160.jpg,test,vid0_frame00261
Frentzen,C:\Users\main\Frentzen\Project\ISD\training_images_augmented_v2\Frentzen\aug_vid0_frame00261_rain_0282.jpg,test,vid0_frame00261
Frentzen,C:\Users\main\Frentzen\Project\ISD\training_images_augmented_v2\Frentzen\raw_vid0_frame00261.jpg,test,vid0_frame00261
Frentzen,C:\Users\main\Frentzen\Project\ISD\training_images_augmented_v2\Frentzen\aug_vid0_frame00357_combined_0269.jpg,test,vid0_frame00357
Frentzen,C:\Users\main\Frentzen\Project\ISD\training_images_augmented_v2\Frentzen\aug_vid0_frame00357_geometric_0439.jpg,test,vid0_frame00357
Frentzen,C:\Users\main\Frentzen\Project\ISD\training_images_augmented_v2\Frentzen\aug_vid0_frame00357_occlusion_0056.jpg,test,vid0_frame00357
Frentzen,C:\Users\main\Frentzen\Project\ISD\training_images_augmented_v2\Frentzen\aug_vid0_frame00357_occlusion_0361.jpg,test,vid0_frame00357
Frentzen,C:\Users\main\Frentzen\Project\ISD\training_images_augmented_v2\Frentzen\aug_vid0_frame00357_occlusion_0369.jpg,test,vid0_frame00357
Frentzen,C:\Users\main\Frentzen\Project\ISD\training_images_augmented_v2\Frentzen\aug_vid0_frame00357_photometric_0004.jpg,test,vid0_frame00357
Frentzen,C:\Users\main\Frentzen\Project\ISD\training_images_augmented_v2\Frentzen\aug_vid0_frame00357_photometric_0358.jpg,test,vid0_frame00357
Frentzen,C:\Users\main\Frentzen\Project\ISD\training_images_augmented_v2\Frentzen\raw_vid0_frame00357.jpg,test,vid0_frame00357
Frentzen,C:\Users\main\Frentzen\Project\ISD\training_images_augmented_v2\Frentzen\aug_vid0_frame00048_combined_0051.jpg,test,vid0_frame00048
Frentzen,C:\Users\main\Frentzen\Project\ISD\training_images_augmented_v2\Frentzen\aug_vid0_frame00048_geometric_0118.jpg,test,vid0_frame00048
Frentzen,C:\Users\main\Frentzen\Project\ISD\training_images_augmented_v2\Frentzen\aug_vid0_frame00048_snow_0423.jpg,test,vid0_frame00048
Frentzen,C:\Users\main\Frentzen\Project\ISD\training_images_augmented_v2\Frentzen\raw_vid0_frame00048.jpg,test,vid0_frame00048
Frentzen,C:\Users\main\Frentzen\Project\ISD\training_images_augmented_v2\Frentzen\aug_vid0_frame00303_combined_0426.jpg,test,vid0_frame00303
Frentzen,C:\Users\main\Frentzen\Project\ISD\training_images_augmented_v2\Frentzen\aug_vid0_frame00303_geometric_0253.jpg,test,vid0_frame00303
Frentzen,C:\Users\main\Frentzen\Project\ISD\training_images_augmented_v2\Frentzen\aug_vid0_frame00303_photometric_0306.jpg,test,vid0_frame00303
Frentzen,C:\Users\main\Frentzen\Project\ISD\training_images_augmented_v2\Frentzen\raw_vid0_frame00303.jpg,test,vid0_frame00303
Frentzen,C:\Users\main\Frentzen\Project\ISD\training_images_augmented_v2\Frentzen\aug_vid0_frame00210_fog_0174.jpg,test,vid0_frame00210
Frentzen,C:\Users\main\Frentzen\Project\ISD\training_images_augmented_v2\Frentzen\aug_vid0_frame00210_geometric_0089.jpg,test,vid0_frame00210
Frentzen,C:\Users\main\Frentzen\Project\ISD\training_images_augmented_v2\Frentzen\raw_vid0_frame00210.jpg,test,vid0_frame00210
Frentzen,C:\Users\main\Frentzen\Project\ISD\training_images_augmented_v2\Frentzen\aug_vid0_frame00300_fog_0327.jpg,test,vid0_frame00300
Frentzen,C:\Users\main\Frentzen\Project\ISD\training_images_augmented_v2\Frentzen\raw_vid0_frame00300.jpg,test,vid0_frame00300
Frentzen,C:\Users\main\Frentzen\Project\ISD\training_images_augmented_v2\Frentzen\aug_vid0_frame00024_combined_0247.jpg,test,vid0_frame00024
Frentzen,C:\Users\main\Frentzen\Project\ISD\training_images_augmented_v2\Frentzen\aug_vid0_frame00024_fog_0448.jpg,test,vid0_frame00024
Frentzen,C:\Users\main\Frentzen\Project\ISD\training_images_augmented_v2\Frentzen\aug_vid0_frame00024_photometric_0363.jpg,test,vid0_frame00024
Frentzen,C:\Users\main\Frentzen\Project\ISD\training_images_augmented_v2\Frentzen\raw_vid0_frame00024.jpg,test,vid0_frame00024
Frentzen,C:\Users\main\Frentzen\Project\ISD\training_images_augmented_v2\Frentzen\aug_vid0_frame00327_geometric_0168.jpg,test,vid0_frame00327
Frentzen,C:\Users\main\Frentzen\Project\ISD\training_images_augmented_v2\Frentzen\aug_vid0_frame00327_geometric_0175.jpg,test,vid0_frame00327
Frentzen,C:\Users\main\Frentzen\Project\ISD\training_images_augmented_v2\Frentzen\aug_vid0_frame00327_photometric_0075.jpg,test,vid0_frame00327
Frentzen,C:\Users\main\Frentzen\Project\ISD\training_images_augmented_v2\Frentzen\aug_vid0_frame00327_photometric_0180.jpg,test,vid0_frame00327
Frentzen,C:\Users\main\Frentzen\Project\ISD\training_images_augmented_v2\Frentzen\raw_vid0_frame00327.jpg,test,vid0_frame00327
Frentzen,C:\Users\main\Frentzen\Project\ISD\training_images_augmented_v2\Frentzen\aug_vid0_frame00189_combined_0164.jpg,test,vid0_frame00189
Frentzen,C:\Users\main\Frentzen\Project\ISD\training_images_augmented_v2\Frentzen\aug_vid0_frame00189_fog_0200.jpg,test,vid0_frame00189
Frentzen,C:\Users\main\Frentzen\Project\ISD\training_images_augmented_v2\Frentzen\aug_vid0_frame00189_occlusion_0113.jpg,test,vid0_frame00189
Frentzen,C:\Users\main\Frentzen\Project\ISD\training_images_augmented_v2\Frentzen\aug_vid0_frame00189_photometric_0185.jpg,test,vid0_frame00189
Frentzen,C:\Users\main\Frentzen\Project\ISD\training_images_augmented_v2\Frentzen\raw_vid0_frame00189.jpg,test,vid0_frame00189
Frentzen,C:\Users\main\Frentzen\Project\ISD\training_images_augmented_v2\Frentzen\aug_vid0_frame00288_occlusion_0068.jpg,test,vid0_frame00288
Frentzen,C:\Users\main\Frentzen\Project\ISD\training_images_augmented_v2\Frentzen\raw_vid0_frame00288.jpg,test,vid0_frame00288
Frentzen,C:\Users\main\Frentzen\Project\ISD\training_images_augmented_v2\Frentzen\aug_vid0_frame00384_combined_0109.jpg,test,vid0_frame00384
Frentzen,C:\Users\main\Frentzen\Project\ISD\training_images_augmented_v2\Frentzen\aug_vid0_frame00384_combined_0129.jpg,test,vid0_frame00384
Frentzen,C:\Users\main\Frentzen\Project\ISD\training_images_augmented_v2\Frentzen\aug_vid0_frame00384_combined_0170.jpg,test,vid0_frame00384
Frentzen,C:\Users\main\Frentzen\Project\ISD\training_images_augmented_v2\Frentzen\aug_vid0_frame00384_geometric_0158.jpg,test,vid0_frame00384
Frentzen,C:\Users\main\Frentzen\Project\ISD\training_images_augmented_v2\Frentzen\aug_vid0_frame00384_occlusion_0082.jpg,test,vid0_frame00384
Frentzen,C:\Users\main\Frentzen\Project\ISD\training_images_augmented_v2\Frentzen\aug_vid0_frame00384_occlusion_0355.jpg,test,vid0_frame00384
Frentzen,C:\Users\main\Frentzen\Project\ISD\training_images_augmented_v2\Frentzen\aug_vid0_frame00384_rain_0378.jpg,test,vid0_frame00384
Frentzen,C:\Users\main\Frentzen\Project\ISD\training_images_augmented_v2\Frentzen\raw_vid0_frame00384.jpg,test,vid0_frame00384
Frentzen,C:\Users\main\Frentzen\Project\ISD\training_images_augmented_v2\Frentzen\aug_vid0_frame00030_occlusion_0124.jpg,test,vid0_frame00030
Frentzen,C:\Users\main\Frentzen\Project\ISD\training_images_augmented_v2\Frentzen\raw_vid0_frame00030.jpg,test,vid0_frame00030
Frentzen,C:\Users\main\Frentzen\Project\ISD\training_images_augmented_v2\Frentzen\aug_vid0_frame00378_combined_0008.jpg,test,vid0_frame00378
Frentzen,C:\Users\main\Frentzen\Project\ISD\training_images_augmented_v2\Frentzen\aug_vid0_frame00378_geometric_0288.jpg,test,vid0_frame00378
Frentzen,C:\Users\main\Frentzen\Project\ISD\training_images_augmented_v2\Frentzen\aug_vid0_frame00378_photometric_0061.jpg,test,vid0_frame00378
Frentzen,C:\Users\main\Frentzen\Project\ISD\training_images_augmented_v2\Frentzen\aug_vid0_frame00378_photometric_0270.jpg,test,vid0_frame00378
Frentzen,C:\Users\main\Frentzen\Project\ISD\training_images_augmented_v2\Frentzen\raw_vid0_frame00378.jpg,test,vid0_frame00378
Frentzen,C:\Users\main\Frentzen\Project\ISD\training_images_augmented_v2\Frentzen\aug_vid0_frame00222_combined_0383.jpg,test,vid0_frame00222
Frentzen,C:\Users\main\Frentzen\Project\ISD\training_images_augmented_v2\Frentzen\aug_vid0_frame00222_geometric_0027.jpg,test,vid0_frame00222
Frentzen,C:\Users\main\Frentzen\Project\ISD\training_images_augmented_v2\Frentzen\aug_vid0_frame00222_photometric_0162.jpg,test,vid0_frame00222
Frentzen,C:\Users\main\Frentzen\Project\ISD\training_images_augmented_v2\Frentzen\aug_vid0_frame00222_photometric_0415.jpg,test,vid0_frame00222
Frentzen,C:\Users\main\Frentzen\Project\ISD\training_images_augmented_v2\Frentzen\aug_vid0_frame00222_rain_0421.jpg,test,vid0_frame00222
Frentzen,C:\Users\main\Frentzen\Project\ISD\training_images_augmented_v2\Frentzen\raw_vid0_frame00222.jpg,test,vid0_frame00222
Frentzen,C:\Users\main\Frentzen\Project\ISD\training_images_augmented_v2\Frentzen\aug_vid0_frame00351_photometric_0110.jpg,test,vid0_frame00351
Frentzen,C:\Users\main\Frentzen\Project\ISD\training_images_augmented_v2\Frentzen\aug_vid0_frame00351_photometric_0221.jpg,test,vid0_frame00351
Frentzen,C:\Users\main\Frentzen\Project\ISD\training_images_augmented_v2\Frentzen\raw_vid0_frame00351.jpg,test,vid0_frame00351
Frentzen,C:\Users\main\Frentzen\Project\ISD\training_images_augmented_v2\Frentzen\raw_vid0_frame00171.jpg,test,vid0_frame00171
Frentzen,C:\Users\main\Frentzen\Project\ISD\training_images_augmented_v2\Frentzen\aug_vid0_frame00042_combined_0207.jpg,test,vid0_frame00042
Frentzen,C:\Users\main\Frentzen\Project\ISD\training_images_augmented_v2\Frentzen\aug_vid0_frame00042_geometric_0301.jpg,test,vid0_frame00042
Frentzen,C:\Users\main\Frentzen\Project\ISD\training_images_augmented_v2\Frentzen\aug_vid0_frame00042_photometric_0036.jpg,test,vid0_frame00042
Frentzen,C:\Users\main\Frentzen\Project\ISD\training_images_augmented_v2\Frentzen\aug_vid0_frame00042_photometric_0099.jpg,test,vid0_frame00042
Frentzen,C:\Users\main\Frentzen\Project\ISD\training_images_augmented_v2\Frentzen\raw_vid0_frame00042.jpg,test,vid0_frame00042
Frentzen,C:\Users\main\Frentzen\Project\ISD\training_images_augmented_v2\Frentzen\aug_vid0_frame00186_combined_0402.jpg,test,vid0_frame00186
Frentzen,C:\Users\main\Frentzen\Project\ISD\training_images_augmented_v2\Frentzen\aug_vid0_frame00186_fog_0305.jpg,test,vid0_frame00186
Frentzen,C:\Users\main\Frentzen\Project\ISD\training_images_augmented_v2\Frentzen\raw_vid0_frame00186.jpg,test,vid0_frame00186
Frentzen,C:\Users\main\Frentzen\Project\ISD\training_images_augmented_v2\Frentzen\aug_vid0_frame00240_fog_0436.jpg,test,vid0_frame00240
Frentzen,C:\Users\main\Frentzen\Project\ISD\training_images_augmented_v2\Frentzen\raw_vid0_frame00240.jpg,test,vid0_frame00240
Frentzen,C:\Users\main\Frentzen\Project\ISD\training_images_augmented_v2\Frentzen\aug_vid0_frame00285_combined_0254.jpg,test,vid0_frame00285
Frentzen,C:\Users\main\Frentzen\Project\ISD\training_images_augmented_v2\Frentzen\aug_vid0_frame00285_geometric_0237.jpg,test,vid0_frame00285
Frentzen,C:\Users\main\Frentzen\Project\ISD\training_images_augmented_v2\Frentzen\aug_vid0_frame00285_occlusion_0362.jpg,test,vid0_frame00285
Frentzen,C:\Users\main\Frentzen\Project\ISD\training_images_augmented_v2\Frentzen\aug_vid0_frame00285_photometric_0069.jpg,test,vid0_frame00285
Frentzen,C:\Users\main\Frentzen\Project\ISD\training_images_augmented_v2\Frentzen\aug_vid0_frame00285_photometric_0130.jpg,test,vid0_frame00285
Frentzen,C:\Users\main\Frentzen\Project\ISD\training_images_augmented_v2\Frentzen\aug_vid0_frame00285_photometric_0132.jpg,test,vid0_frame00285
Frentzen,C:\Users\main\Frentzen\Project\ISD\training_images_augmented_v2\Frentzen\aug_vid0_frame00285_rain_0318.jpg,test,vid0_frame00285
Frentzen,C:\Users\main\Frentzen\Project\ISD\training_images_augmented_v2\Frentzen\raw_vid0_frame00285.jpg,test,vid0_frame00285
Frentzen,C:\Users\main\Frentzen\Project\ISD\training_images_augmented_v2\Frentzen\aug_vid0_frame00084_combined_0399.jpg,test,vid0_frame00084
Frentzen,C:\Users\main\Frentzen\Project\ISD\training_images_augmented_v2\Frentzen\aug_vid0_frame00084_geometric_0102.jpg,test,vid0_frame00084
Frentzen,C:\Users\main\Frentzen\Project\ISD\training_images_augmented_v2\Frentzen\aug_vid0_frame00084_occlusion_0394.jpg,test,vid0_frame00084
Frentzen,C:\Users\main\Frentzen\Project\ISD\training_images_augmented_v2\Frentzen\raw_vid0_frame00084.jpg,test,vid0_frame00084
Frentzen,C:\Users\main\Frentzen\Project\ISD\training_images_augmented_v2\Frentzen\aug_vid0_frame00012_combined_0243.jpg,test,vid0_frame00012
Frentzen,C:\Users\main\Frentzen\Project\ISD\training_images_augmented_v2\Frentzen\aug_vid0_frame00012_geometric_0273.jpg,test,vid0_frame00012
Frentzen,C:\Users\main\Frentzen\Project\ISD\training_images_augmented_v2\Frentzen\aug_vid0_frame00012_photometric_0115.jpg,test,vid0_frame00012
Frentzen,C:\Users\main\Frentzen\Project\ISD\training_images_augmented_v2\Frentzen\raw_vid0_frame00012.jpg,test,vid0_frame00012
Frentzen,C:\Users\main\Frentzen\Project\ISD\training_images_augmented_v2\Frentzen\aug_vid0_frame00390_geometric_0165.jpg,test,vid0_frame00390
Frentzen,C:\Users\main\Frentzen\Project\ISD\training_images_augmented_v2\Frentzen\aug_vid0_frame00390_geometric_0316.jpg,test,vid0_frame00390
Frentzen,C:\Users\main\Frentzen\Project\ISD\training_images_augmented_v2\Frentzen\aug_vid0_frame00390_photometric_0181.jpg,test,vid0_frame00390
Frentzen,C:\Users\main\Frentzen\Project\ISD\training_images_augmented_v2\Frentzen\raw_vid0_frame00390.jpg,test,vid0_frame00390
Frentzen,C:\Users\main\Frentzen\Project\ISD\training_images_augmented_v2\Frentzen\aug_vid0_frame00255_geometric_0235.jpg,test,vid0_frame00255
Frentzen,C:\Users\main\Frentzen\Project\ISD\training_images_augmented_v2\Frentzen\aug_vid0_frame00255_snow_0281.jpg,test,vid0_frame00255
Frentzen,C:\Users\main\Frentzen\Project\ISD\training_images_augmented_v2\Frentzen\raw_vid0_frame00255.jpg,test,vid0_frame00255
Frentzen,C:\Users\main\Frentzen\Project\ISD\training_images_augmented_v2\Frentzen\aug_vid0_frame00000_fog_0143.jpg,test,vid0_frame00000
Frentzen,C:\Users\main\Frentzen\Project\ISD\training_images_augmented_v2\Frentzen\aug_vid0_frame00000_geometric_0147.jpg,test,vid0_frame00000
Frentzen,C:\Users\main\Frentzen\Project\ISD\training_images_augmented_v2\Frentzen\aug_vid0_frame00000_geometric_0187.jpg,test,vid0_frame00000
Frentzen,C:\Users\main\Frentzen\Project\ISD\training_images_augmented_v2\Frentzen\raw_vid0_frame00000.jpg,test,vid0_frame00000
Frentzen,C:\Users\main\Frentzen\Project\ISD\training_images_augmented_v2\Frentzen\aug_vid0_frame00423_combined_0268.jpg,test,vid0_frame00423
Frentzen,C:\Users\main\Frentzen\Project\ISD\training_images_augmented_v2\Frentzen\aug_vid0_frame00423_fog_0009.jpg,test,vid0_frame00423
Frentzen,C:\Users\main\Frentzen\Project\ISD\training_images_augmented_v2\Frentzen\aug_vid0_frame00423_geometric_0014.jpg,test,vid0_frame00423
Frentzen,C:\Users\main\Frentzen\Project\ISD\training_images_augmented_v2\Frentzen\aug_vid0_frame00423_geometric_0093.jpg,test,vid0_frame00423
Frentzen,C:\Users\main\Frentzen\Project\ISD\training_images_augmented_v2\Frentzen\raw_vid0_frame00423.jpg,test,vid0_frame00423
Frentzen,C:\Users\main\Frentzen\Project\ISD\training_images_augmented_v2\Frentzen\aug_vid0_frame00441_combined_0338.jpg,test,vid0_frame00441
Frentzen,C:\Users\main\Frentzen\Project\ISD\training_images_augmented_v2\Frentzen\aug_vid0_frame00441_photometric_0410.jpg,test,vid0_frame00441
Frentzen,C:\Users\main\Frentzen\Project\ISD\training_images_augmented_v2\Frentzen\aug_vid0_frame00441_snow_0114.jpg,test,vid0_frame00441
Frentzen,C:\Users\main\Frentzen\Project\ISD\training_images_augmented_v2\Frentzen\raw_vid0_frame00441.jpg,test,vid0_frame00441
Frentzen,C:\Users\main\Frentzen\Project\ISD\training_images_augmented_v2\Frentzen\aug_vid0_frame00123_occlusion_0238.jpg,test,vid0_frame00123
Frentzen,C:\Users\main\Frentzen\Project\ISD\training_images_augmented_v2\Frentzen\raw_vid0_frame00123.jpg,test,vid0_frame00123
Frentzen,C:\Users\main\Frentzen\Project\ISD\training_images_augmented_v2\Frentzen\aug_vid0_frame00294_combined_0298.jpg,test,vid0_frame00294
Frentzen,C:\Users\main\Frentzen\Project\ISD\training_images_augmented_v2\Frentzen\aug_vid0_frame00294_photometric_0096.jpg,test,vid0_frame00294
Frentzen,C:\Users\main\Frentzen\Project\ISD\training_images_augmented_v2\Frentzen\aug_vid0_frame00294_snow_0141.jpg,test,vid0_frame00294
Frentzen,C:\Users\main\Frentzen\Project\ISD\training_images_augmented_v2\Frentzen\raw_vid0_frame00294.jpg,test,vid0_frame00294
Frentzen,C:\Users\main\Frentzen\Project\ISD\training_images_augmented_v2\Frentzen\aug_vid0_frame00117_combined_0419.jpg,test,vid0_frame00117
Frentzen,C:\Users\main\Frentzen\Project\ISD\training_images_augmented_v2\Frentzen\aug_vid0_frame00117_fog_0002.jpg,test,vid0_frame00117
Frentzen,C:\Users\main\Frentzen\Project\ISD\training_images_augmented_v2\Frentzen\aug_vid0_frame00117_geometric_0028.jpg,test,vid0_frame00117
Frentzen,C:\Users\main\Frentzen\Project\ISD\training_images_augmented_v2\Frentzen\aug_vid0_frame00117_geometric_0261.jpg,test,vid0_frame00117
Frentzen,C:\Users\main\Frentzen\Project\ISD\training_images_augmented_v2\Frentzen\aug_vid0_frame00117_photometric_0289.jpg,test,vid0_frame00117
Frentzen,C:\Users\main\Frentzen\Project\ISD\training_images_augmented_v2\Frentzen\raw_vid0_frame00117.jpg,test,vid0_frame00117
Frentzen,C:\Users\main\Frentzen\Project\ISD\training_images_augmented_v2\Frentzen\aug_vid0_frame00150_combined_0087.jpg,test,vid0_frame00150
Frentzen,C:\Users\main\Frentzen\Project\ISD\training_images_augmented_v2\Frentzen\aug_vid0_frame00150_geometric_0095.jpg,test,vid0_frame00150
Frentzen,C:\Users\main\Frentzen\Project\ISD\training_images_augmented_v2\Frentzen\raw_vid0_frame00150.jpg,test,vid0_frame00150
Frentzen,C:\Users\main\Frentzen\Project\ISD\training_images_augmented_v2\Frentzen\raw_vid0_frame00309.jpg,test,vid0_frame00309
Frentzen,C:\Users\main\Frentzen\Project\ISD\training_images_augmented_v2\Frentzen\aug_vid0_frame00234_combined_0133.jpg,test,vid0_frame00234
Frentzen,C:\Users\main\Frentzen\Project\ISD\training_images_augmented_v2\Frentzen\aug_vid0_frame00234_fog_0029.jpg,test,vid0_frame00234
Frentzen,C:\Users\main\Frentzen\Project\ISD\training_images_augmented_v2\Frentzen\aug_vid0_frame00234_occlusion_0230.jpg,test,vid0_frame00234
Frentzen,C:\Users\main\Frentzen\Project\ISD\training_images_augmented_v2\Frentzen\aug_vid0_frame00234_photometric_0067.jpg,test,vid0_frame00234
Frentzen,C:\Users\main\Frentzen\Project\ISD\training_images_augmented_v2\Frentzen\aug_vid0_frame00234_photometric_0417.jpg,test,vid0_frame00234
Frentzen,C:\Users\main\Frentzen\Project\ISD\training_images_augmented_v2\Frentzen\aug_vid0_frame00234_photometric_0434.jpg,test,vid0_frame00234
Frentzen,C:\Users\main\Frentzen\Project\ISD\training_images_augmented_v2\Frentzen\aug_vid0_frame00234_snow_0033.jpg,test,vid0_frame00234
Frentzen,C:\Users\main\Frentzen\Project\ISD\training_images_augmented_v2\Frentzen\raw_vid0_frame00234.jpg,test,vid0_frame00234
Frentzen,C:\Users\main\Frentzen\Project\ISD\training_images_augmented_v2\Frentzen\aug_vid0_frame00081_combined_0156.jpg,test,vid0_frame00081
Frentzen,C:\Users\main\Frentzen\Project\ISD\training_images_augmented_v2\Frentzen\aug_vid0_frame00081_photometric_0293.jpg,test,vid0_frame00081
Frentzen,C:\Users\main\Frentzen\Project\ISD\training_images_augmented_v2\Frentzen\aug_vid0_frame00081_photometric_0328.jpg,test,vid0_frame00081
Frentzen,C:\Users\main\Frentzen\Project\ISD\training_images_augmented_v2\Frentzen\aug_vid0_frame00081_rain_0122.jpg,test,vid0_frame00081
Frentzen,C:\Users\main\Frentzen\Project\ISD\training_images_augmented_v2\Frentzen\raw_vid0_frame00081.jpg,test,vid0_frame00081
Frentzen,C:\Users\main\Frentzen\Project\ISD\training_images_augmented_v2\Frentzen\aug_vid0_frame00402_combined_0060.jpg,test,vid0_frame00402
Frentzen,C:\Users\main\Frentzen\Project\ISD\training_images_augmented_v2\Frentzen\aug_vid0_frame00402_geometric_0003.jpg,test,vid0_frame00402
Frentzen,C:\Users\main\Frentzen\Project\ISD\training_images_augmented_v2\Frentzen\aug_vid0_frame00402_geometric_0098.jpg,test,vid0_frame00402
Frentzen,C:\Users\main\Frentzen\Project\ISD\training_images_augmented_v2\Frentzen\aug_vid0_frame00402_photometric_0178.jpg,test,vid0_frame00402
Frentzen,C:\Users\main\Frentzen\Project\ISD\training_images_augmented_v2\Frentzen\aug_vid0_frame00402_snow_0153.jpg,test,vid0_frame00402
Frentzen,C:\Users\main\Frentzen\Project\ISD\training_images_augmented_v2\Frentzen\raw_vid0_frame00402.jpg,test,vid0_frame00402
Frentzen,C:\Users\main\Frentzen\Project\ISD\training_images_augmented_v2\Frentzen\aug_vid0_frame00135_combined_0220.jpg,test,vid0_frame00135
Frentzen,C:\Users\main\Frentzen\Project\ISD\training_images_augmented_v2\Frentzen\aug_vid0_frame00135_combined_0376.jpg,test,vid0_frame00135
Frentzen,C:\Users\main\Frentzen\Project\ISD\training_images_augmented_v2\Frentzen\aug_vid0_frame00135_geometric_0322.jpg,test,vid0_frame00135
Frentzen,C:\Users\main\Frentzen\Project\ISD\training_images_augmented_v2\Frentzen\aug_vid0_frame00135_photometric_0236.jpg,test,vid0_frame00135
Frentzen,C:\Users\main\Frentzen\Project\ISD\training_images_augmented_v2\Frentzen\aug_vid0_frame00135_rain_0395.jpg,test,vid0_frame00135
Frentzen,C:\Users\main\Frentzen\Project\ISD\training_images_augmented_v2\Frentzen\raw_vid0_frame00135.jpg,test,vid0_frame00135
Frentzen,C:\Users\main\Frentzen\Project\ISD\training_images_augmented_v2\Frentzen\aug_vid0_frame00399_photometric_0349.jpg,test,vid0_frame00399
Frentzen,C:\Users\main\Frentzen\Project\ISD\training_images_augmented_v2\Frentzen\aug_vid0_frame00399_snow_0152.jpg,test,vid0_frame00399
Frentzen,C:\Users\main\Frentzen\Project\ISD\training_images_augmented_v2\Frentzen\raw_vid0_frame00399.jpg,test,vid0_frame00399
Frentzen,C:\Users\main\Frentzen\Project\ISD\training_images_augmented_v2\Frentzen\aug_vid0_frame00204_geometric_0356.jpg,test,vid0_frame00204
Frentzen,C:\Users\main\Frentzen\Project\ISD\training_images_augmented_v2\Frentzen\aug_vid0_frame00204_geometric_0431.jpg,test,vid0_frame00204
Frentzen,C:\Users\main\Frentzen\Project\ISD\training_images_augmented_v2\Frentzen\aug_vid0_frame00204_photometric_0183.jpg,test,vid0_frame00204
Frentzen,C:\Users\main\Frentzen\Project\ISD\training_images_augmented_v2\Frentzen\raw_vid0_frame00204.jpg,test,vid0_frame00204
Jessica,C:\Users\main\Frentzen\Project\ISD\training_images_augmented_v2\Jessica\raw_vid0_frame00245.jpg,enrollment,vid0_frame00245
Jessica,C:\Users\main\Frentzen\Project\ISD\training_images_augmented_v2\Jessica\aug_vid0_frame00685_combined_0149.jpg,enrollment,vid0_frame00685
Jessica,C:\Users\main\Frentzen\Project\ISD\training_images_augmented_v2\Jessica\aug_vid0_frame00685_combined_0266.jpg,enrollment,vid0_frame00685
Jessica,C:\Users\main\Frentzen\Project\ISD\training_images_augmented_v2\Jessica\aug_vid0_frame00685_combined_0369.jpg,enrollment,vid0_frame00685
Jessica,C:\Users\main\Frentzen\Project\ISD\training_images_augmented_v2\Jessica\aug_vid0_frame00685_photometric_0263.jpg,enrollment,vid0_frame00685
Jessica,C:\Users\main\Frentzen\Project\ISD\training_images_augmented_v2\Jessica\aug_vid0_frame00685_rain_0228.jpg,enrollment,vid0_frame00685
Jessica,C:\Users\main\Frentzen\Project\ISD\training_images_augmented_v2\Jessica\raw_vid0_frame00685.jpg,enrollment,vid0_frame00685
Jessica,C:\Users\main\Frentzen\Project\ISD\training_images_augmented_v2\Jessica\aug_vid0_frame00135_fog_0089.jpg,enrollment,vid0_frame00135
Jessica,C:\Users\main\Frentzen\Project\ISD\training_images_augmented_v2\Jessica\raw_vid0_frame00135.jpg,enrollment,vid0_frame00135
Jessica,C:\Users\main\Frentzen\Project\ISD\training_images_augmented_v2\Jessica\aug_vid0_frame00635_photometric_0140.jpg,enrollment,vid0_frame00635
Jessica,C:\Users\main\Frentzen\Project\ISD\training_images_augmented_v2\Jessica\raw_vid0_frame00635.jpg,enrollment,vid0_frame00635
Jessica,C:\Users\main\Frentzen\Project\ISD\training_images_augmented_v2\Jessica\aug_vid0_frame00125_geometric_0365.jpg,enrollment,vid0_frame00125
Jessica,C:\Users\main\Frentzen\Project\ISD\training_images_augmented_v2\Jessica\aug_vid0_frame00125_photometric_0326.jpg,enrollment,vid0_frame00125
Jessica,C:\Users\main\Frentzen\Project\ISD\training_images_augmented_v2\Jessica\raw_vid0_frame00125.jpg,enrollment,vid0_frame00125
Jessica,C:\Users\main\Frentzen\Project\ISD\training_images_augmented_v2\Jessica\aug_vid0_frame00240_combined_0067.jpg,enrollment,vid0_frame00240
Jessica,C:\Users\main\Frentzen\Project\ISD\training_images_augmented_v2\Jessica\aug_vid0_frame00240_fog_0117.jpg,enrollment,vid0_frame00240
Jessica,C:\Users\main\Frentzen\Project\ISD\training_images_augmented_v2\Jessica\raw_vid0_frame00240.jpg,enrollment,vid0_frame00240
Jessica,C:\Users\main\Frentzen\Project\ISD\training_images_augmented_v2\Jessica\aug_vid0_frame00235_geometric_0281.jpg,enrollment,vid0_frame00235
Jessica,C:\Users\main\Frentzen\Project\ISD\training_images_augmented_v2\Jessica\aug_vid0_frame00235_geometric_0356.jpg,enrollment,vid0_frame00235
Jessica,C:\Users\main\Frentzen\Project\ISD\training_images_augmented_v2\Jessica\aug_vid0_frame00235_geometric_0378.jpg,enrollment,vid0_frame00235
Jessica,C:\Users\main\Frentzen\Project\ISD\training_images_augmented_v2\Jessica\aug_vid0_frame00235_photometric_0389.jpg,enrollment,vid0_frame00235
Jessica,C:\Users\main\Frentzen\Project\ISD\training_images_augmented_v2\Jessica\aug_vid0_frame00235_rain_0052.jpg,enrollment,vid0_frame00235
Jessica,C:\Users\main\Frentzen\Project\ISD\training_images_augmented_v2\Jessica\raw_vid0_frame00235.jpg,enrollment,vid0_frame00235
Jessica,C:\Users\main\Frentzen\Project\ISD\training_images_augmented_v2\Jessica\aug_vid0_frame00290_combined_0006.jpg,enrollment,vid0_frame00290
Jessica,C:\Users\main\Frentzen\Project\ISD\training_images_augmented_v2\Jessica\raw_vid0_frame00290.jpg,enrollment,vid0_frame00290
Jessica,C:\Users\main\Frentzen\Project\ISD\training_images_augmented_v2\Jessica\aug_vid0_frame00160_combined_0156.jpg,enrollment,vid0_frame00160
Jessica,C:\Users\main\Frentzen\Project\ISD\training_images_augmented_v2\Jessica\aug_vid0_frame00160_combined_0441.jpg,enrollment,vid0_frame00160
Jessica,C:\Users\main\Frentzen\Project\ISD\training_images_augmented_v2\Jessica\aug_vid0_frame00160_geometric_0233.jpg,enrollment,vid0_frame00160
Jessica,C:\Users\main\Frentzen\Project\ISD\training_images_augmented_v2\Jessica\aug_vid0_frame00160_photometric_0092.jpg,enrollment,vid0_frame00160
Jessica,C:\Users\main\Frentzen\Project\ISD\training_images_augmented_v2\Jessica\raw_vid0_frame00160.jpg,enrollment,vid0_frame00160
Jessica,C:\Users\main\Frentzen\Project\ISD\training_images_augmented_v2\Jessica\aug_vid0_frame00475_combined_0042.jpg,enrollment,vid0_frame00475
Jessica,C:\Users\main\Frentzen\Project\ISD\training_images_augmented_v2\Jessica\aug_vid0_frame00475_combined_0217.jpg,enrollment,vid0_frame00475
Jessica,C:\Users\main\Frentzen\Project\ISD\training_images_augmented_v2\Jessica\aug_vid0_frame00475_geometric_0118.jpg,enrollment,vid0_frame00475
Jessica,C:\Users\main\Frentzen\Project\ISD\training_images_augmented_v2\Jessica\aug_vid0_frame00475_geometric_0130.jpg,enrollment,vid0_frame00475
Jessica,C:\Users\main\Frentzen\Project\ISD\training_images_augmented_v2\Jessica\raw_vid0_frame00475.jpg,enrollment,vid0_frame00475
Jessica,C:\Users\main\Frentzen\Project\ISD\training_images_augmented_v2\Jessica\aug_vid0_frame00505_combined_0112.jpg,enrollment,vid0_frame00505
Jessica,C:\Users\main\Frentzen\Project\ISD\training_images_augmented_v2\Jessica\aug_vid0_frame00505_combined_0352.jpg,enrollment,vid0_frame00505
Jessica,C:\Users\main\Frentzen\Project\ISD\training_images_augmented_v2\Jessica\aug_vid0_frame00505_combined_0372.jpg,enrollment,vid0_frame00505
Jessica,C:\Users\main\Frentzen\Project\ISD\training_images_augmented_v2\Jessica\aug_vid0_frame00505_geometric_0098.jpg,enrollment,vid0_frame00505
Jessica,C:\Users\main\Frentzen\Project\ISD\training_images_augmented_v2\Jessica\aug_vid0_frame00505_geometric_0347.jpg,enrollment,vid0_frame00505
Jessica,C:\Users\main\Frentzen\Project\ISD\training_images_augmented_v2\Jessica\aug_vid0_frame00505_geometric_0444.jpg,enrollment,vid0_frame00505
Jessica,C:\Users\main\Frentzen\Project\ISD\training_images_augmented_v2\Jessica\aug_vid0_frame00505_occlusion_0185.jpg,enrollment,vid0_frame00505
Jessica,C:\Users\main\Frentzen\Project\ISD\training_images_augmented_v2\Jessica\raw_vid0_frame00505.jpg,enrollment,vid0_frame00505
Jessica,C:\Users\main\Frentzen\Project\ISD\training_images_augmented_v2\Jessica\aug_vid0_frame00585_combined_0081.jpg,enrollment,vid0_frame00585
Jessica,C:\Users\main\Frentzen\Project\ISD\training_images_augmented_v2\Jessica\aug_vid0_frame00585_occlusion_0346.jpg,enrollment,vid0_frame00585
Jessica,C:\Users\main\Frentzen\Project\ISD\training_images_augmented_v2\Jessica\raw_vid0_frame00585.jpg,enrollment,vid0_frame00585
Jessica,C:\Users\main\Frentzen\Project\ISD\training_images_augmented_v2\Jessica\raw_vid0_frame00595.jpg,enrollment,vid0_frame00595
Jessica,C:\Users\main\Frentzen\Project\ISD\training_images_augmented_v2\Jessica\aug_vid0_frame00575_photometric_0282.jpg,enrollment,vid0_frame00575
Jessica,C:\Users\main\Frentzen\Project\ISD\training_images_augmented_v2\Jessica\aug_vid0_frame00575_photometric_0358.jpg,enrollment,vid0_frame00575
Jessica,C:\Users\main\Frentzen\Project\ISD\training_images_augmented_v2\Jessica\raw_vid0_frame00575.jpg,enrollment,vid0_frame00575
Jessica,C:\Users\main\Frentzen\Project\ISD\training_images_augmented_v2\Jessica\aug_vid0_frame00485_fog_0337.jpg,enrollment,vid0_frame00485
Jessica,C:\Users\main\Frentzen\Project\ISD\training_images_augmented_v2\Jessica\aug_vid0_frame00485_geometric_0306.jpg,enrollment,vid0_frame00485
Jessica,C:\Users\main\Frentzen\Project\ISD\training_images_augmented_v2\Jessica\aug_vid0_frame00485_occlusion_0016.jpg,enrollment,vid0_frame00485
Jessica,C:\Users\main\Frentzen\Project\ISD\training_images_augmented_v2\Jessica\aug_vid0_frame00485_occlusion_0087.jpg,enrollment,vid0_frame00485
Jessica,C:\Users\main\Frentzen\Project\ISD\training_images_augmented_v2\Jessica\aug_vid0_frame00485_rain_0029.jpg,enrollment,vid0_frame00485
Jessica,C:\Users\main\Frentzen\Project\ISD\training_images_augmented_v2\Jessica\aug_vid0_frame00485_snow_0350.jpg,enrollment,vid0_frame00485
Jessica,C:\Users\main\Frentzen\Project\ISD\training_images_augmented_v2\Jessica\raw_vid0_frame00485.jpg,enrollment,vid0_frame00485
Jessica,C:\Users\main\Frentzen\Project\ISD\training_images_augmented_v2\Jessica\aug_vid0_frame00350_combined_0327.jpg,enrollment,vid0_frame00350
Jessica,C:\Users\main\Frentzen\Project\ISD\training_images_augmented_v2\Jessica\aug_vid0_frame00350_photometric_0160.jpg,enrollment,vid0_frame00350
Jessica,C:\Users\main\Frentzen\Project\ISD\training_images_augmented_v2\Jessica\raw_vid0_frame00350.jpg,enrollment,vid0_frame00350
Jessica,C:\Users\main\Frentzen\Project\ISD\training_images_augmented_v2\Jessica\aug_vid0_frame00500_photometric_0147.jpg,enrollment,vid0_frame00500
Jessica,C:\Users\main\Frentzen\Project\ISD\training_images_augmented_v2\Jessica\aug_vid0_frame00500_snow_0216.jpg,enrollment,vid0_frame00500
Jessica,C:\Users\main\Frentzen\Project\ISD\training_images_augmented_v2\Jessica\raw_vid0_frame00500.jpg,enrollment,vid0_frame00500
Jessica,C:\Users\main\Frentzen\Project\ISD\training_images_augmented_v2\Jessica\aug_vid0_frame00345_combined_0080.jpg,enrollment,vid0_frame00345
Jessica,C:\Users\main\Frentzen\Project\ISD\training_images_augmented_v2\Jessica\aug_vid0_frame00345_rain_0169.jpg,enrollment,vid0_frame00345
Jessica,C:\Users\main\Frentzen\Project\ISD\training_images_augmented_v2\Jessica\aug_vid0_frame00345_rain_0238.jpg,enrollment,vid0_frame00345
Jessica,C:\Users\main\Frentzen\Project\ISD\training_images_augmented_v2\Jessica\raw_vid0_frame00345.jpg,enrollment,vid0_frame00345
Jessica,C:\Users\main\Frentzen\Project\ISD\training_images_augmented_v2\Jessica\aug_vid0_frame00295_rain_0341.jpg,enrollment,vid0_frame00295
Jessica,C:\Users\main\Frentzen\Project\ISD\training_images_augmented_v2\Jessica\raw_vid0_frame00295.jpg,enrollment,vid0_frame00295
Jessica,C:\Users\main\Frentzen\Project\ISD\training_images_augmented_v2\Jessica\aug_vid0_frame00210_geometric_0076.jpg,enrollment,vid0_frame00210
Jessica,C:\Users\main\Frentzen\Project\ISD\training_images_augmented_v2\Jessica\aug_vid0_frame00210_photometric_0374.jpg,enrollment,vid0_frame00210
Jessica,C:\Users\main\Frentzen\Project\ISD\training_images_augmented_v2\Jessica\aug_vid0_frame00210_snow_0201.jpg,enrollment,vid0_frame00210
Jessica,C:\Users\main\Frentzen\Project\ISD\training_images_augmented_v2\Jessica\raw_vid0_frame00210.jpg,enrollment,vid0_frame00210
Jessica,C:\Users\main\Frentzen\Project\ISD\training_images_augmented_v2\Jessica\aug_vid0_frame00030_geometric_0010.jpg,enrollment,vid0_frame00030
Jessica,C:\Users\main\Frentzen\Project\ISD\training_images_augmented_v2\Jessica\aug_vid0_frame00030_photometric_0075.jpg,enrollment,vid0_frame00030
Jessica,C:\Users\main\Frentzen\Project\ISD\training_images_augmented_v2\Jessica\raw_vid0_frame00030.jpg,enrollment,vid0_frame00030
Jessica,C:\Users\main\Frentzen\Project\ISD\training_images_augmented_v2\Jessica\aug_vid0_frame00320_geometric_0036.jpg,enrollment,vid0_frame00320
Jessica,C:\Users\main\Frentzen\Project\ISD\training_images_augmented_v2\Jessica\aug_vid0_frame00320_geometric_0073.jpg,enrollment,vid0_frame00320
Jessica,C:\Users\main\Frentzen\Project\ISD\training_images_augmented_v2\Jessica\aug_vid0_frame00320_photometric_0125.jpg,enrollment,vid0_frame00320
Jessica,C:\Users\main\Frentzen\Project\ISD\training_images_augmented_v2\Jessica\aug_vid0_frame00320_snow_0070.jpg,enrollment,vid0_frame00320
Jessica,C:\Users\main\Frentzen\Project\ISD\training_images_augmented_v2\Jessica\raw_vid0_frame00320.jpg,enrollment,vid0_frame00320
Jessica,C:\Users\main\Frentzen\Project\ISD\training_images_augmented_v2\Jessica\aug_vid0_frame00140_combined_0179.jpg,enrollment,vid0_frame00140
Jessica,C:\Users\main\Frentzen\Project\ISD\training_images_augmented_v2\Jessica\aug_vid0_frame00140_photometric_0159.jpg,enrollment,vid0_frame00140
Jessica,C:\Users\main\Frentzen\Project\ISD\training_images_augmented_v2\Jessica\raw_vid0_frame00140.jpg,enrollment,vid0_frame00140
Jessica,C:\Users\main\Frentzen\Project\ISD\training_images_augmented_v2\Jessica\aug_vid0_frame00055_combined_0439.jpg,enrollment,vid0_frame00055
Jessica,C:\Users\main\Frentzen\Project\ISD\training_images_augmented_v2\Jessica\aug_vid0_frame00055_occlusion_0321.jpg,enrollment,vid0_frame00055
Jessica,C:\Users\main\Frentzen\Project\ISD\training_images_augmented_v2\Jessica\aug_vid0_frame00055_photometric_0412.jpg,enrollment,vid0_frame00055
Jessica,C:\Users\main\Frentzen\Project\ISD\training_images_augmented_v2\Jessica\aug_vid0_frame00055_photometric_0430.jpg,enrollment,vid0_frame00055
Jessica,C:\Users\main\Frentzen\Project\ISD\training_images_augmented_v2\Jessica\aug_vid0_frame00055_snow_0348.jpg,enrollment,vid0_frame00055
Jessica,C:\Users\main\Frentzen\Project\ISD\training_images_augmented_v2\Jessica\aug_vid0_frame00055_snow_0382.jpg,enrollment,vid0_frame00055
Jessica,C:\Users\main\Frentzen\Project\ISD\training_images_augmented_v2\Jessica\raw_vid0_frame00055.jpg,enrollment,vid0_frame00055
Jessica,C:\Users\main\Frentzen\Project\ISD\training_images_augmented_v2\Jessica\aug_vid0_frame00425_combined_0001.jpg,enrollment,vid0_frame00425
Jessica,C:\Users\main\Frentzen\Project\ISD\training_images_augmented_v2\Jessica\aug_vid0_frame00425_combined_0344.jpg,enrollment,vid0_frame00425
Jessica,C:\Users\main\Frentzen\Project\ISD\training_images_augmented_v2\Jessica\aug_vid0_frame00425_geometric_0229.jpg,enrollment,vid0_frame00425
Jessica,C:\Users\main\Frentzen\Project\ISD\training_images_augmented_v2\Jessica\aug_vid0_frame00425_occlusion_0082.jpg,enrollment,vid0_frame00425
Jessica,C:\Users\main\Frentzen\Project\ISD\training_images_augmented_v2\Jessica\raw_vid0_frame00425.jpg,enrollment,vid0_frame00425
Jessica,C:\Users\main\Frentzen\Project\ISD\training_images_augmented_v2\Jessica\aug_vid0_frame00625_combined_0022.jpg,enrollment,vid0_frame00625
Jessica,C:\Users\main\Frentzen\Project\ISD\training_images_augmented_v2\Jessica\aug_vid0_frame00625_combined_0184.jpg,enrollment,vid0_frame00625
Jessica,C:\Users\main\Frentzen\Project\ISD\training_images_augmented_v2\Jessica\aug_vid0_frame00625_combined_0370.jpg,enrollment,vid0_frame00625
Jessica,C:\Users\main\Frentzen\Project\ISD\training_images_augmented_v2\Jessica\aug_vid0_frame00625_photometric_0000.jpg,enrollment,vid0_frame00625
Jessica,C:\Users\main\Frentzen\Project\ISD\training_images_augmented_v2\Jessica\raw_vid0_frame00625.jpg,enrollment,vid0_frame00625
Jessica,C:\Users\main\Frentzen\Project\ISD\training_images_augmented_v2\Jessica\aug_vid0_frame00330_geometric_0206.jpg,enrollment,vid0_frame00330
Jessica,C:\Users\main\Frentzen\Project\ISD\training_images_augmented_v2\Jessica\raw_vid0_frame00330.jpg,enrollment,vid0_frame00330
Jessica,C:\Users\main\Frentzen\Project\ISD\training_images_augmented_v2\Jessica\aug_vid0_frame00705_combined_0253.jpg,enrollment,vid0_frame00705
Jessica,C:\Users\main\Frentzen\Project\ISD\training_images_augmented_v2\Jessica\aug_vid0_frame00705_fog_0051.jpg,enrollment,vid0_frame00705
Jessica,C:\Users\main\Frentzen\Project\ISD\training_images_augmented_v2\Jessica\aug_vid0_frame00705_fog_0224.jpg,enrollment,vid0_frame00705
Jessica,C:\Users\main\Frentzen\Project\ISD\training_images_augmented_v2\Jessica\aug_vid0_frame00705_geometric_0310.jpg,enrollment,vid0_frame00705
Jessica,C:\Users\main\Frentzen\Project\ISD\training_images_augmented_v2\Jessica\aug_vid0_frame00705_geometric_0401.jpg,enrollment,vid0_frame00705
Jessica,C:\Users\main\Frentzen\Project\ISD\training_images_augmented_v2\Jessica\aug_vid0_frame00705_occlusion_0165.jpg,enrollment,vid0_frame00705
Jessica,C:\Users\main\Frentzen\Project\ISD\training_images_augmented_v2\Jessica\aug_vid0_frame00705_occlusion_0343.jpg,enrollment,vid0_frame00705
Jessica,C:\Users\main\Frentzen\Project\ISD\training_images_augmented_v2\Jessica\aug_vid0_frame00705_photometric_0163.jpg,enrollment,vid0_frame00705
Jessica,C:\Users\main\Frentzen\Project\ISD\training_images_augmented_v2\Jessica\aug_vid0_frame00705_photometric_0410.jpg,enrollment,vid0_frame00705
Jessica,C:\Users\main\Frentzen\Project\ISD\training_images_augmented_v2\Jessica\raw_vid0_frame00705.jpg,enrollment,vid0_frame00705
Jessica,C:\Users\main\Frentzen\Project\ISD\training_images_augmented_v2\Jessica\aug_vid0_frame00360_geometric_0204.jpg,enrollment,vid0_frame00360
Jessica,C:\Users\main\Frentzen\Project\ISD\training_images_augmented_v2\Jessica\raw_vid0_frame00360.jpg,enrollment,vid0_frame00360
Jessica,C:\Users\main\Frentzen\Project\ISD\training_images_augmented_v2\Jessica\raw_vid0_frame00675.jpg,enrollment,vid0_frame00675
Jessica,C:\Users\main\Frentzen\Project\ISD\training_images_augmented_v2\Jessica\aug_vid0_frame00105_combined_0033.jpg,enrollment,vid0_frame00105
Jessica,C:\Users\main\Frentzen\Project\ISD\training_images_augmented_v2\Jessica\aug_vid0_frame00105_geometric_0220.jpg,enrollment,vid0_frame00105
Jessica,C:\Users\main\Frentzen\Project\ISD\training_images_augmented_v2\Jessica\aug_vid0_frame00105_photometric_0371.jpg,enrollment,vid0_frame00105
Jessica,C:\Users\main\Frentzen\Project\ISD\training_images_augmented_v2\Jessica\raw_vid0_frame00105.jpg,enrollment,vid0_frame00105
Jessica,C:\Users\main\Frentzen\Project\ISD\training_images_augmented_v2\Jessica\aug_vid0_frame00130_combined_0231.jpg,enrollment,vid0_frame00130
Jessica,C:\Users\main\Frentzen\Project\ISD\training_images_augmented_v2\Jessica\aug_vid0_frame00130_geometric_0035.jpg,enrollment,vid0_frame00130
Jessica,C:\Users\main\Frentzen\Project\ISD\training_images_augmented_v2\Jessica\aug_vid0_frame00130_geometric_0363.jpg,enrollment,vid0_frame00130
Jessica,C:\Users\main\Frentzen\Project\ISD\training_images_augmented_v2\Jessica\aug_vid0_frame00130_occlusion_0105.jpg,enrollment,vid0_frame00130
Jessica,C:\Users\main\Frentzen\Project\ISD\training_images_augmented_v2\Jessica\aug_vid0_frame00130_photometric_0276.jpg,enrollment,vid0_frame00130
Jessica,C:\Users\main\Frentzen\Project\ISD\training_images_augmented_v2\Jessica\aug_vid0_frame00130_photometric_0311.jpg,enrollment,vid0_frame00130
Jessica,C:\Users\main\Frentzen\Project\ISD\training_images_augmented_v2\Jessica\aug_vid0_frame00130_photometric_0336.jpg,enrollment,vid0_frame00130
Jessica,C:\Users\main\Frentzen\Project\ISD\training_images_augmented_v2\Jessica\raw_vid0_frame00130.jpg,enrollment,vid0_frame00130
Jessica,C:\Users\main\Frentzen\Project\ISD\training_images_augmented_v2\Jessica\aug_vid0_frame00445_geometric_0135.jpg,enrollment,vid0_frame00445
Jessica,C:\Users\main\Frentzen\Project\ISD\training_images_augmented_v2\Jessica\aug_vid0_frame00445_photometric_0302.jpg,enrollment,vid0_frame00445
Jessica,C:\Users\main\Frentzen\Project\ISD\training_images_augmented_v2\Jessica\raw_vid0_frame00445.jpg,enrollment,vid0_frame00445
Jessica,C:\Users\main\Frentzen\Project\ISD\training_images_augmented_v2\Jessica\aug_vid0_frame00490_combined_0045.jpg,enrollment,vid0_frame00490
Jessica,C:\Users\main\Frentzen\Project\ISD\training_images_augmented_v2\Jessica\aug_vid0_frame00490_combined_0399.jpg,enrollment,vid0_frame00490
Jessica,C:\Users\main\Frentzen\Project\ISD\training_images_augmented_v2\Jessica\aug_vid0_frame00490_geometric_0167.jpg,enrollment,vid0_frame00490
Jessica,C:\Users\main\Frentzen\Project\ISD\training_images_augmented_v2\Jessica\aug_vid0_frame00490_photometric_0189.jpg,enrollment,vid0_frame00490
Jessica,C:\Users\main\Frentzen\Project\ISD\training_images_augmented_v2\Jessica\raw_vid0_frame00490.jpg,enrollment,vid0_frame00490
Jessica,C:\Users\main\Frentzen\Project\ISD\training_images_augmented_v2\Jessica\aug_vid0_frame00020_combined_0258.jpg,enrollment,vid0_frame00020
Jessica,C:\Users\main\Frentzen\Project\ISD\training_images_augmented_v2\Jessica\aug_vid0_frame00020_fog_0168.jpg,enrollment,vid0_frame00020
Jessica,C:\Users\main\Frentzen\Project\ISD\training_images_augmented_v2\Jessica\aug_vid0_frame00020_fog_0417.jpg,enrollment,vid0_frame00020
Jessica,C:\Users\main\Frentzen\Project\ISD\training_images_augmented_v2\Jessica\aug_vid0_frame00020_geometric_0093.jpg,enrollment,vid0_frame00020
Jessica,C:\Users\main\Frentzen\Project\ISD\training_images_augmented_v2\Jessica\aug_vid0_frame00020_photometric_0232.jpg,enrollment,vid0_frame00020
Jessica,C:\Users\main\Frentzen\Project\ISD\training_images_augmented_v2\Jessica\aug_vid0_frame00020_photometric_0434.jpg,enrollment,vid0_frame00020
Jessica,C:\Users\main\Frentzen\Project\ISD\training_images_augmented_v2\Jessica\aug_vid0_frame00020_rain_0319.jpg,enrollment,vid0_frame00020
Jessica,C:\Users\main\Frentzen\Project\ISD\training_images_augmented_v2\Jessica\raw_vid0_frame00020.jpg,enrollment,vid0_frame00020
Jessica,C:\Users\main\Frentzen\Project\ISD\training_images_augmented_v2\Jessica\aug_vid0_frame00035_geometric_0375.jpg,enrollment,vid0_frame00035
Jessica,C:\Users\main\Frentzen\Project\ISD\training_images_augmented_v2\Jessica\aug_vid0_frame00035_photometric_0143.jpg,enrollment,vid0_frame00035
Jessica,C:\Users\main\Frentzen\Project\ISD\training_images_augmented_v2\Jessica\aug_vid0_frame00035_snow_0124.jpg,enrollment,vid0_frame00035
Jessica,C:\Users\main\Frentzen\Project\ISD\training_images_augmented_v2\Jessica\raw_vid0_frame00035.jpg,enrollment,vid0_frame00035
Jessica,C:\Users\main\Frentzen\Project\ISD\training_images_augmented_v2\Jessica\aug_vid0_frame00265_fog_0025.jpg,enrollment,vid0_frame00265
Jessica,C:\Users\main\Frentzen\Project\ISD\training_images_augmented_v2\Jessica\aug_vid0_frame00265_geometric_0021.jpg,enrollment,vid0_frame00265
Jessica,C:\Users\main\Frentzen\Project\ISD\training_images_augmented_v2\Jessica\aug_vid0_frame00265_geometric_0196.jpg,enrollment,vid0_frame00265
Jessica,C:\Users\main\Frentzen\Project\ISD\training_images_augmented_v2\Jessica\aug_vid0_frame00265_geometric_0255.jpg,enrollment,vid0_frame00265
Jessica,C:\Users\main\Frentzen\Project\ISD\training_images_augmented_v2\Jessica\aug_vid0_frame00265_geometric_0324.jpg,enrollment,vid0_frame00265
Jessica,C:\Users\main\Frentzen\Project\ISD\training_images_augmented_v2\Jessica\aug_vid0_frame00265_photometric_0013.jpg,enrollment,vid0_frame00265
Jessica,C:\Users\main\Frentzen\Project\ISD\training_images_augmented_v2\Jessica\raw_vid0_frame00265.jpg,enrollment,vid0_frame00265
Jessica,C:\Users\main\Frentzen\Project\ISD\training_images_augmented_v2\Jessica\raw_vid0_frame00745.jpg,enrollment,vid0_frame00745
Jessica,C:\Users\main\Frentzen\Project\ISD\training_images_augmented_v2\Jessica\aug_vid0_frame00280_geometric_0166.jpg,enrollment,vid0_frame00280
Jessica,C:\Users\main\Frentzen\Project\ISD\training_images_augmented_v2\Jessica\aug_vid0_frame00280_geometric_0190.jpg,enrollment,vid0_frame00280
Jessica,C:\Users\main\Frentzen\Project\ISD\training_images_augmented_v2\Jessica\aug_vid0_frame00280_occlusion_0031.jpg,enrollment,vid0_frame00280
Jessica,C:\Users\main\Frentzen\Project\ISD\training_images_augmented_v2\Jessica\aug_vid0_frame00280_photometric_0200.jpg,enrollment,vid0_frame00280
Jessica,C:\Users\main\Frentzen\Project\ISD\training_images_augmented_v2\Jessica\raw_vid0_frame00280.jpg,enrollment,vid0_frame00280
Jessica,C:\Users\main\Frentzen\Project\ISD\training_images_augmented_v2\Jessica\aug_vid0_frame00190_photometric_0194.jpg,enrollment,vid0_frame00190
Jessica,C:\Users\main\Frentzen\Project\ISD\training_images_augmented_v2\Jessica\aug_vid0_frame00190_photometric_0245.jpg,enrollment,vid0_frame00190
Jessica,C:\Users\main\Frentzen\Project\ISD\training_images_augmented_v2\Jessica\aug_vid0_frame00190_photometric_0357.jpg,enrollment,vid0_frame00190
Jessica,C:\Users\main\Frentzen\Project\ISD\training_images_augmented_v2\Jessica\raw_vid0_frame00190.jpg,enrollment,vid0_frame00190
Jessica,C:\Users\main\Frentzen\Project\ISD\training_images_augmented_v2\Jessica\aug_vid0_frame00155_geometric_0017.jpg,enrollment,vid0_frame00155
Jessica,C:\Users\main\Frentzen\Project\ISD\training_images_augmented_v2\Jessica\aug_vid0_frame00155_geometric_0020.jpg,enrollment,vid0_frame00155
Jessica,C:\Users\main\Frentzen\Project\ISD\training_images_augmented_v2\Jessica\aug_vid0_frame00155_photometric_0152.jpg,enrollment,vid0_frame00155
Jessica,C:\Users\main\Frentzen\Project\ISD\training_images_augmented_v2\Jessica\raw_vid0_frame00155.jpg,enrollment,vid0_frame00155
Jessica,C:\Users\main\Frentzen\Project\ISD\training_images_augmented_v2\Jessica\aug_vid0_frame00645_geometric_0413.jpg,enrollment,vid0_frame00645
Jessica,C:\Users\main\Frentzen\Project\ISD\training_images_augmented_v2\Jessica\aug_vid0_frame00645_photometric_0215.jpg,enrollment,vid0_frame00645
Jessica,C:\Users\main\Frentzen\Project\ISD\training_images_augmented_v2\Jessica\raw_vid0_frame00645.jpg,enrollment,vid0_frame00645
Jessica,C:\Users\main\Frentzen\Project\ISD\training_images_augmented_v2\Jessica\aug_vid0_frame00640_combined_0066.jpg,enrollment,vid0_frame00640
Jessica,C:\Users\main\Frentzen\Project\ISD\training_images_augmented_v2\Jessica\aug_vid0_frame00640_geometric_0213.jpg,enrollment,vid0_frame00640
Jessica,C:\Users\main\Frentzen\Project\ISD\training_images_augmented_v2\Jessica\aug_vid0_frame00640_rain_0366.jpg,enrollment,vid0_frame00640
Jessica,C:\Users\main\Frentzen\Project\ISD\training_images_augmented_v2\Jessica\aug_vid0_frame00640_snow_0271.jpg,enrollment,vid0_frame00640
Jessica,C:\Users\main\Frentzen\Project\ISD\training_images_augmented_v2\Jessica\raw_vid0_frame00640.jpg,enrollment,vid0_frame00640
Jessica,C:\Users\main\Frentzen\Project\ISD\training_images_augmented_v2\Jessica\aug_vid0_frame00565_combined_0088.jpg,enrollment,vid0_frame00565
Jessica,C:\Users\main\Frentzen\Project\ISD\training_images_augmented_v2\Jessica\aug_vid0_frame00565_photometric_0114.jpg,enrollment,vid0_frame00565
Jessica,C:\Users\main\Frentzen\Project\ISD\training_images_augmented_v2\Jessica\raw_vid0_frame00565.jpg,enrollment,vid0_frame00565
Jessica,C:\Users\main\Frentzen\Project\ISD\training_images_augmented_v2\Jessica\aug_vid0_frame00455_combined_0023.jpg,enrollment,vid0_frame00455
Jessica,C:\Users\main\Frentzen\Project\ISD\training_images_augmented_v2\Jessica\aug_vid0_frame00455_combined_0127.jpg,enrollment,vid0_frame00455
Jessica,C:\Users\main\Frentzen\Project\ISD\training_images_augmented_v2\Jessica\aug_vid0_frame00455_photometric_0387.jpg,enrollment,vid0_frame00455
Jessica,C:\Users\main\Frentzen\Project\ISD\training_images_augmented_v2\Jessica\raw_vid0_frame00455.jpg,enrollment,vid0_frame00455
Jessica,C:\Users\main\Frentzen\Project\ISD\training_images_augmented_v2\Jessica\aug_vid0_frame00340_combined_0040.jpg,enrollment,vid0_frame00340
Jessica,C:\Users\main\Frentzen\Project\ISD\training_images_augmented_v2\Jessica\aug_vid0_frame00340_geometric_0187.jpg,enrollment,vid0_frame00340
Jessica,C:\Users\main\Frentzen\Project\ISD\training_images_augmented_v2\Jessica\aug_vid0_frame00340_occlusion_0248.jpg,enrollment,vid0_frame00340
Jessica,C:\Users\main\Frentzen\Project\ISD\training_images_augmented_v2\Jessica\aug_vid0_frame00340_photometric_0305.jpg,enrollment,vid0_frame00340
Jessica,C:\Users\main\Frentzen\Project\ISD\training_images_augmented_v2\Jessica\raw_vid0_frame00340.jpg,enrollment,vid0_frame00340
Jessica,C:\Users\main\Frentzen\Project\ISD\training_images_augmented_v2\Jessica\aug_vid0_frame00000_combined_0241.jpg,enrollment,vid0_frame00000
Jessica,C:\Users\main\Frentzen\Project\ISD\training_images_augmented_v2\Jessica\aug_vid0_frame00000_combined_0416.jpg,enrollment,vid0_frame00000
Jessica,C:\Users\main\Frentzen\Project\ISD\training_images_augmented_v2\Jessica\aug_vid0_frame00000_geometric_0379.jpg,enrollment,vid0_frame00000
Jessica,C:\Users\main\Frentzen\Project\ISD\training_images_augmented_v2\Jessica\raw_vid0_frame00000.jpg,enrollment,vid0_frame00000
Jessica,C:\Users\main\Frentzen\Project\ISD\training_images_augmented_v2\Jessica\aug_vid0_frame00010_combined_0128.jpg,enrollment,vid0_frame00010
Jessica,C:\Users\main\Frentzen\Project\ISD\training_images_augmented_v2\Jessica\raw_vid0_frame00010.jpg,enrollment,vid0_frame00010
Jessica,C:\Users\main\Frentzen\Project\ISD\training_images_augmented_v2\Jessica\aug_vid0_frame00405_geometric_0068.jpg,enrollment,vid0_frame00405
Jessica,C:\Users\main\Frentzen\Project\ISD\training_images_augmented_v2\Jessica\aug_vid0_frame00405_geometric_0227.jpg,enrollment,vid0_frame00405
Jessica,C:\Users\main\Frentzen\Project\ISD\training_images_augmented_v2\Jessica\aug_vid0_frame00405_photometric_0024.jpg,enrollment,vid0_frame00405
Jessica,C:\Users\main\Frentzen\Project\ISD\training_images_augmented_v2\Jessica\raw_vid0_frame00405.jpg,enrollment,vid0_frame00405
Jessica,C:\Users\main\Frentzen\Project\ISD\training_images_augmented_v2\Jessica\aug_vid0_frame00480_combined_0252.jpg,enrollment,vid0_frame00480
Jessica,C:\Users\main\Frentzen\Project\ISD\training_images_augmented_v2\Jessica\aug_vid0_frame00480_geometric_0012.jpg,enrollment,vid0_frame00480
Jessica,C:\Users\main\Frentzen\Project\ISD\training_images_augmented_v2\Jessica\aug_vid0_frame00480_geometric_0182.jpg,enrollment,vid0_frame00480
Jessica,C:\Users\main\Frentzen\Project\ISD\training_images_augmented_v2\Jessica\aug_vid0_frame00480_geometric_0384.jpg,enrollment,vid0_frame00480
Jessica,C:\Users\main\Frentzen\Project\ISD\training_images_augmented_v2\Jessica\aug_vid0_frame00480_occlusion_0096.jpg,enrollment,vid0_frame00480
Jessica,C:\Users\main\Frentzen\Project\ISD\training_images_augmented_v2\Jessica\raw_vid0_frame00480.jpg,enrollment,vid0_frame00480
Jessica,C:\Users\main\Frentzen\Project\ISD\training_images_augmented_v2\Jessica\aug_vid0_frame00510_geometric_0418.jpg,enrollment,vid0_frame00510
Jessica,C:\Users\main\Frentzen\Project\ISD\training_images_augmented_v2\Jessica\raw_vid0_frame00510.jpg,enrollment,vid0_frame00510
Jessica,C:\Users\main\Frentzen\Project\ISD\training_images_augmented_v2\Jessica\aug_vid0_frame00690_geometric_0286.jpg,enrollment,vid0_frame00690
Jessica,C:\Users\main\Frentzen\Project\ISD\training_images_augmented_v2\Jessica\raw_vid0_frame00690.jpg,enrollment,vid0_frame00690
Jessica,C:\Users\main\Frentzen\Project\ISD\training_images_augmented_v2\Jessica\aug_vid0_frame00015_fog_0069.jpg,enrollment,vid0_frame00015
Jessica,C:\Users\main\Frentzen\Project\ISD\training_images_augmented_v2\Jessica\raw_vid0_frame00015.jpg,enrollment,vid0_frame00015
Jessica,C:\Users\main\Frentzen\Project\ISD\training_images_augmented_v2\Jessica\aug_vid0_frame00430_combined_0210.jpg,enrollment,vid0_frame00430
Jessica,C:\Users\main\Frentzen\Project\ISD\training_images_augmented_v2\Jessica\raw_vid0_frame00430.jpg,enrollment,vid0_frame00430
Jessica,C:\Users\main\Frentzen\Project\ISD\training_images_augmented_v2\Jessica\aug_vid0_frame00550_geometric_0141.jpg,enrollment,vid0_frame00550
Jessica,C:\Users\main\Frentzen\Project\ISD\training_images_augmented_v2\Jessica\aug_vid0_frame00550_photometric_0079.jpg,enrollment,vid0_frame00550
Jessica,C:\Users\main\Frentzen\Project\ISD\training_images_augmented_v2\Jessica\aug_vid0_frame00550_photometric_0273.jpg,enrollment,vid0_frame00550
Jessica,C:\Users\main\Frentzen\Project\ISD\training_images_augmented_v2\Jessica\aug_vid0_frame00550_snow_0053.jpg,enrollment,vid0_frame00550
Jessica,C:\Users\main\Frentzen\Project\ISD\training_images_augmented_v2\Jessica\raw_vid0_frame00550.jpg,enrollment,vid0_frame00550
Jessica,C:\Users\main\Frentzen\Project\ISD\training_images_augmented_v2\Jessica\aug_vid0_frame00175_fog_0367.jpg,enrollment,vid0_frame00175
Jessica,C:\Users\main\Frentzen\Project\ISD\training_images_augmented_v2\Jessica\aug_vid0_frame00175_fog_0393.jpg,enrollment,vid0_frame00175
Jessica,C:\Users\main\Frentzen\Project\ISD\training_images_augmented_v2\Jessica\aug_vid0_frame00175_geometric_0138.jpg,enrollment,vid0_frame00175
Jessica,C:\Users\main\Frentzen\Project\ISD\training_images_augmented_v2\Jessica\aug_vid0_frame00175_occlusion_0426.jpg,enrollment,vid0_frame00175
Jessica,C:\Users\main\Frentzen\Project\ISD\training_images_augmented_v2\Jessica\aug_vid0_frame00175_photometric_0398.jpg,enrollment,vid0_frame00175
Jessica,C:\Users\main\Frentzen\Project\ISD\training_images_augmented_v2\Jessica\raw_vid0_frame00175.jpg,enrollment,vid0_frame00175
Jessica,C:\Users\main\Frentzen\Project\ISD\training_images_augmented_v2\Jessica\aug_vid0_frame00555_combined_0060.jpg,enrollment,vid0_frame00555
Jessica,C:\Users\main\Frentzen\Project\ISD\training_images_augmented_v2\Jessica\aug_vid0_frame00555_combined_0097.jpg,enrollment,vid0_frame00555
Jessica,C:\Users\main\Frentzen\Project\ISD\training_images_augmented_v2\Jessica\aug_vid0_frame00555_geometric_0320.jpg,enrollment,vid0_frame00555
Jessica,C:\Users\main\Frentzen\Project\ISD\training_images_augmented_v2\Jessica\aug_vid0_frame00555_photometric_0381.jpg,enrollment,vid0_frame00555
Jessica,C:\Users\main\Frentzen\Project\ISD\training_images_augmented_v2\Jessica\raw_vid0_frame00555.jpg,enrollment,vid0_frame00555
Jessica,C:\Users\main\Frentzen\Project\ISD\training_images_augmented_v2\Jessica\aug_vid0_frame00305_combined_0077.jpg,enrollment,vid0_frame00305
Jessica,C:\Users\main\Frentzen\Project\ISD\training_images_augmented_v2\Jessica\aug_vid0_frame00305_fog_0440.jpg,enrollment,vid0_frame00305
Jessica,C:\Users\main\Frentzen\Project\ISD\training_images_augmented_v2\Jessica\aug_vid0_frame00305_geometric_0161.jpg,enrollment,vid0_frame00305
Jessica,C:\Users\main\Frentzen\Project\ISD\training_images_augmented_v2\Jessica\aug_vid0_frame00305_photometric_0445.jpg,enrollment,vid0_frame00305
Jessica,C:\Users\main\Frentzen\Project\ISD\training_images_augmented_v2\Jessica\raw_vid0_frame00305.jpg,enrollment,vid0_frame00305
Jessica,C:\Users\main\Frentzen\Project\ISD\training_images_augmented_v2\Jessica\aug_vid0_frame00530_combined_0111.jpg,enrollment,vid0_frame00530
Jessica,C:\Users\main\Frentzen\Project\ISD\training_images_augmented_v2\Jessica\aug_vid0_frame00530_combined_0119.jpg,enrollment,vid0_frame00530
Jessica,C:\Users\main\Frentzen\Project\ISD\training_images_augmented_v2\Jessica\aug_vid0_frame00530_combined_0218.jpg,enrollment,vid0_frame00530
Jessica,C:\Users\main\Frentzen\Project\ISD\training_images_augmented_v2\Jessica\aug_vid0_frame00530_fog_0072.jpg,enrollment,vid0_frame00530
Jessica,C:\Users\main\Frentzen\Project\ISD\training_images_augmented_v2\Jessica\aug_vid0_frame00530_photometric_0334.jpg,enrollment,vid0_frame00530
Jessica,C:\Users\main\Frentzen\Project\ISD\training_images_augmented_v2\Jessica\raw_vid0_frame00530.jpg,enrollment,vid0_frame00530
Jessica,C:\Users\main\Frentzen\Project\ISD\training_images_augmented_v2\Jessica\aug_vid0_frame00250_combined_0090.jpg,enrollment,vid0_frame00250
Jessica,C:\Users\main\Frentzen\Project\ISD\training_images_augmented_v2\Jessica\aug_vid0_frame00250_fog_0046.jpg,enrollment,vid0_frame00250
Jessica,C:\Users\main\Frentzen\Project\ISD\training_images_augmented_v2\Jessica\aug_vid0_frame00250_geometric_0015.jpg,enrollment,vid0_frame00250
Jessica,C:\Users\main\Frentzen\Project\ISD\training_images_augmented_v2\Jessica\aug_vid0_frame00250_geometric_0188.jpg,enrollment,vid0_frame00250
Jessica,C:\Users\main\Frentzen\Project\ISD\training_images_augmented_v2\Jessica\aug_vid0_frame00250_occlusion_0280.jpg,enrollment,vid0_frame00250
Jessica,C:\Users\main\Frentzen\Project\ISD\training_images_augmented_v2\Jessica\raw_vid0_frame00250.jpg,enrollment,vid0_frame00250
Jessica,C:\Users\main\Frentzen\Project\ISD\training_images_augmented_v2\Jessica\raw_vid0_frame00630.jpg,enrollment,vid0_frame00630
Jessica,C:\Users\main\Frentzen\Project\ISD\training_images_augmented_v2\Jessica\aug_vid0_frame00120_occlusion_0221.jpg,enrollment,vid0_frame00120
Jessica,C:\Users\main\Frentzen\Project\ISD\training_images_augmented_v2\Jessica\aug_vid0_frame00120_rain_0331.jpg,enrollment,vid0_frame00120
Jessica,C:\Users\main\Frentzen\Project\ISD\training_images_augmented_v2\Jessica\raw_vid0_frame00120.jpg,enrollment,vid0_frame00120
Jessica,C:\Users\main\Frentzen\Project\ISD\training_images_augmented_v2\Jessica\aug_vid0_frame00260_combined_0275.jpg,enrollment,vid0_frame00260
Jessica,C:\Users\main\Frentzen\Project\ISD\training_images_augmented_v2\Jessica\aug_vid0_frame00260_combined_0296.jpg,enrollment,vid0_frame00260
Jessica,C:\Users\main\Frentzen\Project\ISD\training_images_augmented_v2\Jessica\aug_vid0_frame00260_geometric_0123.jpg,enrollment,vid0_frame00260
Jessica,C:\Users\main\Frentzen\Project\ISD\training_images_augmented_v2\Jessica\raw_vid0_frame00260.jpg,enrollment,vid0_frame00260
Jessica,C:\Users\main\Frentzen\Project\ISD\training_images_augmented_v2\Jessica\aug_vid0_frame00600_combined_0424.jpg,enrollment,vid0_frame00600
Jessica,C:\Users\main\Frentzen\Project\ISD\training_images_augmented_v2\Jessica\aug_vid0_frame00600_geometric_0254.jpg,enrollment,vid0_frame00600
Jessica,C:\Users\main\Frentzen\Project\ISD\training_images_augmented_v2\Jessica\aug_vid0_frame00600_photometric_0299.jpg,enrollment,vid0_frame00600
Jessica,C:\Users\main\Frentzen\Project\ISD\training_images_augmented_v2\Jessica\raw_vid0_frame00600.jpg,enrollment,vid0_frame00600
Jessica,C:\Users\main\Frentzen\Project\ISD\training_images_augmented_v2\Jessica\raw_vid0_frame00230.jpg,enrollment,vid0_frame00230
Jessica,C:\Users\main\Frentzen\Project\ISD\training_images_augmented_v2\Jessica\aug_vid0_frame00185_combined_0145.jpg,enrollment,vid0_frame00185
Jessica,C:\Users\main\Frentzen\Project\ISD\training_images_augmented_v2\Jessica\aug_vid0_frame00185_photometric_0086.jpg,enrollment,vid0_frame00185
Jessica,C:\Users\main\Frentzen\Project\ISD\training_images_augmented_v2\Jessica\aug_vid0_frame00185_photometric_0214.jpg,enrollment,vid0_frame00185
Jessica,C:\Users\main\Frentzen\Project\ISD\training_images_augmented_v2\Jessica\raw_vid0_frame00185.jpg,enrollment,vid0_frame00185
Jessica,C:\Users\main\Frentzen\Project\ISD\training_images_augmented_v2\Jessica\aug_vid0_frame00110_combined_0300.jpg,enrollment,vid0_frame00110
Jessica,C:\Users\main\Frentzen\Project\ISD\training_images_augmented_v2\Jessica\aug_vid0_frame00110_geometric_0386.jpg,enrollment,vid0_frame00110
Jessica,C:\Users\main\Frentzen\Project\ISD\training_images_augmented_v2\Jessica\aug_vid0_frame00110_photometric_0054.jpg,enrollment,vid0_frame00110
Jessica,C:\Users\main\Frentzen\Project\ISD\training_images_augmented_v2\Jessica\raw_vid0_frame00110.jpg,enrollment,vid0_frame00110
Jessica,C:\Users\main\Frentzen\Project\ISD\training_images_augmented_v2\Jessica\aug_vid0_frame00390_geometric_0290.jpg,enrollment,vid0_frame00390
Jessica,C:\Users\main\Frentzen\Project\ISD\training_images_augmented_v2\Jessica\aug_vid0_frame00390_rain_0150.jpg,enrollment,vid0_frame00390
Jessica,C:\Users\main\Frentzen\Project\ISD\training_images_augmented_v2\Jessica\raw_vid0_frame00390.jpg,enrollment,vid0_frame00390
Jessica,C:\Users\main\Frentzen\Project\ISD\training_images_augmented_v2\Jessica\raw_vid0_frame00070.jpg,enrollment,vid0_frame00070
Jessica,C:\Users\main\Frentzen\Project\ISD\training_images_augmented_v2\Jessica\aug_vid0_frame00470_geometric_0095.jpg,enrollment,vid0_frame00470
Jessica,C:\Users\main\Frentzen\Project\ISD\training_images_augmented_v2\Jessica\aug_vid0_frame00470_geometric_0116.jpg,enrollment,vid0_frame00470
Jessica,C:\Users\main\Frentzen\Project\ISD\training_images_augmented_v2\Jessica\aug_vid0_frame00470_occlusion_0176.jpg,enrollment,vid0_frame00470
Jessica,C:\Users\main\Frentzen\Project\ISD\training_images_augmented_v2\Jessica\aug_vid0_frame00470_photometric_0063.jpg,enrollment,vid0_frame00470
Jessica,C:\Users\main\Frentzen\Project\ISD\training_images_augmented_v2\Jessica\aug_vid0_frame00470_photometric_0085.jpg,enrollment,vid0_frame00470
Jessica,C:\Users\main\Frentzen\Project\ISD\training_images_augmented_v2\Jessica\raw_vid0_frame00470.jpg,enrollment,vid0_frame00470
Jessica,C:\Users\main\Frentzen\Project\ISD\training_images_augmented_v2\Jessica\aug_vid0_frame00730_combined_0162.jpg,enrollment,vid0_frame00730
Jessica,C:\Users\main\Frentzen\Project\ISD\training_images_augmented_v2\Jessica\aug_vid0_frame00730_fog_0307.jpg,enrollment,vid0_frame00730
Jessica,C:\Users\main\Frentzen\Project\ISD\training_images_augmented_v2\Jessica\aug_vid0_frame00730_geometric_0030.jpg,enrollment,vid0_frame00730
Jessica,C:\Users\main\Frentzen\Project\ISD\training_images_augmented_v2\Jessica\aug_vid0_frame00730_occlusion_0055.jpg,enrollment,vid0_frame00730
Jessica,C:\Users\main\Frentzen\Project\ISD\training_images_augmented_v2\Jessica\aug_vid0_frame00730_photometric_0340.jpg,enrollment,vid0_frame00730
Jessica,C:\Users\main\Frentzen\Project\ISD\training_images_augmented_v2\Jessica\aug_vid0_frame00730_photometric_0392.jpg,enrollment,vid0_frame00730
Jessica,C:\Users\main\Frentzen\Project\ISD\training_images_augmented_v2\Jessica\aug_vid0_frame00730_rain_0316.jpg,enrollment,vid0_frame00730
Jessica,C:\Users\main\Frentzen\Project\ISD\training_images_augmented_v2\Jessica\raw_vid0_frame00730.jpg,enrollment,vid0_frame00730
Jessica,C:\Users\main\Frentzen\Project\ISD\training_images_augmented_v2\Jessica\aug_vid0_frame00065_geometric_0153.jpg,enrollment,vid0_frame00065
Jessica,C:\Users\main\Frentzen\Project\ISD\training_images_augmented_v2\Jessica\aug_vid0_frame00065_geometric_0274.jpg,enrollment,vid0_frame00065
Jessica,C:\Users\main\Frentzen\Project\ISD\training_images_augmented_v2\Jessica\aug_vid0_frame00065_geometric_0354.jpg,enrollment,vid0_frame00065
Jessica,C:\Users\main\Frentzen\Project\ISD\training_images_augmented_v2\Jessica\aug_vid0_frame00065_photometric_0420.jpg,enrollment,vid0_frame00065
Jessica,C:\Users\main\Frentzen\Project\ISD\training_images_augmented_v2\Jessica\raw_vid0_frame00065.jpg,enrollment,vid0_frame00065
Jessica,C:\Users\main\Frentzen\Project\ISD\training_images_augmented_v2\Jessica\aug_vid0_frame00660_photometric_0244.jpg,enrollment,vid0_frame00660
Jessica,C:\Users\main\Frentzen\Project\ISD\training_images_augmented_v2\Jessica\aug_vid0_frame00660_snow_0049.jpg,enrollment,vid0_frame00660
Jessica,C:\Users\main\Frentzen\Project\ISD\training_images_augmented_v2\Jessica\raw_vid0_frame00660.jpg,enrollment,vid0_frame00660
Jessica,C:\Users\main\Frentzen\Project\ISD\training_images_augmented_v2\Jessica\aug_vid0_frame00385_fog_0390.jpg,enrollment,vid0_frame00385
Jessica,C:\Users\main\Frentzen\Project\ISD\training_images_augmented_v2\Jessica\aug_vid0_frame00385_geometric_0191.jpg,enrollment,vid0_frame00385
Jessica,C:\Users\main\Frentzen\Project\ISD\training_images_augmented_v2\Jessica\aug_vid0_frame00385_photometric_0037.jpg,enrollment,vid0_frame00385
Jessica,C:\Users\main\Frentzen\Project\ISD\training_images_augmented_v2\Jessica\aug_vid0_frame00385_photometric_0058.jpg,enrollment,vid0_frame00385
Jessica,C:\Users\main\Frentzen\Project\ISD\training_images_augmented_v2\Jessica\raw_vid0_frame00385.jpg,enrollment,vid0_frame00385
Jessica,C:\Users\main\Frentzen\Project\ISD\training_images_augmented_v2\Jessica\aug_vid0_frame00515_fog_0403.jpg,enrollment,vid0_frame00515
Jessica,C:\Users\main\Frentzen\Project\ISD\training_images_augmented_v2\Jessica\aug_vid0_frame00515_photometric_0034.jpg,enrollment,vid0_frame00515
Jessica,C:\Users\main\Frentzen\Project\ISD\training_images_augmented_v2\Jessica\aug_vid0_frame00515_snow_0186.jpg,enrollment,vid0_frame00515
Jessica,C:\Users\main\Frentzen\Project\ISD\training_images_augmented_v2\Jessica\raw_vid0_frame00515.jpg,enrollment,vid0_frame00515
Jessica,C:\Users\main\Frentzen\Project\ISD\training_images_augmented_v2\Jessica\aug_vid0_frame00370_combined_0202.jpg,validation,vid0_frame00370
Jessica,C:\Users\main\Frentzen\Project\ISD\training_images_augmented_v2\Jessica\aug_vid0_frame00370_geometric_0351.jpg,validation,vid0_frame00370
Jessica,C:\Users\main\Frentzen\Project\ISD\training_images_augmented_v2\Jessica\raw_vid0_frame00370.jpg,validation,vid0_frame00370
Jessica,C:\Users\main\Frentzen\Project\ISD\training_images_augmented_v2\Jessica\aug_vid0_frame00545_combined_0131.jpg,validation,vid0_frame00545
Jessica,C:\Users\main\Frentzen\Project\ISD\training_images_augmented_v2\Jessica\aug_vid0_frame00545_fog_0293.jpg,validation,vid0_frame00545
Jessica,C:\Users\main\Frentzen\Project\ISD\training_images_augmented_v2\Jessica\aug_vid0_frame00545_fog_0435.jpg,validation,vid0_frame00545
Jessica,C:\Users\main\Frentzen\Project\ISD\training_images_augmented_v2\Jessica\raw_vid0_frame00545.jpg,validation,vid0_frame00545
Jessica,C:\Users\main\Frentzen\Project\ISD\training_images_augmented_v2\Jessica\aug_vid0_frame00380_combined_0120.jpg,validation,vid0_frame00380
Jessica,C:\Users\main\Frentzen\Project\ISD\training_images_augmented_v2\Jessica\aug_vid0_frame00380_photometric_0129.jpg,validation,vid0_frame00380
Jessica,C:\Users\main\Frentzen\Project\ISD\training_images_augmented_v2\Jessica\raw_vid0_frame00380.jpg,validation,vid0_frame00380
Jessica,C:\Users\main\Frentzen\Project\ISD\training_images_augmented_v2\Jessica\aug_vid0_frame00315_combined_0349.jpg,validation,vid0_frame00315
Jessica,C:\Users\main\Frentzen\Project\ISD\training_images_augmented_v2\Jessica\raw_vid0_frame00315.jpg,validation,vid0_frame00315
Jessica,C:\Users\main\Frentzen\Project\ISD\training_images_augmented_v2\Jessica\aug_vid0_frame00725_combined_0230.jpg,validation,vid0_frame00725
Jessica,C:\Users\main\Frentzen\Project\ISD\training_images_augmented_v2\Jessica\aug_vid0_frame00725_fog_0115.jpg,validation,vid0_frame00725
Jessica,C:\Users\main\Frentzen\Project\ISD\training_images_augmented_v2\Jessica\aug_vid0_frame00725_geometric_0101.jpg,validation,vid0_frame00725
Jessica,C:\Users\main\Frentzen\Project\ISD\training_images_augmented_v2\Jessica\aug_vid0_frame00725_geometric_0158.jpg,validation,vid0_frame00725
Jessica,C:\Users\main\Frentzen\Project\ISD\training_images_augmented_v2\Jessica\aug_vid0_frame00725_geometric_0193.jpg,validation,vid0_frame00725
Jessica,C:\Users\main\Frentzen\Project\ISD\training_images_augmented_v2\Jessica\aug_vid0_frame00725_geometric_0268.jpg,validation,vid0_frame00725
Jessica,C:\Users\main\Frentzen\Project\ISD\training_images_augmented_v2\Jessica\aug_vid0_frame00725_photometric_0195.jpg,validation,vid0_frame00725
Jessica,C:\Users\main\Frentzen\Project\ISD\training_images_augmented_v2\Jessica\aug_vid0_frame00725_photometric_0429.jpg,validation,vid0_frame00725
Jessica,C:\Users\main\Frentzen\Project\ISD\training_images_augmented_v2\Jessica\aug_vid0_frame00725_rain_0443.jpg,validation,vid0_frame00725
Jessica,C:\Users\main\Frentzen\Project\ISD\training_images_augmented_v2\Jessica\raw_vid0_frame00725.jpg,validation,vid0_frame00725
Jessica,C:\Users\main\Frentzen\Project\ISD\training_images_augmented_v2\Jessica\aug_vid0_frame00205_combined_0180.jpg,validation,vid0_frame00205
Jessica,C:\Users\main\Frentzen\Project\ISD\training_images_augmented_v2\Jessica\raw_vid0_frame00205.jpg,validation,vid0_frame00205
Jessica,C:\Users\main\Frentzen\Project\ISD\training_images_augmented_v2\Jessica\aug_vid0_frame00720_geometric_0139.jpg,validation,vid0_frame00720
Jessica,C:\Users\main\Frentzen\Project\ISD\training_images_augmented_v2\Jessica\aug_vid0_frame00720_geometric_0170.jpg,validation,vid0_frame00720
Jessica,C:\Users\main\Frentzen\Project\ISD\training_images_augmented_v2\Jessica\aug_vid0_frame00720_geometric_0246.jpg,validation,vid0_frame00720
Jessica,C:\Users\main\Frentzen\Project\ISD\training_images_augmented_v2\Jessica\raw_vid0_frame00720.jpg,validation,vid0_frame00720
Jessica,C:\Users\main\Frentzen\Project\ISD\training_images_augmented_v2\Jessica\aug_vid0_frame00670_geometric_0203.jpg,validation,vid0_frame00670
Jessica,C:\Users\main\Frentzen\Project\ISD\training_images_augmented_v2\Jessica\aug_vid0_frame00670_geometric_0259.jpg,validation,vid0_frame00670
Jessica,C:\Users\main\Frentzen\Project\ISD\training_images_augmented_v2\Jessica\aug_vid0_frame00670_rain_0061.jpg,validation,vid0_frame00670
Jessica,C:\Users\main\Frentzen\Project\ISD\training_images_augmented_v2\Jessica\aug_vid0_frame00670_snow_0142.jpg,validation,vid0_frame00670
Jessica,C:\Users\main\Frentzen\Project\ISD\training_images_augmented_v2\Jessica\aug_vid0_frame00670_snow_0262.jpg,validation,vid0_frame00670
Jessica,C:\Users\main\Frentzen\Project\ISD\training_images_augmented_v2\Jessica\raw_vid0_frame00670.jpg,validation,vid0_frame00670
Jessica,C:\Users\main\Frentzen\Project\ISD\training_images_augmented_v2\Jessica\aug_vid0_frame00040_combined_0044.jpg,validation,vid0_frame00040
Jessica,C:\Users\main\Frentzen\Project\ISD\training_images_augmented_v2\Jessica\aug_vid0_frame00040_combined_0099.jpg,validation,vid0_frame00040
Jessica,C:\Users\main\Frentzen\Project\ISD\training_images_augmented_v2\Jessica\aug_vid0_frame00040_combined_0226.jpg,validation,vid0_frame00040
Jessica,C:\Users\main\Frentzen\Project\ISD\training_images_augmented_v2\Jessica\aug_vid0_frame00040_photometric_0134.jpg,validation,vid0_frame00040
Jessica,C:\Users\main\Frentzen\Project\ISD\training_images_augmented_v2\Jessica\aug_vid0_frame00040_photometric_0209.jpg,validation,vid0_frame00040
Jessica,C:\Users\main\Frentzen\Project\ISD\training_images_augmented_v2\Jessica\aug_vid0_frame00040_rain_0047.jpg,validation,vid0_frame00040
Jessica,C:\Users\main\Frentzen\Project\ISD\training_images_augmented_v2\Jessica\raw_vid0_frame00040.jpg,validation,vid0_frame00040
Jessica,C:\Users\main\Frentzen\Project\ISD\training_images_augmented_v2\Jessica\aug_vid0_frame00255_photometric_0007.jpg,validation,vid0_frame00255
Jessica,C:\Users\main\Frentzen\Project\ISD\training_images_augmented_v2\Jessica\raw_vid0_frame00255.jpg,validation,vid0_frame00255
Jessica,C:\Users\main\Frentzen\Project\ISD\training_images_augmented_v2\Jessica\raw_vid0_frame00395.jpg,validation,vid0_frame00395
Jessica,C:\Users\main\Frentzen\Project\ISD\training_images_augmented_v2\Jessica\aug_vid0_frame00570_photometric_0014.jpg,validation,vid0_frame00570
Jessica,C:\Users\main\Frentzen\Project\ISD\training_images_augmented_v2\Jessica\aug_vid0_frame00570_photometric_0279.jpg,validation,vid0_frame00570
Jessica,C:\Users\main\Frentzen\Project\ISD\training_images_augmented_v2\Jessica\aug_vid0_frame00570_photometric_0368.jpg,validation,vid0_frame00570
Jessica,C:\Users\main\Frentzen\Project\ISD\training_images_augmented_v2\Jessica\aug_vid0_frame00570_rain_0428.jpg,validation,vid0_frame00570
Jessica,C:\Users\main\Frentzen\Project\ISD\training_images_augmented_v2\Jessica\aug_vid0_frame00570_snow_0175.jpg,validation,vid0_frame00570
Jessica,C:\Users\main\Frentzen\Project\ISD\training_images_augmented_v2\Jessica\raw_vid0_frame00570.jpg,validation,vid0_frame00570
Jessica,C:\Users\main\Frentzen\Project\ISD\training_images_augmented_v2\Jessica\aug_vid0_frame00355_combined_0364.jpg,validation,vid0_frame00355
Jessica,C:\Users\main\Frentzen\Project\ISD\training_images_augmented_v2\Jessica\aug_vid0_frame00355_fog_0074.jpg,validation,vid0_frame00355
Jessica,C:\Users\main\Frentzen\Project\ISD\training_images_augmented_v2\Jessica\aug_vid0_frame00355_fog_0314.jpg,validation,vid0_frame00355
Jessica,C:\Users\main\Frentzen\Project\ISD\training_images_augmented_v2\Jessica\aug_vid0_frame00355_photometric_0177.jpg,validation,vid0_frame00355
Jessica,C:\Users\main\Frentzen\Project\ISD\training_images_augmented_v2\Jessica\raw_vid0_frame00355.jpg,validation,vid0_frame00355
Jessica,C:\Users\main\Frentzen\Project\ISD\training_images_augmented_v2\Jessica\aug_vid0_frame00150_combined_0322.jpg,validation,vid0_frame00150
Jessica,C:\Users\main\Frentzen\Project\ISD\training_images_augmented_v2\Jessica\aug_vid0_frame00150_geometric_0151.jpg,validation,vid0_frame00150
Jessica,C:\Users\main\Frentzen\Project\ISD\training_images_augmented_v2\Jessica\aug_vid0_frame00150_photometric_0121.jpg,validation,vid0_frame00150
Jessica,C:\Users\main\Frentzen\Project\ISD\training_images_augmented_v2\Jessica\aug_vid0_frame00150_photometric_0126.jpg,validation,vid0_frame00150
Jessica,C:\Users\main\Frentzen\Project\ISD\training_images_augmented_v2\Jessica\raw_vid0_frame00150.jpg,validation,vid0_frame00150
Jessica,C:\Users\main\Frentzen\Project\ISD\training_images_augmented_v2\Jessica\aug_vid0_frame00375_geometric_0270.jpg,validation,vid0_frame00375
Jessica,C:\Users\main\Frentzen\Project\ISD\training_images_augmented_v2\Jessica\aug_vid0_frame00375_photometric_0291.jpg,validation,vid0_frame00375
Jessica,C:\Users\main\Frentzen\Project\ISD\training_images_augmented_v2\Jessica\aug_vid0_frame00375_photometric_0411.jpg,validation,vid0_frame00375
Jessica,C:\Users\main\Frentzen\Project\ISD\training_images_augmented_v2\Jessica\raw_vid0_frame00375.jpg,validation,vid0_frame00375
Jessica,C:\Users\main\Frentzen\Project\ISD\training_images_augmented_v2\Jessica\aug_vid0_frame00525_geometric_0247.jpg,validation,vid0_frame00525
Jessica,C:\Users\main\Frentzen\Project\ISD\training_images_augmented_v2\Jessica\aug_vid0_frame00525_occlusion_0325.jpg,validation,vid0_frame00525
Jessica,C:\Users\main\Frentzen\Project\ISD\training_images_augmented_v2\Jessica\aug_vid0_frame00525_photometric_0108.jpg,validation,vid0_frame00525
Jessica,C:\Users\main\Frentzen\Project\ISD\training_images_augmented_v2\Jessica\aug_vid0_frame00525_rain_0425.jpg,validation,vid0_frame00525
Jessica,C:\Users\main\Frentzen\Project\ISD\training_images_augmented_v2\Jessica\raw_vid0_frame00525.jpg,validation,vid0_frame00525
Jessica,C:\Users\main\Frentzen\Project\ISD\training_images_augmented_v2\Jessica\raw_vid0_frame00195.jpg,validation,vid0_frame00195
Jessica,C:\Users\main\Frentzen\Project\ISD\training_images_augmented_v2\Jessica\aug_vid0_frame00620_photometric_0338.jpg,validation,vid0_frame00620
Jessica,C:\Users\main\Frentzen\Project\ISD\training_images_augmented_v2\Jessica\aug_vid0_frame00620_photometric_0342.jpg,validation,vid0_frame00620
Jessica,C:\Users\main\Frentzen\Project\ISD\training_images_augmented_v2\Jessica\aug_vid0_frame00620_photometric_0396.jpg,validation,vid0_frame00620
Jessica,C:\Users\main\Frentzen\Project\ISD\training_images_augmented_v2\Jessica\raw_vid0_frame00620.jpg,validation,vid0_frame00620
Jessica,C:\Users\main\Frentzen\Project\ISD\training_images_augmented_v2\Jessica\aug_vid0_frame00650_geometric_0027.jpg,validation,vid0_frame00650
Jessica,C:\Users\main\Frentzen\Project\ISD\training_images_augmented_v2\Jessica\aug_vid0_frame00650_geometric_0102.jpg,validation,vid0_frame00650
Jessica,C:\Users\main\Frentzen\Project\ISD\training_images_augmented_v2\Jessica\aug_vid0_frame00650_geometric_0234.jpg,validation,vid0_frame00650
Jessica,C:\Users\main\Frentzen\Project\ISD\training_images_augmented_v2\Jessica\raw_vid0_frame00650.jpg,validation,vid0_frame00650
Jessica,C:\Users\main\Frentzen\Project\ISD\training_images_augmented_v2\Jessica\aug_vid0_frame00540_fog_0008.jpg,validation,vid0_frame00540
Jessica,C:\Users\main\Frentzen\Project\ISD\training_images_augmented_v2\Jessica\aug_vid0_frame00540_geometric_0157.jpg,validation,vid0_frame00540
Jessica,C:\Users\main\Frentzen\Project\ISD\training_images_augmented_v2\Jessica\aug_vid0_frame00540_geometric_0355.jpg,validation,vid0_frame00540
Jessica,C:\Users\main\Frentzen\Project\ISD\training_images_augmented_v2\Jessica\aug_vid0_frame00540_occlusion_0329.jpg,validation,vid0_frame00540
Jessica,C:\Users\main\Frentzen\Project\ISD\training_images_augmented_v2\Jessica\raw_vid0_frame00540.jpg,validation,vid0_frame00540
Jessica,C:\Users\main\Frentzen\Project\ISD\training_images_augmented_v2\Jessica\aug_vid0_frame00005_combined_0391.jpg,validation,vid0_frame00005
Jessica,C:\Users\main\Frentzen\Project\ISD\training_images_augmented_v2\Jessica\aug_vid0_frame00005_fog_0219.jpg,validation,vid0_frame00005
Jessica,C:\Users\main\Frentzen\Project\ISD\training_images_augmented_v2\Jessica\aug_vid0_frame00005_snow_0239.jpg,validation,vid0_frame00005
Jessica,C:\Users\main\Frentzen\Project\ISD\training_images_augmented_v2\Jessica\aug_vid0_frame00005_snow_0294.jpg,validation,vid0_frame00005
Jessica,C:\Users\main\Frentzen\Project\ISD\training_images_augmented_v2\Jessica\raw_vid0_frame00005.jpg,validation,vid0_frame00005
Jessica,C:\Users\main\Frentzen\Project\ISD\training_images_augmented_v2\Jessica\aug_vid0_frame00045_geometric_0288.jpg,validation,vid0_frame00045
Jessica,C:\Users\main\Frentzen\Project\ISD\training_images_augmented_v2\Jessica\aug_vid0_frame00045_photometric_0198.jpg,validation,vid0_frame00045
Jessica,C:\Users\main\Frentzen\Project\ISD\training_images_augmented_v2\Jessica\raw_vid0_frame00045.jpg,validation,vid0_frame00045
Jessica,C:\Users\main\Frentzen\Project\ISD\training_images_augmented_v2\Jessica\aug_vid0_frame00520_fog_0432.jpg,validation,vid0_frame00520
Jessica,C:\Users\main\Frentzen\Project\ISD\training_images_augmented_v2\Jessica\aug_vid0_frame00520_geometric_0235.jpg,validation,vid0_frame00520
Jessica,C:\Users\main\Frentzen\Project\ISD\training_images_augmented_v2\Jessica\raw_vid0_frame00520.jpg,validation,vid0_frame00520
Jessica,C:\Users\main\Frentzen\Project\ISD\training_images_augmented_v2\Jessica\aug_vid0_frame00580_geometric_0028.jpg,validation,vid0_frame00580
Jessica,C:\Users\main\Frentzen\Project\ISD\training_images_augmented_v2\Jessica\aug_vid0_frame00580_geometric_0178.jpg,validation,vid0_frame00580
Jessica,C:\Users\main\Frentzen\Project\ISD\training_images_augmented_v2\Jessica\aug_vid0_frame00580_photometric_0091.jpg,validation,vid0_frame00580
Jessica,C:\Users\main\Frentzen\Project\ISD\training_images_augmented_v2\Jessica\aug_vid0_frame00580_photometric_0309.jpg,validation,vid0_frame00580
Jessica,C:\Users\main\Frentzen\Project\ISD\training_images_augmented_v2\Jessica\raw_vid0_frame00580.jpg,validation,vid0_frame00580
Jessica,C:\Users\main\Frentzen\Project\ISD\training_images_augmented_v2\Jessica\aug_vid0_frame00325_combined_0237.jpg,validation,vid0_frame00325
Jessica,C:\Users\main\Frentzen\Project\ISD\training_images_augmented_v2\Jessica\aug_vid0_frame00325_photometric_0423.jpg,validation,vid0_frame00325
Jessica,C:\Users\main\Frentzen\Project\ISD\training_images_augmented_v2\Jessica\raw_vid0_frame00325.jpg,validation,vid0_frame00325
Jessica,C:\Users\main\Frentzen\Project\ISD\training_images_augmented_v2\Jessica\aug_vid0_frame00215_combined_0251.jpg,validation,vid0_frame00215
Jessica,C:\Users\main\Frentzen\Project\ISD\training_images_augmented_v2\Jessica\aug_vid0_frame00215_rain_0377.jpg,validation,vid0_frame00215
Jessica,C:\Users\main\Frentzen\Project\ISD\training_images_augmented_v2\Jessica\raw_vid0_frame00215.jpg,validation,vid0_frame00215
Jessica,C:\Users\main\Frentzen\Project\ISD\training_images_augmented_v2\Jessica\aug_vid0_frame00450_combined_0257.jpg,validation,vid0_frame00450
Jessica,C:\Users\main\Frentzen\Project\ISD\training_images_augmented_v2\Jessica\aug_vid0_frame00450_fog_0059.jpg,validation,vid0_frame00450
Jessica,C:\Users\main\Frentzen\Project\ISD\training_images_augmented_v2\Jessica\aug_vid0_frame00450_geometric_0345.jpg,validation,vid0_frame00450
Jessica,C:\Users\main\Frentzen\Project\ISD\training_images_augmented_v2\Jessica\aug_vid0_frame00450_occlusion_0448.jpg,validation,vid0_frame00450
Jessica,C:\Users\main\Frentzen\Project\ISD\training_images_augmented_v2\Jessica\raw_vid0_frame00450.jpg,validation,vid0_frame00450
Jessica,C:\Users\main\Frentzen\Project\ISD\training_images_augmented_v2\Jessica\aug_vid0_frame00590_combined_0038.jpg,validation,vid0_frame00590
Jessica,C:\Users\main\Frentzen\Project\ISD\training_images_augmented_v2\Jessica\aug_vid0_frame00590_combined_0205.jpg,validation,vid0_frame00590
Jessica,C:\Users\main\Frentzen\Project\ISD\training_images_augmented_v2\Jessica\aug_vid0_frame00590_photometric_0284.jpg,validation,vid0_frame00590
Jessica,C:\Users\main\Frentzen\Project\ISD\training_images_augmented_v2\Jessica\aug_vid0_frame00590_photometric_0297.jpg,validation,vid0_frame00590
Jessica,C:\Users\main\Frentzen\Project\ISD\training_images_augmented_v2\Jessica\raw_vid0_frame00590.jpg,validation,vid0_frame00590
Jessica,C:\Users\main\Frentzen\Project\ISD\training_images_augmented_v2\Jessica\aug_vid0_frame00090_geometric_0431.jpg,validation,vid0_frame00090
Jessica,C:\Users\main\Frentzen\Project\ISD\training_images_augmented_v2\Jessica\raw_vid0_frame00090.jpg,validation,vid0_frame00090
Jessica,C:\Users\main\Frentzen\Project\ISD\training_images_augmented_v2\Jessica\aug_vid0_frame00285_combined_0208.jpg,validation,vid0_frame00285
Jessica,C:\Users\main\Frentzen\Project\ISD\training_images_augmented_v2\Jessica\aug_vid0_frame00285_rain_0048.jpg,validation,vid0_frame00285
Jessica,C:\Users\main\Frentzen\Project\ISD\training_images_augmented_v2\Jessica\raw_vid0_frame00285.jpg,validation,vid0_frame00285
Jessica,C:\Users\main\Frentzen\Project\ISD\training_images_augmented_v2\Jessica\aug_vid0_frame00605_photometric_0360.jpg,validation,vid0_frame00605
Jessica,C:\Users\main\Frentzen\Project\ISD\training_images_augmented_v2\Jessica\aug_vid0_frame00605_rain_0136.jpg,validation,vid0_frame00605
Jessica,C:\Users\main\Frentzen\Project\ISD\training_images_augmented_v2\Jessica\aug_vid0_frame00605_rain_0211.jpg,validation,vid0_frame00605
Jessica,C:\Users\main\Frentzen\Project\ISD\training_images_augmented_v2\Jessica\raw_vid0_frame00605.jpg,validation,vid0_frame00605
Jessica,C:\Users\main\Frentzen\Project\ISD\training_images_augmented_v2\Jessica\aug_vid0_frame00695_geometric_0110.jpg,validation,vid0_frame00695
Jessica,C:\Users\main\Frentzen\Project\ISD\training_images_augmented_v2\Jessica\aug_vid0_frame00695_geometric_0330.jpg,validation,vid0_frame00695
Jessica,C:\Users\main\Frentzen\Project\ISD\training_images_augmented_v2\Jessica\aug_vid0_frame00695_photometric_0437.jpg,validation,vid0_frame00695
Jessica,C:\Users\main\Frentzen\Project\ISD\training_images_augmented_v2\Jessica\aug_vid0_frame00695_snow_0240.jpg,validation,vid0_frame00695
Jessica,C:\Users\main\Frentzen\Project\ISD\training_images_augmented_v2\Jessica\raw_vid0_frame00695.jpg,validation,vid0_frame00695
Jessica,C:\Users\main\Frentzen\Project\ISD\training_images_augmented_v2\Jessica\aug_vid0_frame00610_combined_0132.jpg,validation,vid0_frame00610
Jessica,C:\Users\main\Frentzen\Project\ISD\training_images_augmented_v2\Jessica\aug_vid0_frame00610_combined_0359.jpg,validation,vid0_frame00610
Jessica,C:\Users\main\Frentzen\Project\ISD\training_images_augmented_v2\Jessica\aug_vid0_frame00610_photometric_0405.jpg,validation,vid0_frame00610
Jessica,C:\Users\main\Frentzen\Project\ISD\training_images_augmented_v2\Jessica\raw_vid0_frame00610.jpg,validation,vid0_frame00610
Jessica,C:\Users\main\Frentzen\Project\ISD\training_images_augmented_v2\Jessica\aug_vid0_frame00495_combined_0315.jpg,validation,vid0_frame00495
Jessica,C:\Users\main\Frentzen\Project\ISD\training_images_augmented_v2\Jessica\raw_vid0_frame00495.jpg,validation,vid0_frame00495
Jessica,C:\Users\main\Frentzen\Project\ISD\training_images_augmented_v2\Jessica\aug_vid0_frame00465_geometric_0289.jpg,validation,vid0_frame00465
Jessica,C:\Users\main\Frentzen\Project\ISD\training_images_augmented_v2\Jessica\aug_vid0_frame00465_photometric_0408.jpg,validation,vid0_frame00465
Jessica,C:\Users\main\Frentzen\Project\ISD\training_images_augmented_v2\Jessica\aug_vid0_frame00465_photometric_0415.jpg,validation,vid0_frame00465
Jessica,C:\Users\main\Frentzen\Project\ISD\training_images_augmented_v2\Jessica\aug_vid0_frame00465_snow_0071.jpg,validation,vid0_frame00465
Jessica,C:\Users\main\Frentzen\Project\ISD\training_images_augmented_v2\Jessica\raw_vid0_frame00465.jpg,validation,vid0_frame00465
Jessica,C:\Users\main\Frentzen\Project\ISD\training_images_augmented_v2\Jessica\aug_vid0_frame00145_geometric_0137.jpg,validation,vid0_frame00145
Jessica,C:\Users\main\Frentzen\Project\ISD\training_images_augmented_v2\Jessica\raw_vid0_frame00145.jpg,validation,vid0_frame00145
Jessica,C:\Users\main\Frentzen\Project\ISD\training_images_augmented_v2\Jessica\aug_vid0_frame00180_geometric_0032.jpg,validation,vid0_frame00180
Jessica,C:\Users\main\Frentzen\Project\ISD\training_images_augmented_v2\Jessica\aug_vid0_frame00180_photometric_0064.jpg,validation,vid0_frame00180
Jessica,C:\Users\main\Frentzen\Project\ISD\training_images_augmented_v2\Jessica\aug_vid0_frame00180_photometric_0447.jpg,validation,vid0_frame00180
Jessica,C:\Users\main\Frentzen\Project\ISD\training_images_augmented_v2\Jessica\aug_vid0_frame00180_snow_0278.jpg,validation,vid0_frame00180
Jessica,C:\Users\main\Frentzen\Project\ISD\training_images_augmented_v2\Jessica\raw_vid0_frame00180.jpg,validation,vid0_frame00180
Jessica,C:\Users\main\Frentzen\Project\ISD\training_images_augmented_v2\Jessica\aug_vid0_frame00740_combined_0019.jpg,test,vid0_frame00740
Jessica,C:\Users\main\Frentzen\Project\ISD\training_images_augmented_v2\Jessica\aug_vid0_frame00740_combined_0043.jpg,test,vid0_frame00740
Jessica,C:\Users\main\Frentzen\Project\ISD\training_images_augmented_v2\Jessica\aug_vid0_frame00740_photometric_0267.jpg,test,vid0_frame00740
Jessica,C:\Users\main\Frentzen\Project\ISD\training_images_augmented_v2\Jessica\raw_vid0_frame00740.jpg,test,vid0_frame00740
Jessica,C:\Users\main\Frentzen\Project\ISD\training_images_augmented_v2\Jessica\aug_vid0_frame00365_photometric_0183.jpg,test,vid0_frame00365
Jessica,C:\Users\main\Frentzen\Project\ISD\training_images_augmented_v2\Jessica\aug_vid0_frame00365_photometric_0318.jpg,test,vid0_frame00365
Jessica,C:\Users\main\Frentzen\Project\ISD\training_images_augmented_v2\Jessica\raw_vid0_frame00365.jpg,test,vid0_frame00365
Jessica,C:\Users\main\Frentzen\Project\ISD\training_images_augmented_v2\Jessica\aug_vid0_frame00680_geometric_0004.jpg,test,vid0_frame00680
Jessica,C:\Users\main\Frentzen\Project\ISD\training_images_augmented_v2\Jessica\aug_vid0_frame00680_geometric_0057.jpg,test,vid0_frame00680
Jessica,C:\Users\main\Frentzen\Project\ISD\training_images_augmented_v2\Jessica\aug_vid0_frame00680_geometric_0277.jpg,test,vid0_frame00680
Jessica,C:\Users\main\Frentzen\Project\ISD\training_images_augmented_v2\Jessica\aug_vid0_frame00680_geometric_0298.jpg,test,vid0_frame00680
Jessica,C:\Users\main\Frentzen\Project\ISD\training_images_augmented_v2\Jessica\aug_vid0_frame00680_photometric_0285.jpg,test,vid0_frame00680
Jessica,C:\Users\main\Frentzen\Project\ISD\training_images_augmented_v2\Jessica\raw_vid0_frame00680.jpg,test,vid0_frame00680
Jessica,C:\Users\main\Frentzen\Project\ISD\training_images_augmented_v2\Jessica\raw_vid0_frame00100.jpg,test,vid0_frame00100
Jessica,C:\Users\main\Frentzen\Project\ISD\training_images_augmented_v2\Jessica\aug_vid0_frame00460_fog_0107.jpg,test,vid0_frame00460
Jessica,C:\Users\main\Frentzen\Project\ISD\training_images_augmented_v2\Jessica\aug_vid0_frame00460_occlusion_0304.jpg,test,vid0_frame00460
Jessica,C:\Users\main\Frentzen\Project\ISD\training_images_augmented_v2\Jessica\aug_vid0_frame00460_photometric_0026.jpg,test,vid0_frame00460
Jessica,C:\Users\main\Frentzen\Project\ISD\training_images_augmented_v2\Jessica\aug_vid0_frame00460_photometric_0394.jpg,test,vid0_frame00460
Jessica,C:\Users\main\Frentzen\Project\ISD\training_images_augmented_v2\Jessica\raw_vid0_frame00460.jpg,test,vid0_frame00460
Jessica,C:\Users\main\Frentzen\Project\ISD\training_images_augmented_v2\Jessica\aug_vid0_frame00300_geometric_0106.jpg,test,vid0_frame00300
Jessica,C:\Users\main\Frentzen\Project\ISD\training_images_augmented_v2\Jessica\aug_vid0_frame00300_geometric_0164.jpg,test,vid0_frame00300
Jessica,C:\Users\main\Frentzen\Project\ISD\training_images_augmented_v2\Jessica\aug_vid0_frame00300_geometric_0385.jpg,test,vid0_frame00300
Jessica,C:\Users\main\Frentzen\Project\ISD\training_images_augmented_v2\Jessica\raw_vid0_frame00300.jpg,test,vid0_frame00300
Jessica,C:\Users\main\Frentzen\Project\ISD\training_images_augmented_v2\Jessica\aug_vid0_frame00050_combined_0065.jpg,test,vid0_frame00050
Jessica,C:\Users\main\Frentzen\Project\ISD\training_images_augmented_v2\Jessica\aug_vid0_frame00050_combined_0133.jpg,test,vid0_frame00050
Jessica,C:\Users\main\Frentzen\Project\ISD\training_images_augmented_v2\Jessica\aug_vid0_frame00050_geometric_0181.jpg,test,vid0_frame00050
Jessica,C:\Users\main\Frentzen\Project\ISD\training_images_augmented_v2\Jessica\aug_vid0_frame00050_geometric_0313.jpg,test,vid0_frame00050
Jessica,C:\Users\main\Frentzen\Project\ISD\training_images_augmented_v2\Jessica\aug_vid0_frame00050_photometric_0146.jpg,test,vid0_frame00050
Jessica,C:\Users\main\Frentzen\Project\ISD\training_images_augmented_v2\Jessica\aug_vid0_frame00050_rain_0264.jpg,test,vid0_frame00050
Jessica,C:\Users\main\Frentzen\Project\ISD\training_images_augmented_v2\Jessica\raw_vid0_frame00050.jpg,test,vid0_frame00050
Jessica,C:\Users\main\Frentzen\Project\ISD\training_images_augmented_v2\Jessica\aug_vid0_frame00435_geometric_0225.jpg,test,vid0_frame00435
Jessica,C:\Users\main\Frentzen\Project\ISD\training_images_augmented_v2\Jessica\aug_vid0_frame00435_geometric_0243.jpg,test,vid0_frame00435
Jessica,C:\Users\main\Frentzen\Project\ISD\training_images_augmented_v2\Jessica\aug_vid0_frame00435_photometric_0148.jpg,test,vid0_frame00435
Jessica,C:\Users\main\Frentzen\Project\ISD\training_images_augmented_v2\Jessica\aug_vid0_frame00435_photometric_0419.jpg,test,vid0_frame00435
Jessica,C:\Users\main\Frentzen\Project\ISD\training_images_augmented_v2\Jessica\raw_vid0_frame00435.jpg,test,vid0_frame00435
Jessica,C:\Users\main\Frentzen\Project\ISD\training_images_augmented_v2\Jessica\aug_vid0_frame00025_photometric_0172.jpg,test,vid0_frame00025
Jessica,C:\Users\main\Frentzen\Project\ISD\training_images_augmented_v2\Jessica\aug_vid0_frame00025_photometric_0174.jpg,test,vid0_frame00025
Jessica,C:\Users\main\Frentzen\Project\ISD\training_images_augmented_v2\Jessica\raw_vid0_frame00025.jpg,test,vid0_frame00025
Jessica,C:\Users\main\Frentzen\Project\ISD\training_images_augmented_v2\Jessica\aug_vid0_frame00420_occlusion_0269.jpg,test,vid0_frame00420
Jessica,C:\Users\main\Frentzen\Project\ISD\training_images_augmented_v2\Jessica\aug_vid0_frame00420_photometric_0427.jpg,test,vid0_frame00420
Jessica,C:\Users\main\Frentzen\Project\ISD\training_images_augmented_v2\Jessica\raw_vid0_frame00420.jpg,test,vid0_frame00420
Jessica,C:\Users\main\Frentzen\Project\ISD\training_images_augmented_v2\Jessica\aug_vid0_frame00410_occlusion_0100.jpg,test,vid0_frame00410
Jessica,C:\Users\main\Frentzen\Project\ISD\training_images_augmented_v2\Jessica\aug_vid0_frame00410_photometric_0249.jpg,test,vid0_frame00410
Jessica,C:\Users\main\Frentzen\Project\ISD\training_images_augmented_v2\Jessica\aug_vid0_frame00410_photometric_0303.jpg,test,vid0_frame00410
Jessica,C:\Users\main\Frentzen\Project\ISD\training_images_augmented_v2\Jessica\raw_vid0_frame00410.jpg,test,vid0_frame00410
Jessica,C:\Users\main\Frentzen\Project\ISD\training_images_augmented_v2\Jessica\aug_vid0_frame00170_combined_0361.jpg,test,vid0_frame00170
Jessica,C:\Users\main\Frentzen\Project\ISD\training_images_augmented_v2\Jessica\aug_vid0_frame00170_geometric_0192.jpg,test,vid0_frame00170
Jessica,C:\Users\main\Frentzen\Project\ISD\training_images_augmented_v2\Jessica\aug_vid0_frame00170_photometric_0223.jpg,test,vid0_frame00170
Jessica,C:\Users\main\Frentzen\Project\ISD\training_images_augmented_v2\Jessica\raw_vid0_frame00170.jpg,test,vid0_frame00170
Jessica,C:\Users\main\Frentzen\Project\ISD\training_images_augmented_v2\Jessica\aug_vid0_frame00400_combined_0056.jpg,test,vid0_frame00400
Jessica,C:\Users\main\Frentzen\Project\ISD\training_images_augmented_v2\Jessica\aug_vid0_frame00400_fog_0395.jpg,test,vid0_frame00400
Jessica,C:\Users\main\Frentzen\Project\ISD\training_images_augmented_v2\Jessica\raw_vid0_frame00400.jpg,test,vid0_frame00400
Jessica,C:\Users\main\Frentzen\Project\ISD\training_images_augmented_v2\Jessica\aug_vid0_frame00615_combined_0199.jpg,test,vid0_frame00615
Jessica,C:\Users\main\Frentzen\Project\ISD\training_images_augmented_v2\Jessica\aug_vid0_frame00615_combined_0212.jpg,test,vid0_frame00615
Jessica,C:\Users\main\Frentzen\Project\ISD\training_images_augmented_v2\Jessica\raw_vid0_frame00615.jpg,test,vid0_frame00615
Jessica,C:\Users\main\Frentzen\Project\ISD\training_images_augmented_v2\Jessica\aug_vid0_frame00655_geometric_0207.jpg,test,vid0_frame00655
Jessica,C:\Users\main\Frentzen\Project\ISD\training_images_augmented_v2\Jessica\aug_vid0_frame00655_geometric_0323.jpg,test,vid0_frame00655
Jessica,C:\Users\main\Frentzen\Project\ISD\training_images_augmented_v2\Jessica\aug_vid0_frame00655_rain_0005.jpg,test,vid0_frame00655
Jessica,C:\Users\main\Frentzen\Project\ISD\training_images_augmented_v2\Jessica\raw_vid0_frame00655.jpg,test,vid0_frame00655
Jessica,C:\Users\main\Frentzen\Project\ISD\training_images_augmented_v2\Jessica\aug_vid0_frame00165_geometric_0409.jpg,test,vid0_frame00165
Jessica,C:\Users\main\Frentzen\Project\ISD\training_images_augmented_v2\Jessica\aug_vid0_frame00165_photometric_0041.jpg,test,vid0_frame00165
Jessica,C:\Users\main\Frentzen\Project\ISD\training_images_augmented_v2\Jessica\aug_vid0_frame00165_photometric_0103.jpg,test,vid0_frame00165
Jessica,C:\Users\main\Frentzen\Project\ISD\training_images_augmented_v2\Jessica\aug_vid0_frame00165_snow_0083.jpg,test,vid0_frame00165
Jessica,C:\Users\main\Frentzen\Project\ISD\training_images_augmented_v2\Jessica\raw_vid0_frame00165.jpg,test,vid0_frame00165
Jessica,C:\Users\main\Frentzen\Project\ISD\training_images_augmented_v2\Jessica\aug_vid0_frame00560_combined_0333.jpg,test,vid0_frame00560
Jessica,C:\Users\main\Frentzen\Project\ISD\training_images_augmented_v2\Jessica\aug_vid0_frame00560_geometric_0011.jpg,test,vid0_frame00560
Jessica,C:\Users\main\Frentzen\Project\ISD\training_images_augmented_v2\Jessica\aug_vid0_frame00560_photometric_0050.jpg,test,vid0_frame00560
Jessica,C:\Users\main\Frentzen\Project\ISD\training_images_augmented_v2\Jessica\aug_vid0_frame00560_photometric_0438.jpg,test,vid0_frame00560
Jessica,C:\Users\main\Frentzen\Project\ISD\training_images_augmented_v2\Jessica\raw_vid0_frame00560.jpg,test,vid0_frame00560
Jessica,C:\Users\main\Frentzen\Project\ISD\training_images_augmented_v2\Jessica\aug_vid0_frame00335_combined_0407.jpg,test,vid0_frame00335
Jessica,C:\Users\main\Frentzen\Project\ISD\training_images_augmented_v2\Jessica\aug_vid0_frame00335_photometric_0078.jpg,test,vid0_frame00335
Jessica,C:\Users\main\Frentzen\Project\ISD\training_images_augmented_v2\Jessica\aug_vid0_frame00335_photometric_0122.jpg,test,vid0_frame00335
Jessica,C:\Users\main\Frentzen\Project\ISD\training_images_augmented_v2\Jessica\aug_vid0_frame00335_photometric_0295.jpg,test,vid0_frame00335
Jessica,C:\Users\main\Frentzen\Project\ISD\training_images_augmented_v2\Jessica\raw_vid0_frame00335.jpg,test,vid0_frame00335
Jessica,C:\Users\main\Frentzen\Project\ISD\training_images_augmented_v2\Jessica\aug_vid0_frame00715_combined_0222.jpg,test,vid0_frame00715
Jessica,C:\Users\main\Frentzen\Project\ISD\training_images_augmented_v2\Jessica\aug_vid0_frame00715_geometric_0144.jpg,test,vid0_frame00715
Jessica,C:\Users\main\Frentzen\Project\ISD\training_images_augmented_v2\Jessica\raw_vid0_frame00715.jpg,test,vid0_frame00715
Jessica,C:\Users\main\Frentzen\Project\ISD\training_images_augmented_v2\Jessica\aug_vid0_frame00095_fog_0283.jpg,test,vid0_frame00095
Jessica,C:\Users\main\Frentzen\Project\ISD\training_images_augmented_v2\Jessica\aug_vid0_frame00095_geometric_0400.jpg,test,vid0_frame00095
Jessica,C:\Users\main\Frentzen\Project\ISD\training_images_augmented_v2\Jessica\aug_vid0_frame00095_occlusion_0002.jpg,test,vid0_frame00095
Jessica,C:\Users\main\Frentzen\Project\ISD\training_images_augmented_v2\Jessica\aug_vid0_frame00095_occlusion_0383.jpg,test,vid0_frame00095
Jessica,C:\Users\main\Frentzen\Project\ISD\training_images_augmented_v2\Jessica\aug_vid0_frame00095_photometric_0406.jpg,test,vid0_frame00095
Jessica,C:\Users\main\Frentzen\Project\ISD\training_images_augmented_v2\Jessica\aug_vid0_frame00095_photometric_0449.jpg,test,vid0_frame00095
Jessica,C:\Users\main\Frentzen\Project\ISD\training_images_augmented_v2\Jessica\raw_vid0_frame00095.jpg,test,vid0_frame00095
Jessica,C:\Users\main\Frentzen\Project\ISD\training_images_augmented_v2\Jessica\aug_vid0_frame00270_rain_0421.jpg,test,vid0_frame00270
Jessica,C:\Users\main\Frentzen\Project\ISD\training_images_augmented_v2\Jessica\raw_vid0_frame00270.jpg,test,vid0_frame00270
Jessica,C:\Users\main\Frentzen\Project\ISD\training_images_augmented_v2\Jessica\aug_vid0_frame00115_combined_0397.jpg,test,vid0_frame00115
Jessica,C:\Users\main\Frentzen\Project\ISD\training_images_augmented_v2\Jessica\aug_vid0_frame00115_combined_0402.jpg,test,vid0_frame00115
Jessica,C:\Users\main\Frentzen\Project\ISD\training_images_augmented_v2\Jessica\aug_vid0_frame00115_occlusion_0308.jpg,test,vid0_frame00115
Jessica,C:\Users\main\Frentzen\Project\ISD\training_images_augmented_v2\Jessica\aug_vid0_frame00115_photometric_0328.jpg,test,vid0_frame00115
Jessica,C:\Users\main\Frentzen\Project\ISD\training_images_augmented_v2\Jessica\raw_vid0_frame00115.jpg,test,vid0_frame00115
Jessica,C:\Users\main\Frentzen\Project\ISD\training_images_augmented_v2\Jessica\aug_vid0_frame00710_combined_0003.jpg,test,vid0_frame00710
Jessica,C:\Users\main\Frentzen\Project\ISD\training_images_augmented_v2\Jessica\aug_vid0_frame00710_combined_0335.jpg,test,vid0_frame00710
Jessica,C:\Users\main\Frentzen\Project\ISD\training_images_augmented_v2\Jessica\aug_vid0_frame00710_occlusion_0376.jpg,test,vid0_frame00710
Jessica,C:\Users\main\Frentzen\Project\ISD\training_images_augmented_v2\Jessica\aug_vid0_frame00710_photometric_0256.jpg,test,vid0_frame00710
Jessica,C:\Users\main\Frentzen\Project\ISD\training_images_augmented_v2\Jessica\raw_vid0_frame00710.jpg,test,vid0_frame00710
Jessica,C:\Users\main\Frentzen\Project\ISD\training_images_augmented_v2\Jessica\raw_vid0_frame00200.jpg,test,vid0_frame00200
Jessica,C:\Users\main\Frentzen\Project\ISD\training_images_augmented_v2\Jessica\aug_vid0_frame00225_combined_0301.jpg,test,vid0_frame00225
Jessica,C:\Users\main\Frentzen\Project\ISD\training_images_augmented_v2\Jessica\aug_vid0_frame00225_combined_0446.jpg,test,vid0_frame00225
Jessica,C:\Users\main\Frentzen\Project\ISD\training_images_augmented_v2\Jessica\aug_vid0_frame00225_geometric_0404.jpg,test,vid0_frame00225
Jessica,C:\Users\main\Frentzen\Project\ISD\training_images_augmented_v2\Jessica\aug_vid0_frame00225_rain_0272.jpg,test,vid0_frame00225
Jessica,C:\Users\main\Frentzen\Project\ISD\training_images_augmented_v2\Jessica\raw_vid0_frame00225.jpg,test,vid0_frame00225
Jessica,C:\Users\main\Frentzen\Project\ISD\training_images_augmented_v2\Jessica\aug_vid0_frame00735_geometric_0414.jpg,test,vid0_frame00735
Jessica,C:\Users\main\Frentzen\Project\ISD\training_images_augmented_v2\Jessica\aug_vid0_frame00735_geometric_0433.jpg,test,vid0_frame00735
Jessica,C:\Users\main\Frentzen\Project\ISD\training_images_augmented_v2\Jessica\aug_vid0_frame00735_snow_0287.jpg,test,vid0_frame00735
Jessica,C:\Users\main\Frentzen\Project\ISD\training_images_augmented_v2\Jessica\raw_vid0_frame00735.jpg,test,vid0_frame00735
Jessica,C:\Users\main\Frentzen\Project\ISD\training_images_augmented_v2\Jessica\aug_vid0_frame00700_geometric_0436.jpg,test,vid0_frame00700
Jessica,C:\Users\main\Frentzen\Project\ISD\training_images_augmented_v2\Jessica\aug_vid0_frame00700_occlusion_0155.jpg,test,vid0_frame00700
Jessica,C:\Users\main\Frentzen\Project\ISD\training_images_augmented_v2\Jessica\aug_vid0_frame00700_rain_0113.jpg,test,vid0_frame00700
Jessica,C:\Users\main\Frentzen\Project\ISD\training_images_augmented_v2\Jessica\aug_vid0_frame00700_rain_0312.jpg,test,vid0_frame00700
Jessica,C:\Users\main\Frentzen\Project\ISD\training_images_augmented_v2\Jessica\raw_vid0_frame00700.jpg,test,vid0_frame00700
Jessica,C:\Users\main\Frentzen\Project\ISD\training_images_augmented_v2\Jessica\aug_vid0_frame00665_occlusion_0039.jpg,test,vid0_frame00665
Jessica,C:\Users\main\Frentzen\Project\ISD\training_images_augmented_v2\Jessica\aug_vid0_frame00665_occlusion_0388.jpg,test,vid0_frame00665
Jessica,C:\Users\main\Frentzen\Project\ISD\training_images_augmented_v2\Jessica\aug_vid0_frame00665_photometric_0265.jpg,test,vid0_frame00665
Jessica,C:\Users\main\Frentzen\Project\ISD\training_images_augmented_v2\Jessica\aug_vid0_frame00665_photometric_0380.jpg,test,vid0_frame00665
Jessica,C:\Users\main\Frentzen\Project\ISD\training_images_augmented_v2\Jessica\aug_vid0_frame00665_snow_0236.jpg,test,vid0_frame00665
Jessica,C:\Users\main\Frentzen\Project\ISD\training_images_augmented_v2\Jessica\raw_vid0_frame00665.jpg,test,vid0_frame00665
Jessica,C:\Users\main\Frentzen\Project\ISD\training_images_augmented_v2\Jessica\aug_vid0_frame00060_photometric_0250.jpg,test,vid0_frame00060
Jessica,C:\Users\main\Frentzen\Project\ISD\training_images_augmented_v2\Jessica\aug_vid0_frame00060_photometric_0339.jpg,test,vid0_frame00060
Jessica,C:\Users\main\Frentzen\Project\ISD\training_images_augmented_v2\Jessica\aug_vid0_frame00060_snow_0261.jpg,test,vid0_frame00060
Jessica,C:\Users\main\Frentzen\Project\ISD\training_images_augmented_v2\Jessica\raw_vid0_frame00060.jpg,test,vid0_frame00060
Jessica,C:\Users\main\Frentzen\Project\ISD\training_images_augmented_v2\Jessica\raw_vid0_frame00535.jpg,test,vid0_frame00535
Jessica,C:\Users\main\Frentzen\Project\ISD\training_images_augmented_v2\Jessica\aug_vid0_frame00440_geometric_0353.jpg,test,vid0_frame00440
Jessica,C:\Users\main\Frentzen\Project\ISD\training_images_augmented_v2\Jessica\aug_vid0_frame00440_geometric_0422.jpg,test,vid0_frame00440
Jessica,C:\Users\main\Frentzen\Project\ISD\training_images_augmented_v2\Jessica\aug_vid0_frame00440_photometric_0173.jpg,test,vid0_frame00440
Jessica,C:\Users\main\Frentzen\Project\ISD\training_images_augmented_v2\Jessica\raw_vid0_frame00440.jpg,test,vid0_frame00440
Jessica,C:\Users\main\Frentzen\Project\ISD\training_images_augmented_v2\Jessica\aug_vid0_frame00085_geometric_0062.jpg,test,vid0_frame00085
Jessica,C:\Users\main\Frentzen\Project\ISD\training_images_augmented_v2\Jessica\aug_vid0_frame00085_geometric_0104.jpg,test,vid0_frame00085
Jessica,C:\Users\main\Frentzen\Project\ISD\training_images_augmented_v2\Jessica\aug_vid0_frame00085_photometric_0109.jpg,test,vid0_frame00085
Jessica,C:\Users\main\Frentzen\Project\ISD\training_images_augmented_v2\Jessica\aug_vid0_frame00085_photometric_0154.jpg,test,vid0_frame00085
Jessica,C:\Users\main\Frentzen\Project\ISD\training_images_augmented_v2\Jessica\aug_vid0_frame00085_photometric_0362.jpg,test,vid0_frame00085
Jessica,C:\Users\main\Frentzen\Project\ISD\training_images_augmented_v2\Jessica\raw_vid0_frame00085.jpg,test,vid0_frame00085
Jessica,C:\Users\main\Frentzen\Project\ISD\training_images_augmented_v2\Jessica\raw_vid0_frame00075.jpg,test,vid0_frame00075
Jessica,C:\Users\main\Frentzen\Project\ISD\training_images_augmented_v2\Jessica\aug_vid0_frame00080_geometric_0197.jpg,test,vid0_frame00080
Jessica,C:\Users\main\Frentzen\Project\ISD\training_images_augmented_v2\Jessica\aug_vid0_frame00080_geometric_0260.jpg,test,vid0_frame00080
Jessica,C:\Users\main\Frentzen\Project\ISD\training_images_augmented_v2\Jessica\aug_vid0_frame00080_geometric_0332.jpg,test,vid0_frame00080
Jessica,C:\Users\main\Frentzen\Project\ISD\training_images_augmented_v2\Jessica\aug_vid0_frame00080_photometric_0171.jpg,test,vid0_frame00080
Jessica,C:\Users\main\Frentzen\Project\ISD\training_images_augmented_v2\Jessica\raw_vid0_frame00080.jpg,test,vid0_frame00080
Jessica,C:\Users\main\Frentzen\Project\ISD\training_images_augmented_v2\Jessica\aug_vid0_frame00310_combined_0373.jpg,test,vid0_frame00310
Jessica,C:\Users\main\Frentzen\Project\ISD\training_images_augmented_v2\Jessica\aug_vid0_frame00310_photometric_0242.jpg,test,vid0_frame00310
Jessica,C:\Users\main\Frentzen\Project\ISD\training_images_augmented_v2\Jessica\raw_vid0_frame00310.jpg,test,vid0_frame00310
Jessica,C:\Users\main\Frentzen\Project\ISD\training_images_augmented_v2\Jessica\aug_vid0_frame00415_fog_0317.jpg,test,vid0_frame00415
Jessica,C:\Users\main\Frentzen\Project\ISD\training_images_augmented_v2\Jessica\aug_vid0_frame00415_occlusion_0094.jpg,test,vid0_frame00415
Jessica,C:\Users\main\Frentzen\Project\ISD\training_images_augmented_v2\Jessica\aug_vid0_frame00415_rain_0292.jpg,test,vid0_frame00415
Jessica,C:\Users\main\Frentzen\Project\ISD\training_images_augmented_v2\Jessica\aug_vid0_frame00415_snow_0084.jpg,test,vid0_frame00415
Jessica,C:\Users\main\Frentzen\Project\ISD\training_images_augmented_v2\Jessica\raw_vid0_frame00415.jpg,test,vid0_frame00415
Jessica,C:\Users\main\Frentzen\Project\ISD\training_images_augmented_v2\Jessica\aug_vid0_frame00275_combined_0009.jpg,test,vid0_frame00275
Jessica,C:\Users\main\Frentzen\Project\ISD\training_images_augmented_v2\Jessica\aug_vid0_frame00275_combined_0442.jpg,test,vid0_frame00275
Jessica,C:\Users\main\Frentzen\Project\ISD\training_images_augmented_v2\Jessica\raw_vid0_frame00275.jpg,test,vid0_frame00275
Jessica,C:\Users\main\Frentzen\Project\ISD\training_images_augmented_v2\Jessica\aug_vid0_frame00220_occlusion_0018.jpg,test,vid0_frame00220
Jessica,C:\Users\main\Frentzen\Project\ISD\training_images_augmented_v2\Jessica\raw_vid0_frame00220.jpg,test,vid0_frame00220
Marcus,C:\Users\main\Frentzen\Project\ISD\training_images_augmented_v2\Marcus\aug_vid2_frame00120_combined_0294.jpg,enrollment,vid2_frame00120
Marcus,C:\Users\main\Frentzen\Project\ISD\training_images_augmented_v2\Marcus\aug_vid2_frame00120_geometric_0251.jpg,enrollment,vid2_frame00120
Marcus,C:\Users\main\Frentzen\Project\ISD\training_images_augmented_v2\Marcus\aug_vid2_frame00120_geometric_0429.jpg,enrollment,vid2_frame00120
Marcus,C:\Users\main\Frentzen\Project\ISD\training_images_augmented_v2\Marcus\raw_vid2_frame00120.jpg,enrollment,vid2_frame00120
Marcus,C:\Users\main\Frentzen\Project\ISD\training_images_augmented_v2\Marcus\aug_vid2_frame00056_geometric_0239.jpg,enrollment,vid2_frame00056
Marcus,C:\Users\main\Frentzen\Project\ISD\training_images_augmented_v2\Marcus\aug_vid2_frame00056_geometric_0419.jpg,enrollment,vid2_frame00056
Marcus,C:\Users\main\Frentzen\Project\ISD\training_images_augmented_v2\Marcus\aug_vid2_frame00056_occlusion_0379.jpg,enrollment,vid2_frame00056
Marcus,C:\Users\main\Frentzen\Project\ISD\training_images_augmented_v2\Marcus\raw_vid2_frame00056.jpg,enrollment,vid2_frame00056
Marcus,C:\Users\main\Frentzen\Project\ISD\training_images_augmented_v2\Marcus\aug_vid0_frame00234_combined_0324.jpg,enrollment,vid0_frame00234
Marcus,C:\Users\main\Frentzen\Project\ISD\training_images_augmented_v2\Marcus\aug_vid0_frame00234_fog_0399.jpg,enrollment,vid0_frame00234
Marcus,C:\Users\main\Frentzen\Project\ISD\training_images_augmented_v2\Marcus\raw_vid0_frame00234.jpg,enrollment,vid0_frame00234
Marcus,C:\Users\main\Frentzen\Project\ISD\training_images_augmented_v2\Marcus\aug_vid3_frame00182_combined_0277.jpg,enrollment,vid3_frame00182
Marcus,C:\Users\main\Frentzen\Project\ISD\training_images_augmented_v2\Marcus\aug_vid3_frame00182_geometric_0193.jpg,enrollment,vid3_frame00182
Marcus,C:\Users\main\Frentzen\Project\ISD\training_images_augmented_v2\Marcus\aug_vid3_frame00182_geometric_0204.jpg,enrollment,vid3_frame00182
Marcus,C:\Users\main\Frentzen\Project\ISD\training_images_augmented_v2\Marcus\aug_vid3_frame00182_geometric_0342.jpg,enrollment,vid3_frame00182
Marcus,C:\Users\main\Frentzen\Project\ISD\training_images_augmented_v2\Marcus\raw_vid3_frame00182.jpg,enrollment,vid3_frame00182
Marcus,C:\Users\main\Frentzen\Project\ISD\training_images_augmented_v2\Marcus\aug_vid0_frame00279_combined_0111.jpg,enrollment,vid0_frame00279
Marcus,C:\Users\main\Frentzen\Project\ISD\training_images_augmented_v2\Marcus\aug_vid0_frame00279_photometric_0045.jpg,enrollment,vid0_frame00279
Marcus,C:\Users\main\Frentzen\Project\ISD\training_images_augmented_v2\Marcus\aug_vid0_frame00279_photometric_0341.jpg,enrollment,vid0_frame00279
Marcus,C:\Users\main\Frentzen\Project\ISD\training_images_augmented_v2\Marcus\raw_vid0_frame00279.jpg,enrollment,vid0_frame00279
Marcus,C:\Users\main\Frentzen\Project\ISD\training_images_augmented_v2\Marcus\aug_vid3_frame00462_combined_0225.jpg,enrollment,vid3_frame00462
Marcus,C:\Users\main\Frentzen\Project\ISD\training_images_augmented_v2\Marcus\aug_vid3_frame00462_occlusion_0433.jpg,enrollment,vid3_frame00462
Marcus,C:\Users\main\Frentzen\Project\ISD\training_images_augmented_v2\Marcus\aug_vid3_frame00462_photometric_0158.jpg,enrollment,vid3_frame00462
Marcus,C:\Users\main\Frentzen\Project\ISD\training_images_augmented_v2\Marcus\raw_vid3_frame00462.jpg,enrollment,vid3_frame00462
Marcus,C:\Users\main\Frentzen\Project\ISD\training_images_augmented_v2\Marcus\aug_vid2_frame00008_combined_0039.jpg,enrollment,vid2_frame00008
Marcus,C:\Users\main\Frentzen\Project\ISD\training_images_augmented_v2\Marcus\aug_vid2_frame00008_fog_0361.jpg,enrollment,vid2_frame00008
Marcus,C:\Users\main\Frentzen\Project\ISD\training_images_augmented_v2\Marcus\aug_vid2_frame00008_geometric_0151.jpg,enrollment,vid2_frame00008
Marcus,C:\Users\main\Frentzen\Project\ISD\training_images_augmented_v2\Marcus\aug_vid2_frame00008_geometric_0356.jpg,enrollment,vid2_frame00008
Marcus,C:\Users\main\Frentzen\Project\ISD\training_images_augmented_v2\Marcus\aug_vid2_frame00008_photometric_0420.jpg,enrollment,vid2_frame00008
Marcus,C:\Users\main\Frentzen\Project\ISD\training_images_augmented_v2\Marcus\aug_vid2_frame00008_rain_0425.jpg,enrollment,vid2_frame00008
Marcus,C:\Users\main\Frentzen\Project\ISD\training_images_augmented_v2\Marcus\raw_vid2_frame00008.jpg,enrollment,vid2_frame00008
Marcus,C:\Users\main\Frentzen\Project\ISD\training_images_augmented_v2\Marcus\aug_vid3_frame00140_geometric_0063.jpg,enrollment,vid3_frame00140
Marcus,C:\Users\main\Frentzen\Project\ISD\training_images_augmented_v2\Marcus\aug_vid3_frame00140_geometric_0369.jpg,enrollment,vid3_frame00140
Marcus,C:\Users\main\Frentzen\Project\ISD\training_images_augmented_v2\Marcus\aug_vid3_frame00140_photometric_0146.jpg,enrollment,vid3_frame00140
Marcus,C:\Users\main\Frentzen\Project\ISD\training_images_augmented_v2\Marcus\raw_vid3_frame00140.jpg,enrollment,vid3_frame00140
Marcus,C:\Users\main\Frentzen\Project\ISD\training_images_augmented_v2\Marcus\aug_vid1_frame00018_combined_0334.jpg,enrollment,vid1_frame00018
Marcus,C:\Users\main\Frentzen\Project\ISD\training_images_augmented_v2\Marcus\aug_vid1_frame00018_fog_0038.jpg,enrollment,vid1_frame00018
Marcus,C:\Users\main\Frentzen\Project\ISD\training_images_augmented_v2\Marcus\aug_vid1_frame00018_geometric_0090.jpg,enrollment,vid1_frame00018
Marcus,C:\Users\main\Frentzen\Project\ISD\training_images_augmented_v2\Marcus\aug_vid1_frame00018_geometric_0138.jpg,enrollment,vid1_frame00018
Marcus,C:\Users\main\Frentzen\Project\ISD\training_images_augmented_v2\Marcus\aug_vid1_frame00018_rain_0053.jpg,enrollment,vid1_frame00018
Marcus,C:\Users\main\Frentzen\Project\ISD\training_images_augmented_v2\Marcus\raw_vid1_frame00018.jpg,enrollment,vid1_frame00018
Marcus,C:\Users\main\Frentzen\Project\ISD\training_images_augmented_v2\Marcus\raw_vid2_frame00192.jpg,enrollment,vid2_frame00192
Marcus,C:\Users\main\Frentzen\Project\ISD\training_images_augmented_v2\Marcus\aug_vid1_frame00315_combined_0097.jpg,enrollment,vid1_frame00315
Marcus,C:\Users\main\Frentzen\Project\ISD\training_images_augmented_v2\Marcus\aug_vid1_frame00315_geometric_0035.jpg,enrollment,vid1_frame00315
Marcus,C:\Users\main\Frentzen\Project\ISD\training_images_augmented_v2\Marcus\aug_vid1_frame00315_geometric_0139.jpg,enrollment,vid1_frame00315
Marcus,C:\Users\main\Frentzen\Project\ISD\training_images_augmented_v2\Marcus\aug_vid1_frame00315_geometric_0357.jpg,enrollment,vid1_frame00315
Marcus,C:\Users\main\Frentzen\Project\ISD\training_images_augmented_v2\Marcus\raw_vid1_frame00315.jpg,enrollment,vid1_frame00315
Marcus,C:\Users\main\Frentzen\Project\ISD\training_images_augmented_v2\Marcus\aug_vid2_frame00080_combined_0067.jpg,enrollment,vid2_frame00080
Marcus,C:\Users\main\Frentzen\Project\ISD\training_images_augmented_v2\Marcus\aug_vid2_frame00080_geometric_0335.jpg,enrollment,vid2_frame00080
Marcus,C:\Users\main\Frentzen\Project\ISD\training_images_augmented_v2\Marcus\raw_vid2_frame00080.jpg,enrollment,vid2_frame00080
Marcus,C:\Users\main\Frentzen\Project\ISD\training_images_augmented_v2\Marcus\aug_vid3_frame00028_combined_0104.jpg,enrollment,vid3_frame00028
Marcus,C:\Users\main\Frentzen\Project\ISD\training_images_augmented_v2\Marcus\aug_vid3_frame00028_combined_0418.jpg,enrollment,vid3_frame00028
Marcus,C:\Users\main\Frentzen\Project\ISD\training_images_augmented_v2\Marcus\aug_vid3_frame00028_photometric_0267.jpg,enrollment,vid3_frame00028
Marcus,C:\Users\main\Frentzen\Project\ISD\training_images_augmented_v2\Marcus\aug_vid3_frame00028_photometric_0405.jpg,enrollment,vid3_frame00028
Marcus,C:\Users\main\Frentzen\Project\ISD\training_images_augmented_v2\Marcus\raw_vid3_frame00028.jpg,enrollment,vid3_frame00028
Marcus,C:\Users\main\Frentzen\Project\ISD\training_images_augmented_v2\Marcus\aug_vid0_frame00108_fog_0312.jpg,enrollment,vid0_frame00108
Marcus,C:\Users\main\Frentzen\Project\ISD\training_images_augmented_v2\Marcus\aug_vid0_frame00108_occlusion_0048.jpg,enrollment,vid0_frame00108
Marcus,C:\Users\main\Frentzen\Project\ISD\training_images_augmented_v2\Marcus\raw_vid0_frame00108.jpg,enrollment,vid0_frame00108
Marcus,C:\Users\main\Frentzen\Project\ISD\training_images_augmented_v2\Marcus\aug_vid3_frame00196_combined_0051.jpg,enrollment,vid3_frame00196
Marcus,C:\Users\main\Frentzen\Project\ISD\training_images_augmented_v2\Marcus\aug_vid3_frame00196_photometric_0156.jpg,enrollment,vid3_frame00196
Marcus,C:\Users\main\Frentzen\Project\ISD\training_images_augmented_v2\Marcus\aug_vid3_frame00196_photometric_0446.jpg,enrollment,vid3_frame00196
Marcus,C:\Users\main\Frentzen\Project\ISD\training_images_augmented_v2\Marcus\raw_vid3_frame00196.jpg,enrollment,vid3_frame00196
Marcus,C:\Users\main\Frentzen\Project\ISD\training_images_augmented_v2\Marcus\aug_vid1_frame00261_combined_0036.jpg,enrollment,vid1_frame00261
Marcus,C:\Users\main\Frentzen\Project\ISD\training_images_augmented_v2\Marcus\aug_vid1_frame00261_fog_0236.jpg,enrollment,vid1_frame00261
Marcus,C:\Users\main\Frentzen\Project\ISD\training_images_augmented_v2\Marcus\raw_vid1_frame00261.jpg,enrollment,vid1_frame00261
Marcus,C:\Users\main\Frentzen\Project\ISD\training_images_augmented_v2\Marcus\aug_vid3_frame00210_combined_0176.jpg,enrollment,vid3_frame00210
Marcus,C:\Users\main\Frentzen\Project\ISD\training_images_augmented_v2\Marcus\aug_vid3_frame00210_photometric_0017.jpg,enrollment,vid3_frame00210
Marcus,C:\Users\main\Frentzen\Project\ISD\training_images_augmented_v2\Marcus\raw_vid3_frame00210.jpg,enrollment,vid3_frame00210
Marcus,C:\Users\main\Frentzen\Project\ISD\training_images_augmented_v2\Marcus\raw_vid0_frame00261.jpg,enrollment,vid0_frame00261
Marcus,C:\Users\main\Frentzen\Project\ISD\training_images_augmented_v2\Marcus\aug_vid0_frame00027_geometric_0195.jpg,enrollment,vid0_frame00027
Marcus,C:\Users\main\Frentzen\Project\ISD\training_images_augmented_v2\Marcus\aug_vid0_frame00027_snow_0060.jpg,enrollment,vid0_frame00027
Marcus,C:\Users\main\Frentzen\Project\ISD\training_images_augmented_v2\Marcus\raw_vid0_frame00027.jpg,enrollment,vid0_frame00027
Marcus,C:\Users\main\Frentzen\Project\ISD\training_images_augmented_v2\Marcus\aug_vid2_frame00280_combined_0337.jpg,enrollment,vid2_frame00280
Marcus,C:\Users\main\Frentzen\Project\ISD\training_images_augmented_v2\Marcus\aug_vid2_frame00280_rain_0340.jpg,enrollment,vid2_frame00280
Marcus,C:\Users\main\Frentzen\Project\ISD\training_images_augmented_v2\Marcus\aug_vid2_frame00280_snow_0014.jpg,enrollment,vid2_frame00280
Marcus,C:\Users\main\Frentzen\Project\ISD\training_images_augmented_v2\Marcus\raw_vid2_frame00280.jpg,enrollment,vid2_frame00280
Marcus,C:\Users\main\Frentzen\Project\ISD\training_images_augmented_v2\Marcus\aug_vid3_frame00280_combined_0306.jpg,enrollment,vid3_frame00280
Marcus,C:\Users\main\Frentzen\Project\ISD\training_images_augmented_v2\Marcus\aug_vid3_frame00280_occlusion_0088.jpg,enrollment,vid3_frame00280
Marcus,C:\Users\main\Frentzen\Project\ISD\training_images_augmented_v2\Marcus\raw_vid3_frame00280.jpg,enrollment,vid3_frame00280
Marcus,C:\Users\main\Frentzen\Project\ISD\training_images_augmented_v2\Marcus\aug_vid3_frame00378_combined_0426.jpg,enrollment,vid3_frame00378
Marcus,C:\Users\main\Frentzen\Project\ISD\training_images_augmented_v2\Marcus\aug_vid3_frame00378_fog_0347.jpg,enrollment,vid3_frame00378
Marcus,C:\Users\main\Frentzen\Project\ISD\training_images_augmented_v2\Marcus\aug_vid3_frame00378_geometric_0321.jpg,enrollment,vid3_frame00378
Marcus,C:\Users\main\Frentzen\Project\ISD\training_images_augmented_v2\Marcus\aug_vid3_frame00378_rain_0243.jpg,enrollment,vid3_frame00378
Marcus,C:\Users\main\Frentzen\Project\ISD\training_images_augmented_v2\Marcus\raw_vid3_frame00378.jpg,enrollment,vid3_frame00378
Marcus,C:\Users\main\Frentzen\Project\ISD\training_images_augmented_v2\Marcus\aug_vid3_frame00294_combined_0368.jpg,enrollment,vid3_frame00294
Marcus,C:\Users\main\Frentzen\Project\ISD\training_images_augmented_v2\Marcus\aug_vid3_frame00294_geometric_0366.jpg,enrollment,vid3_frame00294
Marcus,C:\Users\main\Frentzen\Project\ISD\training_images_augmented_v2\Marcus\aug_vid3_frame00294_photometric_0313.jpg,enrollment,vid3_frame00294
Marcus,C:\Users\main\Frentzen\Project\ISD\training_images_augmented_v2\Marcus\raw_vid3_frame00294.jpg,enrollment,vid3_frame00294
Marcus,C:\Users\main\Frentzen\Project\ISD\training_images_augmented_v2\Marcus\aug_vid1_frame00027_fog_0006.jpg,enrollment,vid1_frame00027
Marcus,C:\Users\main\Frentzen\Project\ISD\training_images_augmented_v2\Marcus\aug_vid1_frame00027_fog_0129.jpg,enrollment,vid1_frame00027
Marcus,C:\Users\main\Frentzen\Project\ISD\training_images_augmented_v2\Marcus\aug_vid1_frame00027_fog_0244.jpg,enrollment,vid1_frame00027
Marcus,C:\Users\main\Frentzen\Project\ISD\training_images_augmented_v2\Marcus\aug_vid1_frame00027_occlusion_0141.jpg,enrollment,vid1_frame00027
Marcus,C:\Users\main\Frentzen\Project\ISD\training_images_augmented_v2\Marcus\aug_vid1_frame00027_photometric_0362.jpg,enrollment,vid1_frame00027
Marcus,C:\Users\main\Frentzen\Project\ISD\training_images_augmented_v2\Marcus\raw_vid1_frame00027.jpg,enrollment,vid1_frame00027
Marcus,C:\Users\main\Frentzen\Project\ISD\training_images_augmented_v2\Marcus\aug_vid1_frame00117_combined_0373.jpg,enrollment,vid1_frame00117
Marcus,C:\Users\main\Frentzen\Project\ISD\training_images_augmented_v2\Marcus\raw_vid1_frame00117.jpg,enrollment,vid1_frame00117
Marcus,C:\Users\main\Frentzen\Project\ISD\training_images_augmented_v2\Marcus\aug_vid0_frame00333_geometric_0079.jpg,enrollment,vid0_frame00333
Marcus,C:\Users\main\Frentzen\Project\ISD\training_images_augmented_v2\Marcus\aug_vid0_frame00333_photometric_0263.jpg,enrollment,vid0_frame00333
Marcus,C:\Users\main\Frentzen\Project\ISD\training_images_augmented_v2\Marcus\aug_vid0_frame00333_snow_0258.jpg,enrollment,vid0_frame00333
Marcus,C:\Users\main\Frentzen\Project\ISD\training_images_augmented_v2\Marcus\raw_vid0_frame00333.jpg,enrollment,vid0_frame00333
Marcus,C:\Users\main\Frentzen\Project\ISD\training_images_augmented_v2\Marcus\aug_vid3_frame00448_combined_0233.jpg,enrollment,vid3_frame00448
Marcus,C:\Users\main\Frentzen\Project\ISD\training_images_augmented_v2\Marcus\aug_vid3_frame00448_combined_0381.jpg,enrollment,vid3_frame00448
Marcus,C:\Users\main\Frentzen\Project\ISD\training_images_augmented_v2\Marcus\aug_vid3_frame00448_fog_0226.jpg,enrollment,vid3_frame00448
Marcus,C:\Users\main\Frentzen\Project\ISD\training_images_augmented_v2\Marcus\aug_vid3_frame00448_fog_0327.jpg,enrollment,vid3_frame00448
Marcus,C:\Users\main\Frentzen\Project\ISD\training_images_augmented_v2\Marcus\aug_vid3_frame00448_photometric_0009.jpg,enrollment,vid3_frame00448
Marcus,C:\Users\main\Frentzen\Project\ISD\training_images_augmented_v2\Marcus\raw_vid3_frame00448.jpg,enrollment,vid3_frame00448
Marcus,C:\Users\main\Frentzen\Project\ISD\training_images_augmented_v2\Marcus\raw_vid0_frame00189.jpg,enrollment,vid0_frame00189
Marcus,C:\Users\main\Frentzen\Project\ISD\training_images_augmented_v2\Marcus\aug_vid3_frame00098_geometric_0249.jpg,enrollment,vid3_frame00098
Marcus,C:\Users\main\Frentzen\Project\ISD\training_images_augmented_v2\Marcus\aug_vid3_frame00098_rain_0099.jpg,enrollment,vid3_frame00098
Marcus,C:\Users\main\Frentzen\Project\ISD\training_images_augmented_v2\Marcus\aug_vid3_frame00098_rain_0435.jpg,enrollment,vid3_frame00098
Marcus,C:\Users\main\Frentzen\Project\ISD\training_images_augmented_v2\Marcus\raw_vid3_frame00098.jpg,enrollment,vid3_frame00098
Marcus,C:\Users\main\Frentzen\Project\ISD\training_images_augmented_v2\Marcus\aug_vid0_frame00198_geometric_0235.jpg,enrollment,vid0_frame00198
Marcus,C:\Users\main\Frentzen\Project\ISD\training_images_augmented_v2\Marcus\raw_vid0_frame00198.jpg,enrollment,vid0_frame00198
Marcus,C:\Users\main\Frentzen\Project\ISD\training_images_augmented_v2\Marcus\aug_vid1_frame00279_geometric_0089.jpg,enrollment,vid1_frame00279
Marcus,C:\Users\main\Frentzen\Project\ISD\training_images_augmented_v2\Marcus\aug_vid1_frame00279_geometric_0301.jpg,enrollment,vid1_frame00279
Marcus,C:\Users\main\Frentzen\Project\ISD\training_images_augmented_v2\Marcus\aug_vid1_frame00279_geometric_0442.jpg,enrollment,vid1_frame00279
Marcus,C:\Users\main\Frentzen\Project\ISD\training_images_augmented_v2\Marcus\aug_vid1_frame00279_photometric_0016.jpg,enrollment,vid1_frame00279
Marcus,C:\Users\main\Frentzen\Project\ISD\training_images_augmented_v2\Marcus\aug_vid1_frame00279_photometric_0378.jpg,enrollment,vid1_frame00279
Marcus,C:\Users\main\Frentzen\Project\ISD\training_images_augmented_v2\Marcus\aug_vid1_frame00279_rain_0232.jpg,enrollment,vid1_frame00279
Marcus,C:\Users\main\Frentzen\Project\ISD\training_images_augmented_v2\Marcus\aug_vid1_frame00279_snow_0392.jpg,enrollment,vid1_frame00279
Marcus,C:\Users\main\Frentzen\Project\ISD\training_images_augmented_v2\Marcus\raw_vid1_frame00279.jpg,enrollment,vid1_frame00279
Marcus,C:\Users\main\Frentzen\Project\ISD\training_images_augmented_v2\Marcus\aug_vid3_frame00126_combined_0085.jpg,enrollment,vid3_frame00126
Marcus,C:\Users\main\Frentzen\Project\ISD\training_images_augmented_v2\Marcus\aug_vid3_frame00126_combined_0094.jpg,enrollment,vid3_frame00126
Marcus,C:\Users\main\Frentzen\Project\ISD\training_images_augmented_v2\Marcus\aug_vid3_frame00126_combined_0115.jpg,enrollment,vid3_frame00126
Marcus,C:\Users\main\Frentzen\Project\ISD\training_images_augmented_v2\Marcus\aug_vid3_frame00126_photometric_0095.jpg,enrollment,vid3_frame00126
Marcus,C:\Users\main\Frentzen\Project\ISD\training_images_augmented_v2\Marcus\aug_vid3_frame00126_photometric_0144.jpg,enrollment,vid3_frame00126
Marcus,C:\Users\main\Frentzen\Project\ISD\training_images_augmented_v2\Marcus\aug_vid3_frame00126_rain_0323.jpg,enrollment,vid3_frame00126
Marcus,C:\Users\main\Frentzen\Project\ISD\training_images_augmented_v2\Marcus\aug_vid3_frame00126_rain_0350.jpg,enrollment,vid3_frame00126
Marcus,C:\Users\main\Frentzen\Project\ISD\training_images_augmented_v2\Marcus\raw_vid3_frame00126.jpg,enrollment,vid3_frame00126
Marcus,C:\Users\main\Frentzen\Project\ISD\training_images_augmented_v2\Marcus\aug_vid1_frame00297_combined_0207.jpg,enrollment,vid1_frame00297
Marcus,C:\Users\main\Frentzen\Project\ISD\training_images_augmented_v2\Marcus\aug_vid1_frame00297_combined_0303.jpg,enrollment,vid1_frame00297
Marcus,C:\Users\main\Frentzen\Project\ISD\training_images_augmented_v2\Marcus\aug_vid1_frame00297_combined_0330.jpg,enrollment,vid1_frame00297
Marcus,C:\Users\main\Frentzen\Project\ISD\training_images_augmented_v2\Marcus\aug_vid1_frame00297_geometric_0019.jpg,enrollment,vid1_frame00297
Marcus,C:\Users\main\Frentzen\Project\ISD\training_images_augmented_v2\Marcus\aug_vid1_frame00297_photometric_0396.jpg,enrollment,vid1_frame00297
Marcus,C:\Users\main\Frentzen\Project\ISD\training_images_augmented_v2\Marcus\raw_vid1_frame00297.jpg,enrollment,vid1_frame00297
Marcus,C:\Users\main\Frentzen\Project\ISD\training_images_augmented_v2\Marcus\raw_vid1_frame00306.jpg,enrollment,vid1_frame00306
Marcus,C:\Users\main\Frentzen\Project\ISD\training_images_augmented_v2\Marcus\raw_vid1_frame00270.jpg,enrollment,vid1_frame00270
Marcus,C:\Users\main\Frentzen\Project\ISD\training_images_augmented_v2\Marcus\aug_vid3_frame00084_combined_0376.jpg,enrollment,vid3_frame00084
Marcus,C:\Users\main\Frentzen\Project\ISD\training_images_augmented_v2\Marcus\aug_vid3_frame00084_geometric_0348.jpg,enrollment,vid3_frame00084
Marcus,C:\Users\main\Frentzen\Project\ISD\training_images_augmented_v2\Marcus\aug_vid3_frame00084_photometric_0110.jpg,enrollment,vid3_frame00084
Marcus,C:\Users\main\Frentzen\Project\ISD\training_images_augmented_v2\Marcus\raw_vid3_frame00084.jpg,enrollment,vid3_frame00084
Marcus,C:\Users\main\Frentzen\Project\ISD\training_images_augmented_v2\Marcus\aug_vid0_frame00018_fog_0091.jpg,enrollment,vid0_frame00018
Marcus,C:\Users\main\Frentzen\Project\ISD\training_images_augmented_v2\Marcus\aug_vid0_frame00018_occlusion_0022.jpg,enrollment,vid0_frame00018
Marcus,C:\Users\main\Frentzen\Project\ISD\training_images_augmented_v2\Marcus\aug_vid0_frame00018_photometric_0010.jpg,enrollment,vid0_frame00018
Marcus,C:\Users\main\Frentzen\Project\ISD\training_images_augmented_v2\Marcus\aug_vid0_frame00018_photometric_0190.jpg,enrollment,vid0_frame00018
Marcus,C:\Users\main\Frentzen\Project\ISD\training_images_augmented_v2\Marcus\aug_vid0_frame00018_photometric_0237.jpg,enrollment,vid0_frame00018
Marcus,C:\Users\main\Frentzen\Project\ISD\training_images_augmented_v2\Marcus\raw_vid0_frame00018.jpg,enrollment,vid0_frame00018
Marcus,C:\Users\main\Frentzen\Project\ISD\training_images_augmented_v2\Marcus\aug_vid0_frame00009_occlusion_0285.jpg,enrollment,vid0_frame00009
Marcus,C:\Users\main\Frentzen\Project\ISD\training_images_augmented_v2\Marcus\aug_vid0_frame00009_photometric_0211.jpg,enrollment,vid0_frame00009
Marcus,C:\Users\main\Frentzen\Project\ISD\training_images_augmented_v2\Marcus\aug_vid0_frame00009_photometric_0271.jpg,enrollment,vid0_frame00009
Marcus,C:\Users\main\Frentzen\Project\ISD\training_images_augmented_v2\Marcus\raw_vid0_frame00009.jpg,enrollment,vid0_frame00009
Marcus,C:\Users\main\Frentzen\Project\ISD\training_images_augmented_v2\Marcus\raw_vid2_frame00040.jpg,enrollment,vid2_frame00040
Marcus,C:\Users\main\Frentzen\Project\ISD\training_images_augmented_v2\Marcus\aug_vid0_frame00117_fog_0213.jpg,enrollment,vid0_frame00117
Marcus,C:\Users\main\Frentzen\Project\ISD\training_images_augmented_v2\Marcus\raw_vid0_frame00117.jpg,enrollment,vid0_frame00117
Marcus,C:\Users\main\Frentzen\Project\ISD\training_images_augmented_v2\Marcus\aug_vid3_frame00112_combined_0069.jpg,enrollment,vid3_frame00112
Marcus,C:\Users\main\Frentzen\Project\ISD\training_images_augmented_v2\Marcus\aug_vid3_frame00112_combined_0191.jpg,enrollment,vid3_frame00112
Marcus,C:\Users\main\Frentzen\Project\ISD\training_images_augmented_v2\Marcus\aug_vid3_frame00112_combined_0431.jpg,enrollment,vid3_frame00112
Marcus,C:\Users\main\Frentzen\Project\ISD\training_images_augmented_v2\Marcus\raw_vid3_frame00112.jpg,enrollment,vid3_frame00112
Marcus,C:\Users\main\Frentzen\Project\ISD\training_images_augmented_v2\Marcus\aug_vid0_frame00180_fog_0120.jpg,enrollment,vid0_frame00180
Marcus,C:\Users\main\Frentzen\Project\ISD\training_images_augmented_v2\Marcus\aug_vid0_frame00180_geometric_0445.jpg,enrollment,vid0_frame00180
Marcus,C:\Users\main\Frentzen\Project\ISD\training_images_augmented_v2\Marcus\raw_vid0_frame00180.jpg,enrollment,vid0_frame00180
Marcus,C:\Users\main\Frentzen\Project\ISD\training_images_augmented_v2\Marcus\aug_vid3_frame00434_geometric_0278.jpg,enrollment,vid3_frame00434
Marcus,C:\Users\main\Frentzen\Project\ISD\training_images_augmented_v2\Marcus\aug_vid3_frame00434_photometric_0436.jpg,enrollment,vid3_frame00434
Marcus,C:\Users\main\Frentzen\Project\ISD\training_images_augmented_v2\Marcus\raw_vid3_frame00434.jpg,enrollment,vid3_frame00434
Marcus,C:\Users\main\Frentzen\Project\ISD\training_images_augmented_v2\Marcus\aug_vid1_frame00207_geometric_0030.jpg,enrollment,vid1_frame00207
Marcus,C:\Users\main\Frentzen\Project\ISD\training_images_augmented_v2\Marcus\aug_vid1_frame00207_photometric_0409.jpg,enrollment,vid1_frame00207
Marcus,C:\Users\main\Frentzen\Project\ISD\training_images_augmented_v2\Marcus\raw_vid1_frame00207.jpg,enrollment,vid1_frame00207
Marcus,C:\Users\main\Frentzen\Project\ISD\training_images_augmented_v2\Marcus\aug_vid0_frame00207_combined_0073.jpg,enrollment,vid0_frame00207
Marcus,C:\Users\main\Frentzen\Project\ISD\training_images_augmented_v2\Marcus\aug_vid0_frame00207_occlusion_0394.jpg,enrollment,vid0_frame00207
Marcus,C:\Users\main\Frentzen\Project\ISD\training_images_augmented_v2\Marcus\aug_vid0_frame00207_photometric_0229.jpg,enrollment,vid0_frame00207
Marcus,C:\Users\main\Frentzen\Project\ISD\training_images_augmented_v2\Marcus\raw_vid0_frame00207.jpg,enrollment,vid0_frame00207
Marcus,C:\Users\main\Frentzen\Project\ISD\training_images_augmented_v2\Marcus\aug_vid2_frame00128_geometric_0352.jpg,enrollment,vid2_frame00128
Marcus,C:\Users\main\Frentzen\Project\ISD\training_images_augmented_v2\Marcus\aug_vid2_frame00128_geometric_0434.jpg,enrollment,vid2_frame00128
Marcus,C:\Users\main\Frentzen\Project\ISD\training_images_augmented_v2\Marcus\raw_vid2_frame00128.jpg,enrollment,vid2_frame00128
Marcus,C:\Users\main\Frentzen\Project\ISD\training_images_augmented_v2\Marcus\aug_vid2_frame00168_geometric_0448.jpg,enrollment,vid2_frame00168
Marcus,C:\Users\main\Frentzen\Project\ISD\training_images_augmented_v2\Marcus\aug_vid2_frame00168_occlusion_0201.jpg,enrollment,vid2_frame00168
Marcus,C:\Users\main\Frentzen\Project\ISD\training_images_augmented_v2\Marcus\aug_vid2_frame00168_occlusion_0247.jpg,enrollment,vid2_frame00168
Marcus,C:\Users\main\Frentzen\Project\ISD\training_images_augmented_v2\Marcus\aug_vid2_frame00168_occlusion_0296.jpg,enrollment,vid2_frame00168
Marcus,C:\Users\main\Frentzen\Project\ISD\training_images_augmented_v2\Marcus\aug_vid2_frame00168_photometric_0074.jpg,enrollment,vid2_frame00168
Marcus,C:\Users\main\Frentzen\Project\ISD\training_images_augmented_v2\Marcus\aug_vid2_frame00168_photometric_0336.jpg,enrollment,vid2_frame00168
Marcus,C:\Users\main\Frentzen\Project\ISD\training_images_augmented_v2\Marcus\aug_vid2_frame00168_rain_0137.jpg,enrollment,vid2_frame00168
Marcus,C:\Users\main\Frentzen\Project\ISD\training_images_augmented_v2\Marcus\aug_vid2_frame00168_rain_0274.jpg,enrollment,vid2_frame00168
Marcus,C:\Users\main\Frentzen\Project\ISD\training_images_augmented_v2\Marcus\raw_vid2_frame00168.jpg,enrollment,vid2_frame00168
Marcus,C:\Users\main\Frentzen\Project\ISD\training_images_augmented_v2\Marcus\aug_vid2_frame00024_geometric_0040.jpg,enrollment,vid2_frame00024
Marcus,C:\Users\main\Frentzen\Project\ISD\training_images_augmented_v2\Marcus\aug_vid2_frame00024_geometric_0072.jpg,enrollment,vid2_frame00024
Marcus,C:\Users\main\Frentzen\Project\ISD\training_images_augmented_v2\Marcus\aug_vid2_frame00024_occlusion_0309.jpg,enrollment,vid2_frame00024
Marcus,C:\Users\main\Frentzen\Project\ISD\training_images_augmented_v2\Marcus\aug_vid2_frame00024_photometric_0100.jpg,enrollment,vid2_frame00024
Marcus,C:\Users\main\Frentzen\Project\ISD\training_images_augmented_v2\Marcus\aug_vid2_frame00024_photometric_0397.jpg,enrollment,vid2_frame00024
Marcus,C:\Users\main\Frentzen\Project\ISD\training_images_augmented_v2\Marcus\raw_vid2_frame00024.jpg,enrollment,vid2_frame00024
Marcus,C:\Users\main\Frentzen\Project\ISD\training_images_augmented_v2\Marcus\raw_vid0_frame00225.jpg,enrollment,vid0_frame00225
Marcus,C:\Users\main\Frentzen\Project\ISD\training_images_augmented_v2\Marcus\aug_vid0_frame00171_combined_0203.jpg,enrollment,vid0_frame00171
Marcus,C:\Users\main\Frentzen\Project\ISD\training_images_augmented_v2\Marcus\aug_vid0_frame00171_geometric_0407.jpg,enrollment,vid0_frame00171
Marcus,C:\Users\main\Frentzen\Project\ISD\training_images_augmented_v2\Marcus\aug_vid0_frame00171_photometric_0439.jpg,enrollment,vid0_frame00171
Marcus,C:\Users\main\Frentzen\Project\ISD\training_images_augmented_v2\Marcus\raw_vid0_frame00171.jpg,enrollment,vid0_frame00171
Marcus,C:\Users\main\Frentzen\Project\ISD\training_images_augmented_v2\Marcus\aug_vid3_frame00042_combined_0430.jpg,enrollment,vid3_frame00042
Marcus,C:\Users\main\Frentzen\Project\ISD\training_images_augmented_v2\Marcus\aug_vid3_frame00042_fog_0317.jpg,enrollment,vid3_frame00042
Marcus,C:\Users\main\Frentzen\Project\ISD\training_images_augmented_v2\Marcus\aug_vid3_frame00042_photometric_0248.jpg,enrollment,vid3_frame00042
Marcus,C:\Users\main\Frentzen\Project\ISD\training_images_augmented_v2\Marcus\raw_vid3_frame00042.jpg,enrollment,vid3_frame00042
Marcus,C:\Users\main\Frentzen\Project\ISD\training_images_augmented_v2\Marcus\aug_vid2_frame00184_combined_0065.jpg,enrollment,vid2_frame00184
Marcus,C:\Users\main\Frentzen\Project\ISD\training_images_augmented_v2\Marcus\aug_vid2_frame00184_geometric_0382.jpg,enrollment,vid2_frame00184
Marcus,C:\Users\main\Frentzen\Project\ISD\training_images_augmented_v2\Marcus\aug_vid2_frame00184_occlusion_0371.jpg,enrollment,vid2_frame00184
Marcus,C:\Users\main\Frentzen\Project\ISD\training_images_augmented_v2\Marcus\raw_vid2_frame00184.jpg,enrollment,vid2_frame00184
Marcus,C:\Users\main\Frentzen\Project\ISD\training_images_augmented_v2\Marcus\aug_vid0_frame00099_fog_0241.jpg,enrollment,vid0_frame00099
Marcus,C:\Users\main\Frentzen\Project\ISD\training_images_augmented_v2\Marcus\raw_vid0_frame00099.jpg,enrollment,vid0_frame00099
Marcus,C:\Users\main\Frentzen\Project\ISD\training_images_augmented_v2\Marcus\aug_vid1_frame00135_combined_0102.jpg,enrollment,vid1_frame00135
Marcus,C:\Users\main\Frentzen\Project\ISD\training_images_augmented_v2\Marcus\aug_vid1_frame00135_combined_0217.jpg,enrollment,vid1_frame00135
Marcus,C:\Users\main\Frentzen\Project\ISD\training_images_augmented_v2\Marcus\aug_vid1_frame00135_combined_0414.jpg,enrollment,vid1_frame00135
Marcus,C:\Users\main\Frentzen\Project\ISD\training_images_augmented_v2\Marcus\aug_vid1_frame00135_fog_0071.jpg,enrollment,vid1_frame00135
Marcus,C:\Users\main\Frentzen\Project\ISD\training_images_augmented_v2\Marcus\raw_vid1_frame00135.jpg,enrollment,vid1_frame00135
Marcus,C:\Users\main\Frentzen\Project\ISD\training_images_augmented_v2\Marcus\aug_vid2_frame00136_combined_0253.jpg,enrollment,vid2_frame00136
Marcus,C:\Users\main\Frentzen\Project\ISD\training_images_augmented_v2\Marcus\aug_vid2_frame00136_fog_0113.jpg,enrollment,vid2_frame00136
Marcus,C:\Users\main\Frentzen\Project\ISD\training_images_augmented_v2\Marcus\raw_vid2_frame00136.jpg,enrollment,vid2_frame00136
Marcus,C:\Users\main\Frentzen\Project\ISD\training_images_augmented_v2\Marcus\aug_vid1_frame00171_combined_0214.jpg,enrollment,vid1_frame00171
Marcus,C:\Users\main\Frentzen\Project\ISD\training_images_augmented_v2\Marcus\aug_vid1_frame00171_geometric_0082.jpg,enrollment,vid1_frame00171
Marcus,C:\Users\main\Frentzen\Project\ISD\training_images_augmented_v2\Marcus\aug_vid1_frame00171_occlusion_0390.jpg,enrollment,vid1_frame00171
Marcus,C:\Users\main\Frentzen\Project\ISD\training_images_augmented_v2\Marcus\raw_vid1_frame00171.jpg,enrollment,vid1_frame00171
Marcus,C:\Users\main\Frentzen\Project\ISD\training_images_augmented_v2\Marcus\aug_vid0_frame00324_geometric_0254.jpg,enrollment,vid0_frame00324
Marcus,C:\Users\main\Frentzen\Project\ISD\training_images_augmented_v2\Marcus\raw_vid0_frame00324.jpg,enrollment,vid0_frame00324
Marcus,C:\Users\main\Frentzen\Project\ISD\training_images_augmented_v2\Marcus\aug_vid3_frame00056_combined_0284.jpg,enrollment,vid3_frame00056
Marcus,C:\Users\main\Frentzen\Project\ISD\training_images_augmented_v2\Marcus\aug_vid3_frame00056_geometric_0043.jpg,enrollment,vid3_frame00056
Marcus,C:\Users\main\Frentzen\Project\ISD\training_images_augmented_v2\Marcus\aug_vid3_frame00056_geometric_0049.jpg,enrollment,vid3_frame00056
Marcus,C:\Users\main\Frentzen\Project\ISD\training_images_augmented_v2\Marcus\aug_vid3_frame00056_photometric_0002.jpg,enrollment,vid3_frame00056
Marcus,C:\Users\main\Frentzen\Project\ISD\training_images_augmented_v2\Marcus\aug_vid3_frame00056_photometric_0155.jpg,enrollment,vid3_frame00056
Marcus,C:\Users\main\Frentzen\Project\ISD\training_images_augmented_v2\Marcus\raw_vid3_frame00056.jpg,enrollment,vid3_frame00056
Marcus,C:\Users\main\Frentzen\Project\ISD\training_images_augmented_v2\Marcus\aug_vid3_frame00252_combined_0076.jpg,enrollment,vid3_frame00252
Marcus,C:\Users\main\Frentzen\Project\ISD\training_images_augmented_v2\Marcus\aug_vid3_frame00252_combined_0302.jpg,enrollment,vid3_frame00252
Marcus,C:\Users\main\Frentzen\Project\ISD\training_images_augmented_v2\Marcus\aug_vid3_frame00252_combined_0365.jpg,enrollment,vid3_frame00252
Marcus,C:\Users\main\Frentzen\Project\ISD\training_images_augmented_v2\Marcus\raw_vid3_frame00252.jpg,enrollment,vid3_frame00252
Marcus,C:\Users\main\Frentzen\Project\ISD\training_images_augmented_v2\Marcus\aug_vid1_frame00099_occlusion_0142.jpg,enrollment,vid1_frame00099
Marcus,C:\Users\main\Frentzen\Project\ISD\training_images_augmented_v2\Marcus\raw_vid1_frame00099.jpg,enrollment,vid1_frame00099
Marcus,C:\Users\main\Frentzen\Project\ISD\training_images_augmented_v2\Marcus\aug_vid1_frame00288_geometric_0031.jpg,enrollment,vid1_frame00288
Marcus,C:\Users\main\Frentzen\Project\ISD\training_images_augmented_v2\Marcus\aug_vid1_frame00288_geometric_0159.jpg,enrollment,vid1_frame00288
Marcus,C:\Users\main\Frentzen\Project\ISD\training_images_augmented_v2\Marcus\raw_vid1_frame00288.jpg,enrollment,vid1_frame00288
Marcus,C:\Users\main\Frentzen\Project\ISD\training_images_augmented_v2\Marcus\aug_vid0_frame00288_combined_0084.jpg,enrollment,vid0_frame00288
Marcus,C:\Users\main\Frentzen\Project\ISD\training_images_augmented_v2\Marcus\aug_vid0_frame00288_geometric_0315.jpg,enrollment,vid0_frame00288
Marcus,C:\Users\main\Frentzen\Project\ISD\training_images_augmented_v2\Marcus\aug_vid0_frame00288_geometric_0367.jpg,enrollment,vid0_frame00288
Marcus,C:\Users\main\Frentzen\Project\ISD\training_images_augmented_v2\Marcus\aug_vid0_frame00288_geometric_0411.jpg,enrollment,vid0_frame00288
Marcus,C:\Users\main\Frentzen\Project\ISD\training_images_augmented_v2\Marcus\aug_vid0_frame00288_rain_0269.jpg,enrollment,vid0_frame00288
Marcus,C:\Users\main\Frentzen\Project\ISD\training_images_augmented_v2\Marcus\raw_vid0_frame00288.jpg,enrollment,vid0_frame00288
Marcus,C:\Users\main\Frentzen\Project\ISD\training_images_augmented_v2\Marcus\aug_vid3_frame00364_combined_0438.jpg,enrollment,vid3_frame00364
Marcus,C:\Users\main\Frentzen\Project\ISD\training_images_augmented_v2\Marcus\aug_vid3_frame00364_fog_0370.jpg,enrollment,vid3_frame00364
Marcus,C:\Users\main\Frentzen\Project\ISD\training_images_augmented_v2\Marcus\aug_vid3_frame00364_geometric_0413.jpg,enrollment,vid3_frame00364
Marcus,C:\Users\main\Frentzen\Project\ISD\training_images_augmented_v2\Marcus\aug_vid3_frame00364_occlusion_0189.jpg,enrollment,vid3_frame00364
Marcus,C:\Users\main\Frentzen\Project\ISD\training_images_augmented_v2\Marcus\aug_vid3_frame00364_occlusion_0329.jpg,enrollment,vid3_frame00364
Marcus,C:\Users\main\Frentzen\Project\ISD\training_images_augmented_v2\Marcus\aug_vid3_frame00364_snow_0328.jpg,enrollment,vid3_frame00364
Marcus,C:\Users\main\Frentzen\Project\ISD\training_images_augmented_v2\Marcus\raw_vid3_frame00364.jpg,enrollment,vid3_frame00364
Marcus,C:\Users\main\Frentzen\Project\ISD\training_images_augmented_v2\Marcus\aug_vid2_frame00272_combined_0266.jpg,enrollment,vid2_frame00272
Marcus,C:\Users\main\Frentzen\Project\ISD\training_images_augmented_v2\Marcus\aug_vid2_frame00272_photometric_0168.jpg,enrollment,vid2_frame00272
Marcus,C:\Users\main\Frentzen\Project\ISD\training_images_augmented_v2\Marcus\raw_vid2_frame00272.jpg,enrollment,vid2_frame00272
Marcus,C:\Users\main\Frentzen\Project\ISD\training_images_augmented_v2\Marcus\aug_vid2_frame00216_combined_0259.jpg,enrollment,vid2_frame00216
Marcus,C:\Users\main\Frentzen\Project\ISD\training_images_augmented_v2\Marcus\aug_vid2_frame00216_geometric_0421.jpg,enrollment,vid2_frame00216
Marcus,C:\Users\main\Frentzen\Project\ISD\training_images_augmented_v2\Marcus\aug_vid2_frame00216_photometric_0222.jpg,enrollment,vid2_frame00216
Marcus,C:\Users\main\Frentzen\Project\ISD\training_images_augmented_v2\Marcus\raw_vid2_frame00216.jpg,enrollment,vid2_frame00216
Marcus,C:\Users\main\Frentzen\Project\ISD\training_images_augmented_v2\Marcus\aug_vid0_frame00270_combined_0052.jpg,enrollment,vid0_frame00270
Marcus,C:\Users\main\Frentzen\Project\ISD\training_images_augmented_v2\Marcus\aug_vid0_frame00270_geometric_0205.jpg,enrollment,vid0_frame00270
Marcus,C:\Users\main\Frentzen\Project\ISD\training_images_augmented_v2\Marcus\aug_vid0_frame00270_geometric_0252.jpg,enrollment,vid0_frame00270
Marcus,C:\Users\main\Frentzen\Project\ISD\training_images_augmented_v2\Marcus\aug_vid0_frame00270_occlusion_0080.jpg,enrollment,vid0_frame00270
Marcus,C:\Users\main\Frentzen\Project\ISD\training_images_augmented_v2\Marcus\aug_vid0_frame00270_photometric_0033.jpg,enrollment,vid0_frame00270
Marcus,C:\Users\main\Frentzen\Project\ISD\training_images_augmented_v2\Marcus\aug_vid0_frame00270_photometric_0227.jpg,enrollment,vid0_frame00270
Marcus,C:\Users\main\Frentzen\Project\ISD\training_images_augmented_v2\Marcus\raw_vid0_frame00270.jpg,enrollment,vid0_frame00270
Marcus,C:\Users\main\Frentzen\Project\ISD\training_images_augmented_v2\Marcus\aug_vid1_frame00036_fog_0314.jpg,enrollment,vid1_frame00036
Marcus,C:\Users\main\Frentzen\Project\ISD\training_images_augmented_v2\Marcus\aug_vid1_frame00036_geometric_0423.jpg,enrollment,vid1_frame00036
Marcus,C:\Users\main\Frentzen\Project\ISD\training_images_augmented_v2\Marcus\aug_vid1_frame00036_occlusion_0209.jpg,enrollment,vid1_frame00036
Marcus,C:\Users\main\Frentzen\Project\ISD\training_images_augmented_v2\Marcus\raw_vid1_frame00036.jpg,enrollment,vid1_frame00036
Marcus,C:\Users\main\Frentzen\Project\ISD\training_images_augmented_v2\Marcus\aug_vid3_frame00238_fog_0388.jpg,enrollment,vid3_frame00238
Marcus,C:\Users\main\Frentzen\Project\ISD\training_images_augmented_v2\Marcus\aug_vid3_frame00238_geometric_0160.jpg,enrollment,vid3_frame00238
Marcus,C:\Users\main\Frentzen\Project\ISD\training_images_augmented_v2\Marcus\aug_vid3_frame00238_occlusion_0398.jpg,enrollment,vid3_frame00238
Marcus,C:\Users\main\Frentzen\Project\ISD\training_images_augmented_v2\Marcus\aug_vid3_frame00238_photometric_0202.jpg,enrollment,vid3_frame00238
Marcus,C:\Users\main\Frentzen\Project\ISD\training_images_augmented_v2\Marcus\aug_vid3_frame00238_snow_0180.jpg,enrollment,vid3_frame00238
Marcus,C:\Users\main\Frentzen\Project\ISD\training_images_augmented_v2\Marcus\raw_vid3_frame00238.jpg,enrollment,vid3_frame00238
Marcus,C:\Users\main\Frentzen\Project\ISD\training_images_augmented_v2\Marcus\aug_vid3_frame00000_combined_0250.jpg,enrollment,vid3_frame00000
Marcus,C:\Users\main\Frentzen\Project\ISD\training_images_augmented_v2\Marcus\aug_vid3_frame00000_combined_0380.jpg,enrollment,vid3_frame00000
Marcus,C:\Users\main\Frentzen\Project\ISD\training_images_augmented_v2\Marcus\raw_vid3_frame00000.jpg,enrollment,vid3_frame00000
Marcus,C:\Users\main\Frentzen\Project\ISD\training_images_augmented_v2\Marcus\raw_vid0_frame00306.jpg,enrollment,vid0_frame00306
Marcus,C:\Users\main\Frentzen\Project\ISD\training_images_augmented_v2\Marcus\aug_vid2_frame00144_combined_0032.jpg,enrollment,vid2_frame00144
Marcus,C:\Users\main\Frentzen\Project\ISD\training_images_augmented_v2\Marcus\aug_vid2_frame00144_geometric_0021.jpg,enrollment,vid2_frame00144
Marcus,C:\Users\main\Frentzen\Project\ISD\training_images_augmented_v2\Marcus\aug_vid2_frame00144_geometric_0119.jpg,enrollment,vid2_frame00144
Marcus,C:\Users\main\Frentzen\Project\ISD\training_images_augmented_v2\Marcus\aug_vid2_frame00144_occlusion_0015.jpg,enrollment,vid2_frame00144
Marcus,C:\Users\main\Frentzen\Project\ISD\training_images_augmented_v2\Marcus\aug_vid2_frame00144_photometric_0375.jpg,enrollment,vid2_frame00144
Marcus,C:\Users\main\Frentzen\Project\ISD\training_images_augmented_v2\Marcus\aug_vid2_frame00144_rain_0149.jpg,enrollment,vid2_frame00144
Marcus,C:\Users\main\Frentzen\Project\ISD\training_images_augmented_v2\Marcus\raw_vid2_frame00144.jpg,enrollment,vid2_frame00144
Marcus,C:\Users\main\Frentzen\Project\ISD\training_images_augmented_v2\Marcus\aug_vid3_frame00308_geometric_0300.jpg,enrollment,vid3_frame00308
Marcus,C:\Users\main\Frentzen\Project\ISD\training_images_augmented_v2\Marcus\aug_vid3_frame00308_occlusion_0068.jpg,enrollment,vid3_frame00308
Marcus,C:\Users\main\Frentzen\Project\ISD\training_images_augmented_v2\Marcus\aug_vid3_frame00308_photometric_0257.jpg,enrollment,vid3_frame00308
Marcus,C:\Users\main\Frentzen\Project\ISD\training_images_augmented_v2\Marcus\aug_vid3_frame00308_rain_0046.jpg,enrollment,vid3_frame00308
Marcus,C:\Users\main\Frentzen\Project\ISD\training_images_augmented_v2\Marcus\raw_vid3_frame00308.jpg,enrollment,vid3_frame00308
Marcus,C:\Users\main\Frentzen\Project\ISD\training_images_augmented_v2\Marcus\aug_vid1_frame00153_fog_0086.jpg,enrollment,vid1_frame00153
Marcus,C:\Users\main\Frentzen\Project\ISD\training_images_augmented_v2\Marcus\aug_vid1_frame00153_geometric_0061.jpg,enrollment,vid1_frame00153
Marcus,C:\Users\main\Frentzen\Project\ISD\training_images_augmented_v2\Marcus\raw_vid1_frame00153.jpg,enrollment,vid1_frame00153
Marcus,C:\Users\main\Frentzen\Project\ISD\training_images_augmented_v2\Marcus\aug_vid1_frame00198_combined_0437.jpg,enrollment,vid1_frame00198
Marcus,C:\Users\main\Frentzen\Project\ISD\training_images_augmented_v2\Marcus\aug_vid1_frame00198_fog_0291.jpg,enrollment,vid1_frame00198
Marcus,C:\Users\main\Frentzen\Project\ISD\training_images_augmented_v2\Marcus\aug_vid1_frame00198_fog_0292.jpg,enrollment,vid1_frame00198
Marcus,C:\Users\main\Frentzen\Project\ISD\training_images_augmented_v2\Marcus\aug_vid1_frame00198_fog_0344.jpg,enrollment,vid1_frame00198
Marcus,C:\Users\main\Frentzen\Project\ISD\training_images_augmented_v2\Marcus\aug_vid1_frame00198_geometric_0056.jpg,enrollment,vid1_frame00198
Marcus,C:\Users\main\Frentzen\Project\ISD\training_images_augmented_v2\Marcus\aug_vid1_frame00198_photometric_0185.jpg,enrollment,vid1_frame00198
Marcus,C:\Users\main\Frentzen\Project\ISD\training_images_augmented_v2\Marcus\raw_vid1_frame00198.jpg,enrollment,vid1_frame00198
Marcus,C:\Users\main\Frentzen\Project\ISD\training_images_augmented_v2\Marcus\aug_vid3_frame00070_combined_0363.jpg,enrollment,vid3_frame00070
Marcus,C:\Users\main\Frentzen\Project\ISD\training_images_augmented_v2\Marcus\aug_vid3_frame00070_geometric_0196.jpg,enrollment,vid3_frame00070
Marcus,C:\Users\main\Frentzen\Project\ISD\training_images_augmented_v2\Marcus\aug_vid3_frame00070_geometric_0197.jpg,enrollment,vid3_frame00070
Marcus,C:\Users\main\Frentzen\Project\ISD\training_images_augmented_v2\Marcus\aug_vid3_frame00070_rain_0265.jpg,enrollment,vid3_frame00070
Marcus,C:\Users\main\Frentzen\Project\ISD\training_images_augmented_v2\Marcus\aug_vid3_frame00070_snow_0000.jpg,enrollment,vid3_frame00070
Marcus,C:\Users\main\Frentzen\Project\ISD\training_images_augmented_v2\Marcus\raw_vid3_frame00070.jpg,enrollment,vid3_frame00070
Marcus,C:\Users\main\Frentzen\Project\ISD\training_images_augmented_v2\Marcus\aug_vid0_frame00153_fog_0127.jpg,validation,vid0_frame00153
Marcus,C:\Users\main\Frentzen\Project\ISD\training_images_augmented_v2\Marcus\aug_vid0_frame00153_occlusion_0187.jpg,validation,vid0_frame00153
Marcus,C:\Users\main\Frentzen\Project\ISD\training_images_augmented_v2\Marcus\aug_vid0_frame00153_photometric_0210.jpg,validation,vid0_frame00153
Marcus,C:\Users\main\Frentzen\Project\ISD\training_images_augmented_v2\Marcus\aug_vid0_frame00153_snow_0166.jpg,validation,vid0_frame00153
Marcus,C:\Users\main\Frentzen\Project\ISD\training_images_augmented_v2\Marcus\raw_vid0_frame00153.jpg,validation,vid0_frame00153
Marcus,C:\Users\main\Frentzen\Project\ISD\training_images_augmented_v2\Marcus\aug_vid2_frame00032_combined_0408.jpg,validation,vid2_frame00032
Marcus,C:\Users\main\Frentzen\Project\ISD\training_images_augmented_v2\Marcus\aug_vid2_frame00032_geometric_0057.jpg,validation,vid2_frame00032
Marcus,C:\Users\main\Frentzen\Project\ISD\training_images_augmented_v2\Marcus\aug_vid2_frame00032_geometric_0117.jpg,validation,vid2_frame00032
Marcus,C:\Users\main\Frentzen\Project\ISD\training_images_augmented_v2\Marcus\raw_vid2_frame00032.jpg,validation,vid2_frame00032
Marcus,C:\Users\main\Frentzen\Project\ISD\training_images_augmented_v2\Marcus\aug_vid1_frame00045_combined_0355.jpg,validation,vid1_frame00045
Marcus,C:\Users\main\Frentzen\Project\ISD\training_images_augmented_v2\Marcus\aug_vid1_frame00045_geometric_0182.jpg,validation,vid1_frame00045
Marcus,C:\Users\main\Frentzen\Project\ISD\training_images_augmented_v2\Marcus\aug_vid1_frame00045_geometric_0199.jpg,validation,vid1_frame00045
Marcus,C:\Users\main\Frentzen\Project\ISD\training_images_augmented_v2\Marcus\aug_vid1_frame00045_photometric_0013.jpg,validation,vid1_frame00045
Marcus,C:\Users\main\Frentzen\Project\ISD\training_images_augmented_v2\Marcus\aug_vid1_frame00045_photometric_0287.jpg,validation,vid1_frame00045
Marcus,C:\Users\main\Frentzen\Project\ISD\training_images_augmented_v2\Marcus\aug_vid1_frame00045_rain_0181.jpg,validation,vid1_frame00045
Marcus,C:\Users\main\Frentzen\Project\ISD\training_images_augmented_v2\Marcus\raw_vid1_frame00045.jpg,validation,vid1_frame00045
Marcus,C:\Users\main\Frentzen\Project\ISD\training_images_augmented_v2\Marcus\raw_vid1_frame00225.jpg,validation,vid1_frame00225
Marcus,C:\Users\main\Frentzen\Project\ISD\training_images_augmented_v2\Marcus\aug_vid1_frame00081_fog_0165.jpg,validation,vid1_frame00081
Marcus,C:\Users\main\Frentzen\Project\ISD\training_images_augmented_v2\Marcus\aug_vid1_frame00081_fog_0349.jpg,validation,vid1_frame00081
Marcus,C:\Users\main\Frentzen\Project\ISD\training_images_augmented_v2\Marcus\aug_vid1_frame00081_geometric_0064.jpg,validation,vid1_frame00081
Marcus,C:\Users\main\Frentzen\Project\ISD\training_images_augmented_v2\Marcus\aug_vid1_frame00081_geometric_0403.jpg,validation,vid1_frame00081
Marcus,C:\Users\main\Frentzen\Project\ISD\training_images_augmented_v2\Marcus\aug_vid1_frame00081_photometric_0050.jpg,validation,vid1_frame00081
Marcus,C:\Users\main\Frentzen\Project\ISD\training_images_augmented_v2\Marcus\raw_vid1_frame00081.jpg,validation,vid1_frame00081
Marcus,C:\Users\main\Frentzen\Project\ISD\training_images_augmented_v2\Marcus\aug_vid1_frame00189_combined_0121.jpg,validation,vid1_frame00189
Marcus,C:\Users\main\Frentzen\Project\ISD\training_images_augmented_v2\Marcus\aug_vid1_frame00189_fog_0001.jpg,validation,vid1_frame00189
Marcus,C:\Users\main\Frentzen\Project\ISD\training_images_augmented_v2\Marcus\aug_vid1_frame00189_photometric_0283.jpg,validation,vid1_frame00189
Marcus,C:\Users\main\Frentzen\Project\ISD\training_images_augmented_v2\Marcus\aug_vid1_frame00189_photometric_0441.jpg,validation,vid1_frame00189
Marcus,C:\Users\main\Frentzen\Project\ISD\training_images_augmented_v2\Marcus\raw_vid1_frame00189.jpg,validation,vid1_frame00189
Marcus,C:\Users\main\Frentzen\Project\ISD\training_images_augmented_v2\Marcus\aug_vid1_frame00063_geometric_0262.jpg,validation,vid1_frame00063
Marcus,C:\Users\main\Frentzen\Project\ISD\training_images_augmented_v2\Marcus\aug_vid1_frame00063_photometric_0020.jpg,validation,vid1_frame00063
Marcus,C:\Users\main\Frentzen\Project\ISD\training_images_augmented_v2\Marcus\aug_vid1_frame00063_snow_0242.jpg,validation,vid1_frame00063
Marcus,C:\Users\main\Frentzen\Project\ISD\training_images_augmented_v2\Marcus\raw_vid1_frame00063.jpg,validation,vid1_frame00063
Marcus,C:\Users\main\Frentzen\Project\ISD\training_images_augmented_v2\Marcus\aug_vid1_frame00324_combined_0221.jpg,validation,vid1_frame00324
Marcus,C:\Users\main\Frentzen\Project\ISD\training_images_augmented_v2\Marcus\aug_vid1_frame00324_geometric_0133.jpg,validation,vid1_frame00324
Marcus,C:\Users\main\Frentzen\Project\ISD\training_images_augmented_v2\Marcus\aug_vid1_frame00324_geometric_0288.jpg,validation,vid1_frame00324
Marcus,C:\Users\main\Frentzen\Project\ISD\training_images_augmented_v2\Marcus\raw_vid1_frame00324.jpg,validation,vid1_frame00324
Marcus,C:\Users\main\Frentzen\Project\ISD\training_images_augmented_v2\Marcus\aug_vid1_frame00054_geometric_0093.jpg,validation,vid1_frame00054
Marcus,C:\Users\main\Frentzen\Project\ISD\training_images_augmented_v2\Marcus\aug_vid1_frame00054_geometric_0311.jpg,validation,vid1_frame00054
Marcus,C:\Users\main\Frentzen\Project\ISD\training_images_augmented_v2\Marcus\raw_vid1_frame00054.jpg,validation,vid1_frame00054
Marcus,C:\Users\main\Frentzen\Project\ISD\training_images_augmented_v2\Marcus\aug_vid0_frame00144_combined_0297.jpg,validation,vid0_frame00144
Marcus,C:\Users\main\Frentzen\Project\ISD\training_images_augmented_v2\Marcus\aug_vid0_frame00144_photometric_0018.jpg,validation,vid0_frame00144
Marcus,C:\Users\main\Frentzen\Project\ISD\training_images_augmented_v2\Marcus\raw_vid0_frame00144.jpg,validation,vid0_frame00144
Marcus,C:\Users\main\Frentzen\Project\ISD\training_images_augmented_v2\Marcus\aug_vid3_frame00392_combined_0444.jpg,validation,vid3_frame00392
Marcus,C:\Users\main\Frentzen\Project\ISD\training_images_augmented_v2\Marcus\aug_vid3_frame00392_photometric_0173.jpg,validation,vid3_frame00392
Marcus,C:\Users\main\Frentzen\Project\ISD\training_images_augmented_v2\Marcus\raw_vid3_frame00392.jpg,validation,vid3_frame00392
Marcus,C:\Users\main\Frentzen\Project\ISD\training_images_augmented_v2\Marcus\aug_vid3_frame00168_geometric_0364.jpg,validation,vid3_frame00168
Marcus,C:\Users\main\Frentzen\Project\ISD\training_images_augmented_v2\Marcus\aug_vid3_frame00168_photometric_0055.jpg,validation,vid3_frame00168
Marcus,C:\Users\main\Frentzen\Project\ISD\training_images_augmented_v2\Marcus\aug_vid3_frame00168_photometric_0387.jpg,validation,vid3_frame00168
Marcus,C:\Users\main\Frentzen\Project\ISD\training_images_augmented_v2\Marcus\raw_vid3_frame00168.jpg,validation,vid3_frame00168
Marcus,C:\Users\main\Frentzen\Project\ISD\training_images_augmented_v2\Marcus\aug_vid2_frame00112_combined_0157.jpg,validation,vid2_frame00112
Marcus,C:\Users\main\Frentzen\Project\ISD\training_images_augmented_v2\Marcus\aug_vid2_frame00112_rain_0081.jpg,validation,vid2_frame00112
Marcus,C:\Users\main\Frentzen\Project\ISD\training_images_augmented_v2\Marcus\aug_vid2_frame00112_rain_0440.jpg,validation,vid2_frame00112
Marcus,C:\Users\main\Frentzen\Project\ISD\training_images_augmented_v2\Marcus\raw_vid2_frame00112.jpg,validation,vid2_frame00112
Marcus,C:\Users\main\Frentzen\Project\ISD\training_images_augmented_v2\Marcus\aug_vid1_frame00090_geometric_0012.jpg,validation,vid1_frame00090
Marcus,C:\Users\main\Frentzen\Project\ISD\training_images_augmented_v2\Marcus\aug_vid1_frame00090_geometric_0075.jpg,validation,vid1_frame00090
Marcus,C:\Users\main\Frentzen\Project\ISD\training_images_augmented_v2\Marcus\aug_vid1_frame00090_photometric_0404.jpg,validation,vid1_frame00090
Marcus,C:\Users\main\Frentzen\Project\ISD\training_images_augmented_v2\Marcus\aug_vid1_frame00090_snow_0143.jpg,validation,vid1_frame00090
Marcus,C:\Users\main\Frentzen\Project\ISD\training_images_augmented_v2\Marcus\raw_vid1_frame00090.jpg,validation,vid1_frame00090
Marcus,C:\Users\main\Frentzen\Project\ISD\training_images_augmented_v2\Marcus\aug_vid2_frame00248_photometric_0070.jpg,validation,vid2_frame00248
Marcus,C:\Users\main\Frentzen\Project\ISD\training_images_augmented_v2\Marcus\aug_vid2_frame00248_photometric_0295.jpg,validation,vid2_frame00248
Marcus,C:\Users\main\Frentzen\Project\ISD\training_images_augmented_v2\Marcus\aug_vid2_frame00248_photometric_0416.jpg,validation,vid2_frame00248
Marcus,C:\Users\main\Frentzen\Project\ISD\training_images_augmented_v2\Marcus\aug_vid2_frame00248_rain_0345.jpg,validation,vid2_frame00248
Marcus,C:\Users\main\Frentzen\Project\ISD\training_images_augmented_v2\Marcus\aug_vid2_frame00248_rain_0443.jpg,validation,vid2_frame00248
Marcus,C:\Users\main\Frentzen\Project\ISD\training_images_augmented_v2\Marcus\raw_vid2_frame00248.jpg,validation,vid2_frame00248
Marcus,C:\Users\main\Frentzen\Project\ISD\training_images_augmented_v2\Marcus\aug_vid0_frame00081_combined_0358.jpg,validation,vid0_frame00081
Marcus,C:\Users\main\Frentzen\Project\ISD\training_images_augmented_v2\Marcus\raw_vid0_frame00081.jpg,validation,vid0_frame00081
Marcus,C:\Users\main\Frentzen\Project\ISD\training_images_augmented_v2\Marcus\aug_vid3_frame00420_fog_0058.jpg,validation,vid3_frame00420
Marcus,C:\Users\main\Frentzen\Project\ISD\training_images_augmented_v2\Marcus\aug_vid3_frame00420_geometric_0154.jpg,validation,vid3_frame00420
Marcus,C:\Users\main\Frentzen\Project\ISD\training_images_augmented_v2\Marcus\aug_vid3_frame00420_photometric_0059.jpg,validation,vid3_frame00420
Marcus,C:\Users\main\Frentzen\Project\ISD\training_images_augmented_v2\Marcus\aug_vid3_frame00420_photometric_0346.jpg,validation,vid3_frame00420
Marcus,C:\Users\main\Frentzen\Project\ISD\training_images_augmented_v2\Marcus\raw_vid3_frame00420.jpg,validation,vid3_frame00420
Marcus,C:\Users\main\Frentzen\Project\ISD\training_images_augmented_v2\Marcus\aug_vid1_frame00126_combined_0282.jpg,validation,vid1_frame00126
Marcus,C:\Users\main\Frentzen\Project\ISD\training_images_augmented_v2\Marcus\aug_vid1_frame00126_combined_0289.jpg,validation,vid1_frame00126
Marcus,C:\Users\main\Frentzen\Project\ISD\training_images_augmented_v2\Marcus\aug_vid1_frame00126_geometric_0261.jpg,validation,vid1_frame00126
Marcus,C:\Users\main\Frentzen\Project\ISD\training_images_augmented_v2\Marcus\aug_vid1_frame00126_photometric_0385.jpg,validation,vid1_frame00126
Marcus,C:\Users\main\Frentzen\Project\ISD\training_images_augmented_v2\Marcus\aug_vid1_frame00126_rain_0338.jpg,validation,vid1_frame00126
Marcus,C:\Users\main\Frentzen\Project\ISD\training_images_augmented_v2\Marcus\raw_vid1_frame00126.jpg,validation,vid1_frame00126
Marcus,C:\Users\main\Frentzen\Project\ISD\training_images_augmented_v2\Marcus\aug_vid0_frame00252_combined_0223.jpg,validation,vid0_frame00252
Marcus,C:\Users\main\Frentzen\Project\ISD\training_images_augmented_v2\Marcus\aug_vid0_frame00252_combined_0447.jpg,validation,vid0_frame00252
Marcus,C:\Users\main\Frentzen\Project\ISD\training_images_augmented_v2\Marcus\aug_vid0_frame00252_fog_0208.jpg,validation,vid0_frame00252
Marcus,C:\Users\main\Frentzen\Project\ISD\training_images_augmented_v2\Marcus\aug_vid0_frame00252_geometric_0172.jpg,validation,vid0_frame00252
Marcus,C:\Users\main\Frentzen\Project\ISD\training_images_augmented_v2\Marcus\aug_vid0_frame00252_photometric_0134.jpg,validation,vid0_frame00252
Marcus,C:\Users\main\Frentzen\Project\ISD\training_images_augmented_v2\Marcus\raw_vid0_frame00252.jpg,validation,vid0_frame00252
Marcus,C:\Users\main\Frentzen\Project\ISD\training_images_augmented_v2\Marcus\aug_vid2_frame00160_combined_0135.jpg,validation,vid2_frame00160
Marcus,C:\Users\main\Frentzen\Project\ISD\training_images_augmented_v2\Marcus\aug_vid2_frame00160_combined_0167.jpg,validation,vid2_frame00160
Marcus,C:\Users\main\Frentzen\Project\ISD\training_images_augmented_v2\Marcus\aug_vid2_frame00160_combined_0353.jpg,validation,vid2_frame00160
Marcus,C:\Users\main\Frentzen\Project\ISD\training_images_augmented_v2\Marcus\aug_vid2_frame00160_combined_0386.jpg,validation,vid2_frame00160
Marcus,C:\Users\main\Frentzen\Project\ISD\training_images_augmented_v2\Marcus\aug_vid2_frame00160_fog_0406.jpg,validation,vid2_frame00160
Marcus,C:\Users\main\Frentzen\Project\ISD\training_images_augmented_v2\Marcus\aug_vid2_frame00160_geometric_0011.jpg,validation,vid2_frame00160
Marcus,C:\Users\main\Frentzen\Project\ISD\training_images_augmented_v2\Marcus\aug_vid2_frame00160_geometric_0220.jpg,validation,vid2_frame00160
Marcus,C:\Users\main\Frentzen\Project\ISD\training_images_augmented_v2\Marcus\aug_vid2_frame00160_rain_0008.jpg,validation,vid2_frame00160
Marcus,C:\Users\main\Frentzen\Project\ISD\training_images_augmented_v2\Marcus\raw_vid2_frame00160.jpg,validation,vid2_frame00160
Marcus,C:\Users\main\Frentzen\Project\ISD\training_images_augmented_v2\Marcus\aug_vid2_frame00256_combined_0148.jpg,validation,vid2_frame00256
Marcus,C:\Users\main\Frentzen\Project\ISD\training_images_augmented_v2\Marcus\aug_vid2_frame00256_geometric_0179.jpg,validation,vid2_frame00256
Marcus,C:\Users\main\Frentzen\Project\ISD\training_images_augmented_v2\Marcus\aug_vid2_frame00256_occlusion_0415.jpg,validation,vid2_frame00256
Marcus,C:\Users\main\Frentzen\Project\ISD\training_images_augmented_v2\Marcus\raw_vid2_frame00256.jpg,validation,vid2_frame00256
Marcus,C:\Users\main\Frentzen\Project\ISD\training_images_augmented_v2\Marcus\aug_vid2_frame00240_combined_0186.jpg,validation,vid2_frame00240
Marcus,C:\Users\main\Frentzen\Project\ISD\training_images_augmented_v2\Marcus\aug_vid2_frame00240_fog_0163.jpg,validation,vid2_frame00240
Marcus,C:\Users\main\Frentzen\Project\ISD\training_images_augmented_v2\Marcus\aug_vid2_frame00240_occlusion_0105.jpg,validation,vid2_frame00240
Marcus,C:\Users\main\Frentzen\Project\ISD\training_images_augmented_v2\Marcus\aug_vid2_frame00240_photometric_0316.jpg,validation,vid2_frame00240
Marcus,C:\Users\main\Frentzen\Project\ISD\training_images_augmented_v2\Marcus\raw_vid2_frame00240.jpg,validation,vid2_frame00240
Marcus,C:\Users\main\Frentzen\Project\ISD\training_images_augmented_v2\Marcus\aug_vid2_frame00224_geometric_0318.jpg,validation,vid2_frame00224
Marcus,C:\Users\main\Frentzen\Project\ISD\training_images_augmented_v2\Marcus\aug_vid2_frame00224_photometric_0343.jpg,validation,vid2_frame00224
Marcus,C:\Users\main\Frentzen\Project\ISD\training_images_augmented_v2\Marcus\aug_vid2_frame00224_snow_0256.jpg,validation,vid2_frame00224
Marcus,C:\Users\main\Frentzen\Project\ISD\training_images_augmented_v2\Marcus\raw_vid2_frame00224.jpg,validation,vid2_frame00224
Marcus,C:\Users\main\Frentzen\Project\ISD\training_images_augmented_v2\Marcus\aug_vid2_frame00176_combined_0246.jpg,validation,vid2_frame00176
Marcus,C:\Users\main\Frentzen\Project\ISD\training_images_augmented_v2\Marcus\aug_vid2_frame00176_combined_0372.jpg,validation,vid2_frame00176
Marcus,C:\Users\main\Frentzen\Project\ISD\training_images_augmented_v2\Marcus\aug_vid2_frame00176_geometric_0034.jpg,validation,vid2_frame00176
Marcus,C:\Users\main\Frentzen\Project\ISD\training_images_augmented_v2\Marcus\raw_vid2_frame00176.jpg,validation,vid2_frame00176
Marcus,C:\Users\main\Frentzen\Project\ISD\training_images_augmented_v2\Marcus\aug_vid2_frame00016_combined_0286.jpg,validation,vid2_frame00016
Marcus,C:\Users\main\Frentzen\Project\ISD\training_images_augmented_v2\Marcus\aug_vid2_frame00016_geometric_0212.jpg,validation,vid2_frame00016
Marcus,C:\Users\main\Frentzen\Project\ISD\training_images_augmented_v2\Marcus\aug_vid2_frame00016_occlusion_0023.jpg,validation,vid2_frame00016
Marcus,C:\Users\main\Frentzen\Project\ISD\training_images_augmented_v2\Marcus\aug_vid2_frame00016_snow_0400.jpg,validation,vid2_frame00016
Marcus,C:\Users\main\Frentzen\Project\ISD\training_images_augmented_v2\Marcus\raw_vid2_frame00016.jpg,validation,vid2_frame00016
Marcus,C:\Users\main\Frentzen\Project\ISD\training_images_augmented_v2\Marcus\aug_vid2_frame00000_combined_0279.jpg,validation,vid2_frame00000
Marcus,C:\Users\main\Frentzen\Project\ISD\training_images_augmented_v2\Marcus\aug_vid2_frame00000_combined_0359.jpg,validation,vid2_frame00000
Marcus,C:\Users\main\Frentzen\Project\ISD\training_images_augmented_v2\Marcus\raw_vid2_frame00000.jpg,validation,vid2_frame00000
Marcus,C:\Users\main\Frentzen\Project\ISD\training_images_augmented_v2\Marcus\aug_vid0_frame00000_geometric_0218.jpg,validation,vid0_frame00000
Marcus,C:\Users\main\Frentzen\Project\ISD\training_images_augmented_v2\Marcus\aug_vid0_frame00000_geometric_0228.jpg,validation,vid0_frame00000
Marcus,C:\Users\main\Frentzen\Project\ISD\training_images_augmented_v2\Marcus\aug_vid0_frame00000_geometric_0351.jpg,validation,vid0_frame00000
Marcus,C:\Users\main\Frentzen\Project\ISD\training_images_augmented_v2\Marcus\aug_vid0_frame00000_geometric_0427.jpg,validation,vid0_frame00000
Marcus,C:\Users\main\Frentzen\Project\ISD\training_images_augmented_v2\Marcus\aug_vid0_frame00000_occlusion_0224.jpg,validation,vid0_frame00000
Marcus,C:\Users\main\Frentzen\Project\ISD\training_images_augmented_v2\Marcus\aug_vid0_frame00000_photometric_0299.jpg,validation,vid0_frame00000
Marcus,C:\Users\main\Frentzen\Project\ISD\training_images_augmented_v2\Marcus\aug_vid0_frame00000_rain_0384.jpg,validation,vid0_frame00000
Marcus,C:\Users\main\Frentzen\Project\ISD\training_images_augmented_v2\Marcus\raw_vid0_frame00000.jpg,validation,vid0_frame00000
Marcus,C:\Users\main\Frentzen\Project\ISD\training_images_augmented_v2\Marcus\aug_vid3_frame00350_geometric_0383.jpg,validation,vid3_frame00350
Marcus,C:\Users\main\Frentzen\Project\ISD\training_images_augmented_v2\Marcus\aug_vid3_frame00350_photometric_0126.jpg,validation,vid3_frame00350
Marcus,C:\Users\main\Frentzen\Project\ISD\training_images_augmented_v2\Marcus\aug_vid3_frame00350_photometric_0272.jpg,validation,vid3_frame00350
Marcus,C:\Users\main\Frentzen\Project\ISD\training_images_augmented_v2\Marcus\aug_vid3_frame00350_rain_0107.jpg,validation,vid3_frame00350
Marcus,C:\Users\main\Frentzen\Project\ISD\training_images_augmented_v2\Marcus\raw_vid3_frame00350.jpg,validation,vid3_frame00350
Marcus,C:\Users\main\Frentzen\Project\ISD\training_images_augmented_v2\Marcus\aug_vid2_frame00208_geometric_0326.jpg,validation,vid2_frame00208
Marcus,C:\Users\main\Frentzen\Project\ISD\training_images_augmented_v2\Marcus\aug_vid2_frame00208_occlusion_0025.jpg,validation,vid2_frame00208
Marcus,C:\Users\main\Frentzen\Project\ISD\training_images_augmented_v2\Marcus\raw_vid2_frame00208.jpg,validation,vid2_frame00208
Marcus,C:\Users\main\Frentzen\Project\ISD\training_images_augmented_v2\Marcus\aug_vid0_frame00045_combined_0331.jpg,validation,vid0_frame00045
Marcus,C:\Users\main\Frentzen\Project\ISD\training_images_augmented_v2\Marcus\aug_vid0_frame00045_photometric_0145.jpg,validation,vid0_frame00045
Marcus,C:\Users\main\Frentzen\Project\ISD\training_images_augmented_v2\Marcus\raw_vid0_frame00045.jpg,validation,vid0_frame00045
Marcus,C:\Users\main\Frentzen\Project\ISD\training_images_augmented_v2\Marcus\aug_vid1_frame00000_combined_0183.jpg,validation,vid1_frame00000
Marcus,C:\Users\main\Frentzen\Project\ISD\training_images_augmented_v2\Marcus\aug_vid1_frame00000_photometric_0333.jpg,validation,vid1_frame00000
Marcus,C:\Users\main\Frentzen\Project\ISD\training_images_augmented_v2\Marcus\aug_vid1_frame00000_rain_0230.jpg,validation,vid1_frame00000
Marcus,C:\Users\main\Frentzen\Project\ISD\training_images_augmented_v2\Marcus\aug_vid1_frame00000_snow_0164.jpg,validation,vid1_frame00000
Marcus,C:\Users\main\Frentzen\Project\ISD\training_images_augmented_v2\Marcus\raw_vid1_frame00000.jpg,validation,vid1_frame00000
Marcus,C:\Users\main\Frentzen\Project\ISD\training_images_augmented_v2\Marcus\aug_vid0_frame00243_combined_0264.jpg,validation,vid0_frame00243
Marcus,C:\Users\main\Frentzen\Project\ISD\training_images_augmented_v2\Marcus\aug_vid0_frame00243_geometric_0200.jpg,validation,vid0_frame00243
Marcus,C:\Users\main\Frentzen\Project\ISD\training_images_augmented_v2\Marcus\aug_vid0_frame00243_occlusion_0162.jpg,validation,vid0_frame00243
Marcus,C:\Users\main\Frentzen\Project\ISD\training_images_augmented_v2\Marcus\raw_vid0_frame00243.jpg,validation,vid0_frame00243
Marcus,C:\Users\main\Frentzen\Project\ISD\training_images_augmented_v2\Marcus\aug_vid2_frame00064_geometric_0216.jpg,validation,vid2_frame00064
Marcus,C:\Users\main\Frentzen\Project\ISD\training_images_augmented_v2\Marcus\aug_vid2_frame00064_occlusion_0083.jpg,validation,vid2_frame00064
Marcus,C:\Users\main\Frentzen\Project\ISD\training_images_augmented_v2\Marcus\aug_vid2_frame00064_rain_0268.jpg,validation,vid2_frame00064
Marcus,C:\Users\main\Frentzen\Project\ISD\training_images_augmented_v2\Marcus\raw_vid2_frame00064.jpg,validation,vid2_frame00064
Marcus,C:\Users\main\Frentzen\Project\ISD\training_images_augmented_v2\Marcus\raw_vid0_frame00054.jpg,validation,vid0_frame00054
Marcus,C:\Users\main\Frentzen\Project\ISD\training_images_augmented_v2\Marcus\aug_vid0_frame00135_snow_0178.jpg,validation,vid0_frame00135
Marcus,C:\Users\main\Frentzen\Project\ISD\training_images_augmented_v2\Marcus\raw_vid0_frame00135.jpg,validation,vid0_frame00135
Marcus,C:\Users\main\Frentzen\Project\ISD\training_images_augmented_v2\Marcus\aug_vid1_frame00333_geometric_0422.jpg,validation,vid1_frame00333
Marcus,C:\Users\main\Frentzen\Project\ISD\training_images_augmented_v2\Marcus\aug_vid1_frame00333_rain_0215.jpg,validation,vid1_frame00333
Marcus,C:\Users\main\Frentzen\Project\ISD\training_images_augmented_v2\Marcus\raw_vid1_frame00333.jpg,validation,vid1_frame00333
Marcus,C:\Users\main\Frentzen\Project\ISD\training_images_augmented_v2\Marcus\aug_vid2_frame00096_combined_0116.jpg,validation,vid2_frame00096
Marcus,C:\Users\main\Frentzen\Project\ISD\training_images_augmented_v2\Marcus\aug_vid2_frame00096_photometric_0319.jpg,validation,vid2_frame00096
Marcus,C:\Users\main\Frentzen\Project\ISD\training_images_augmented_v2\Marcus\raw_vid2_frame00096.jpg,validation,vid2_frame00096
Marcus,C:\Users\main\Frentzen\Project\ISD\training_images_augmented_v2\Marcus\raw_vid1_frame00144.jpg,test,vid1_frame00144
Marcus,C:\Users\main\Frentzen\Project\ISD\training_images_augmented_v2\Marcus\aug_vid1_frame00072_combined_0270.jpg,test,vid1_frame00072
Marcus,C:\Users\main\Frentzen\Project\ISD\training_images_augmented_v2\Marcus\aug_vid1_frame00072_geometric_0078.jpg,test,vid1_frame00072
Marcus,C:\Users\main\Frentzen\Project\ISD\training_images_augmented_v2\Marcus\aug_vid1_frame00072_photometric_0101.jpg,test,vid1_frame00072
Marcus,C:\Users\main\Frentzen\Project\ISD\training_images_augmented_v2\Marcus\raw_vid1_frame00072.jpg,test,vid1_frame00072
Marcus,C:\Users\main\Frentzen\Project\ISD\training_images_augmented_v2\Marcus\aug_vid2_frame00288_occlusion_0152.jpg,test,vid2_frame00288
Marcus,C:\Users\main\Frentzen\Project\ISD\training_images_augmented_v2\Marcus\raw_vid2_frame00288.jpg,test,vid2_frame00288
Marcus,C:\Users\main\Frentzen\Project\ISD\training_images_augmented_v2\Marcus\aug_vid2_frame00232_geometric_0042.jpg,test,vid2_frame00232
Marcus,C:\Users\main\Frentzen\Project\ISD\training_images_augmented_v2\Marcus\aug_vid2_frame00232_geometric_0275.jpg,test,vid2_frame00232
Marcus,C:\Users\main\Frentzen\Project\ISD\training_images_augmented_v2\Marcus\aug_vid2_frame00232_photometric_0098.jpg,test,vid2_frame00232
Marcus,C:\Users\main\Frentzen\Project\ISD\training_images_augmented_v2\Marcus\aug_vid2_frame00232_photometric_0150.jpg,test,vid2_frame00232
Marcus,C:\Users\main\Frentzen\Project\ISD\training_images_augmented_v2\Marcus\aug_vid2_frame00232_snow_0132.jpg,test,vid2_frame00232
Marcus,C:\Users\main\Frentzen\Project\ISD\training_images_augmented_v2\Marcus\raw_vid2_frame00232.jpg,test,vid2_frame00232
Marcus,C:\Users\main\Frentzen\Project\ISD\training_images_augmented_v2\Marcus\aug_vid1_frame00108_photometric_0109.jpg,test,vid1_frame00108
Marcus,C:\Users\main\Frentzen\Project\ISD\training_images_augmented_v2\Marcus\aug_vid1_frame00108_photometric_0188.jpg,test,vid1_frame00108
Marcus,C:\Users\main\Frentzen\Project\ISD\training_images_augmented_v2\Marcus\raw_vid1_frame00108.jpg,test,vid1_frame00108
Marcus,C:\Users\main\Frentzen\Project\ISD\training_images_augmented_v2\Marcus\aug_vid1_frame00216_photometric_0432.jpg,test,vid1_frame00216
Marcus,C:\Users\main\Frentzen\Project\ISD\training_images_augmented_v2\Marcus\aug_vid1_frame00216_rain_0304.jpg,test,vid1_frame00216
Marcus,C:\Users\main\Frentzen\Project\ISD\training_images_augmented_v2\Marcus\raw_vid1_frame00216.jpg,test,vid1_frame00216
Marcus,C:\Users\main\Frentzen\Project\ISD\training_images_augmented_v2\Marcus\aug_vid2_frame00088_geometric_0024.jpg,test,vid2_frame00088
Marcus,C:\Users\main\Frentzen\Project\ISD\training_images_augmented_v2\Marcus\aug_vid2_frame00088_geometric_0169.jpg,test,vid2_frame00088
Marcus,C:\Users\main\Frentzen\Project\ISD\training_images_augmented_v2\Marcus\raw_vid2_frame00088.jpg,test,vid2_frame00088
Marcus,C:\Users\main\Frentzen\Project\ISD\training_images_augmented_v2\Marcus\aug_vid0_frame00126_combined_0255.jpg,test,vid0_frame00126
Marcus,C:\Users\main\Frentzen\Project\ISD\training_images_augmented_v2\Marcus\aug_vid0_frame00126_geometric_0118.jpg,test,vid0_frame00126
Marcus,C:\Users\main\Frentzen\Project\ISD\training_images_augmented_v2\Marcus\aug_vid0_frame00126_photometric_0041.jpg,test,vid0_frame00126
Marcus,C:\Users\main\Frentzen\Project\ISD\training_images_augmented_v2\Marcus\raw_vid0_frame00126.jpg,test,vid0_frame00126
Marcus,C:\Users\main\Frentzen\Project\ISD\training_images_augmented_v2\Marcus\aug_vid0_frame00036_geometric_0044.jpg,test,vid0_frame00036
Marcus,C:\Users\main\Frentzen\Project\ISD\training_images_augmented_v2\Marcus\aug_vid0_frame00036_geometric_0128.jpg,test,vid0_frame00036
Marcus,C:\Users\main\Frentzen\Project\ISD\training_images_augmented_v2\Marcus\aug_vid0_frame00036_geometric_0293.jpg,test,vid0_frame00036
Marcus,C:\Users\main\Frentzen\Project\ISD\training_images_augmented_v2\Marcus\aug_vid0_frame00036_geometric_0417.jpg,test,vid0_frame00036
Marcus,C:\Users\main\Frentzen\Project\ISD\training_images_augmented_v2\Marcus\aug_vid0_frame00036_occlusion_0219.jpg,test,vid0_frame00036
Marcus,C:\Users\main\Frentzen\Project\ISD\training_images_augmented_v2\Marcus\aug_vid0_frame00036_photometric_0103.jpg,test,vid0_frame00036
Marcus,C:\Users\main\Frentzen\Project\ISD\training_images_augmented_v2\Marcus\aug_vid0_frame00036_snow_0391.jpg,test,vid0_frame00036
Marcus,C:\Users\main\Frentzen\Project\ISD\training_images_augmented_v2\Marcus\raw_vid0_frame00036.jpg,test,vid0_frame00036
Marcus,C:\Users\main\Frentzen\Project\ISD\training_images_augmented_v2\Marcus\aug_vid3_frame00336_combined_0290.jpg,test,vid3_frame00336
Marcus,C:\Users\main\Frentzen\Project\ISD\training_images_augmented_v2\Marcus\aug_vid3_frame00336_geometric_0004.jpg,test,vid3_frame00336
Marcus,C:\Users\main\Frentzen\Project\ISD\training_images_augmented_v2\Marcus\aug_vid3_frame00336_photometric_0298.jpg,test,vid3_frame00336
Marcus,C:\Users\main\Frentzen\Project\ISD\training_images_augmented_v2\Marcus\raw_vid3_frame00336.jpg,test,vid3_frame00336
Marcus,C:\Users\main\Frentzen\Project\ISD\training_images_augmented_v2\Marcus\aug_vid2_frame00072_combined_0354.jpg,test,vid2_frame00072
Marcus,C:\Users\main\Frentzen\Project\ISD\training_images_augmented_v2\Marcus\aug_vid2_frame00072_fog_0194.jpg,test,vid2_frame00072
Marcus,C:\Users\main\Frentzen\Project\ISD\training_images_augmented_v2\Marcus\raw_vid2_frame00072.jpg,test,vid2_frame00072
Marcus,C:\Users\main\Frentzen\Project\ISD\training_images_augmented_v2\Marcus\aug_vid0_frame00216_combined_0147.jpg,test,vid0_frame00216
Marcus,C:\Users\main\Frentzen\Project\ISD\training_images_augmented_v2\Marcus\raw_vid0_frame00216.jpg,test,vid0_frame00216
Marcus,C:\Users\main\Frentzen\Project\ISD\training_images_augmented_v2\Marcus\aug_vid1_frame00009_occlusion_0320.jpg,test,vid1_frame00009
Marcus,C:\Users\main\Frentzen\Project\ISD\training_images_augmented_v2\Marcus\raw_vid1_frame00009.jpg,test,vid1_frame00009
Marcus,C:\Users\main\Frentzen\Project\ISD\training_images_augmented_v2\Marcus\aug_vid3_frame00322_combined_0087.jpg,test,vid3_frame00322
Marcus,C:\Users\main\Frentzen\Project\ISD\training_images_augmented_v2\Marcus\aug_vid3_frame00322_occlusion_0332.jpg,test,vid3_frame00322
Marcus,C:\Users\main\Frentzen\Project\ISD\training_images_augmented_v2\Marcus\aug_vid3_frame00322_snow_0175.jpg,test,vid3_frame00322
Marcus,C:\Users\main\Frentzen\Project\ISD\training_images_augmented_v2\Marcus\raw_vid3_frame00322.jpg,test,vid3_frame00322
Marcus,C:\Users\main\Frentzen\Project\ISD\training_images_augmented_v2\Marcus\aug_vid3_frame00154_fog_0310.jpg,test,vid3_frame00154
Marcus,C:\Users\main\Frentzen\Project\ISD\training_images_augmented_v2\Marcus\aug_vid3_frame00154_geometric_0123.jpg,test,vid3_frame00154
Marcus,C:\Users\main\Frentzen\Project\ISD\training_images_augmented_v2\Marcus\aug_vid3_frame00154_snow_0307.jpg,test,vid3_frame00154
Marcus,C:\Users\main\Frentzen\Project\ISD\training_images_augmented_v2\Marcus\raw_vid3_frame00154.jpg,test,vid3_frame00154
Marcus,C:\Users\main\Frentzen\Project\ISD\training_images_augmented_v2\Marcus\aug_vid0_frame00297_geometric_0125.jpg,test,vid0_frame00297
Marcus,C:\Users\main\Frentzen\Project\ISD\training_images_augmented_v2\Marcus\aug_vid0_frame00297_photometric_0130.jpg,test,vid0_frame00297
Marcus,C:\Users\main\Frentzen\Project\ISD\training_images_augmented_v2\Marcus\aug_vid0_frame00297_photometric_0260.jpg,test,vid0_frame00297
Marcus,C:\Users\main\Frentzen\Project\ISD\training_images_augmented_v2\Marcus\aug_vid0_frame00297_photometric_0308.jpg,test,vid0_frame00297
Marcus,C:\Users\main\Frentzen\Project\ISD\training_images_augmented_v2\Marcus\aug_vid0_frame00297_snow_0360.jpg,test,vid0_frame00297
Marcus,C:\Users\main\Frentzen\Project\ISD\training_images_augmented_v2\Marcus\raw_vid0_frame00297.jpg,test,vid0_frame00297
Marcus,C:\Users\main\Frentzen\Project\ISD\training_images_augmented_v2\Marcus\aug_vid0_frame00072_combined_0198.jpg,test,vid0_frame00072
Marcus,C:\Users\main\Frentzen\Project\ISD\training_images_augmented_v2\Marcus\aug_vid0_frame00072_geometric_0410.jpg,test,vid0_frame00072
Marcus,C:\Users\main\Frentzen\Project\ISD\training_images_augmented_v2\Marcus\aug_vid0_frame00072_occlusion_0184.jpg,test,vid0_frame00072
Marcus,C:\Users\main\Frentzen\Project\ISD\training_images_augmented_v2\Marcus\aug_vid0_frame00072_photometric_0393.jpg,test,vid0_frame00072
Marcus,C:\Users\main\Frentzen\Project\ISD\training_images_augmented_v2\Marcus\raw_vid0_frame00072.jpg,test,vid0_frame00072
Marcus,C:\Users\main\Frentzen\Project\ISD\training_images_augmented_v2\Marcus\aug_vid3_frame00518_combined_0077.jpg,test,vid3_frame00518
Marcus,C:\Users\main\Frentzen\Project\ISD\training_images_augmented_v2\Marcus\raw_vid3_frame00518.jpg,test,vid3_frame00518
Marcus,C:\Users\main\Frentzen\Project\ISD\training_images_augmented_v2\Marcus\aug_vid3_frame00644_geometric_0003.jpg,test,vid3_frame00644
Marcus,C:\Users\main\Frentzen\Project\ISD\training_images_augmented_v2\Marcus\aug_vid3_frame00644_geometric_0037.jpg,test,vid3_frame00644
Marcus,C:\Users\main\Frentzen\Project\ISD\training_images_augmented_v2\Marcus\aug_vid3_frame00644_geometric_0245.jpg,test,vid3_frame00644
Marcus,C:\Users\main\Frentzen\Project\ISD\training_images_augmented_v2\Marcus\aug_vid3_frame00644_photometric_0402.jpg,test,vid3_frame00644
Marcus,C:\Users\main\Frentzen\Project\ISD\training_images_augmented_v2\Marcus\raw_vid3_frame00644.jpg,test,vid3_frame00644
Marcus,C:\Users\main\Frentzen\Project\ISD\training_images_augmented_v2\Marcus\aug_vid3_frame00406_combined_0122.jpg,test,vid3_frame00406
Marcus,C:\Users\main\Frentzen\Project\ISD\training_images_augmented_v2\Marcus\raw_vid3_frame00406.jpg,test,vid3_frame00406
Marcus,C:\Users\main\Frentzen\Project\ISD\training_images_augmented_v2\Marcus\raw_vid0_frame00315.jpg,test,vid0_frame00315
Marcus,C:\Users\main\Frentzen\Project\ISD\training_images_augmented_v2\Marcus\aug_vid3_frame00490_combined_0401.jpg,test,vid3_frame00490
Marcus,C:\Users\main\Frentzen\Project\ISD\training_images_augmented_v2\Marcus\aug_vid3_frame00490_fog_0449.jpg,test,vid3_frame00490
Marcus,C:\Users\main\Frentzen\Project\ISD\training_images_augmented_v2\Marcus\aug_vid3_frame00490_occlusion_0170.jpg,test,vid3_frame00490
Marcus,C:\Users\main\Frentzen\Project\ISD\training_images_augmented_v2\Marcus\aug_vid3_frame00490_occlusion_0377.jpg,test,vid3_frame00490
Marcus,C:\Users\main\Frentzen\Project\ISD\training_images_augmented_v2\Marcus\raw_vid3_frame00490.jpg,test,vid3_frame00490
Marcus,C:\Users\main\Frentzen\Project\ISD\training_images_augmented_v2\Marcus\aug_vid0_frame00162_combined_0005.jpg,test,vid0_frame00162
Marcus,C:\Users\main\Frentzen\Project\ISD\training_images_augmented_v2\Marcus\aug_vid0_frame00162_photometric_0007.jpg,test,vid0_frame00162
Marcus,C:\Users\main\Frentzen\Project\ISD\training_images_augmented_v2\Marcus\raw_vid0_frame00162.jpg,test,vid0_frame00162
Marcus,C:\Users\main\Frentzen\Project\ISD\training_images_augmented_v2\Marcus\aug_vid2_frame00048_combined_0026.jpg,test,vid2_frame00048
Marcus,C:\Users\main\Frentzen\Project\ISD\training_images_augmented_v2\Marcus\aug_vid2_frame00048_combined_0322.jpg,test,vid2_frame00048
Marcus,C:\Users\main\Frentzen\Project\ISD\training_images_augmented_v2\Marcus\aug_vid2_frame00048_photometric_0389.jpg,test,vid2_frame00048
Marcus,C:\Users\main\Frentzen\Project\ISD\training_images_augmented_v2\Marcus\aug_vid2_frame00048_snow_0140.jpg,test,vid2_frame00048
Marcus,C:\Users\main\Frentzen\Project\ISD\training_images_augmented_v2\Marcus\raw_vid2_frame00048.jpg,test,vid2_frame00048
Marcus,C:\Users\main\Frentzen\Project\ISD\training_images_augmented_v2\Marcus\aug_vid2_frame00152_geometric_0131.jpg,test,vid2_frame00152
Marcus,C:\Users\main\Frentzen\Project\ISD\training_images_augmented_v2\Marcus\aug_vid2_frame00152_occlusion_0027.jpg,test,vid2_frame00152
Marcus,C:\Users\main\Frentzen\Project\ISD\training_images_augmented_v2\Marcus\aug_vid2_frame00152_rain_0281.jpg,test,vid2_frame00152
Marcus,C:\Users\main\Frentzen\Project\ISD\training_images_augmented_v2\Marcus\raw_vid2_frame00152.jpg,test,vid2_frame00152
Marcus,C:\Users\main\Frentzen\Project\ISD\training_images_augmented_v2\Marcus\aug_vid3_frame00014_geometric_0029.jpg,test,vid3_frame00014
Marcus,C:\Users\main\Frentzen\Project\ISD\training_images_augmented_v2\Marcus\aug_vid3_frame00014_geometric_0092.jpg,test,vid3_frame00014
Marcus,C:\Users\main\Frentzen\Project\ISD\training_images_augmented_v2\Marcus\raw_vid3_frame00014.jpg,test,vid3_frame00014
Marcus,C:\Users\main\Frentzen\Project\ISD\training_images_augmented_v2\Marcus\aug_vid1_frame00162_occlusion_0395.jpg,test,vid1_frame00162
Marcus,C:\Users\main\Frentzen\Project\ISD\training_images_augmented_v2\Marcus\aug_vid1_frame00162_photometric_0412.jpg,test,vid1_frame00162
Marcus,C:\Users\main\Frentzen\Project\ISD\training_images_augmented_v2\Marcus\raw_vid1_frame00162.jpg,test,vid1_frame00162
Marcus,C:\Users\main\Frentzen\Project\ISD\training_images_augmented_v2\Marcus\aug_vid0_frame00063_combined_0171.jpg,test,vid0_frame00063
Marcus,C:\Users\main\Frentzen\Project\ISD\training_images_augmented_v2\Marcus\aug_vid0_frame00063_geometric_0124.jpg,test,vid0_frame00063
Marcus,C:\Users\main\Frentzen\Project\ISD\training_images_augmented_v2\Marcus\aug_vid0_frame00063_geometric_0192.jpg,test,vid0_frame00063
Marcus,C:\Users\main\Frentzen\Project\ISD\training_images_augmented_v2\Marcus\aug_vid0_frame00063_photometric_0066.jpg,test,vid0_frame00063
Marcus,C:\Users\main\Frentzen\Project\ISD\training_images_augmented_v2\Marcus\raw_vid0_frame00063.jpg,test,vid0_frame00063
Marcus,C:\Users\main\Frentzen\Project\ISD\training_images_augmented_v2\Marcus\aug_vid1_frame00243_occlusion_0374.jpg,test,vid1_frame00243
Marcus,C:\Users\main\Frentzen\Project\ISD\training_images_augmented_v2\Marcus\raw_vid1_frame00243.jpg,test,vid1_frame00243
Marcus,C:\Users\main\Frentzen\Project\ISD\training_images_augmented_v2\Marcus\aug_vid1_frame00252_occlusion_0136.jpg,test,vid1_frame00252
Marcus,C:\Users\main\Frentzen\Project\ISD\training_images_augmented_v2\Marcus\aug_vid1_frame00252_occlusion_0325.jpg,test,vid1_frame00252
Marcus,C:\Users\main\Frentzen\Project\ISD\training_images_augmented_v2\Marcus\aug_vid1_frame00252_photometric_0240.jpg,test,vid1_frame00252
Marcus,C:\Users\main\Frentzen\Project\ISD\training_images_augmented_v2\Marcus\raw_vid1_frame00252.jpg,test,vid1_frame00252
Marcus,C:\Users\main\Frentzen\Project\ISD\training_images_augmented_v2\Marcus\aug_vid2_frame00104_geometric_0424.jpg,test,vid2_frame00104
Marcus,C:\Users\main\Frentzen\Project\ISD\training_images_augmented_v2\Marcus\raw_vid2_frame00104.jpg,test,vid2_frame00104
Marcus,C:\Users\main\Frentzen\Project\ISD\training_images_augmented_v2\Marcus\aug_vid2_frame00200_combined_0054.jpg,test,vid2_frame00200
Marcus,C:\Users\main\Frentzen\Project\ISD\training_images_augmented_v2\Marcus\aug_vid2_frame00200_combined_0106.jpg,test,vid2_frame00200
Marcus,C:\Users\main\Frentzen\Project\ISD\training_images_augmented_v2\Marcus\aug_vid2_frame00200_geometric_0047.jpg,test,vid2_frame00200
Marcus,C:\Users\main\Frentzen\Project\ISD\training_images_augmented_v2\Marcus\aug_vid2_frame00200_photometric_0028.jpg,test,vid2_frame00200
Marcus,C:\Users\main\Frentzen\Project\ISD\training_images_augmented_v2\Marcus\aug_vid2_frame00200_photometric_0153.jpg,test,vid2_frame00200
Marcus,C:\Users\main\Frentzen\Project\ISD\training_images_augmented_v2\Marcus\aug_vid2_frame00200_photometric_0339.jpg,test,vid2_frame00200
Marcus,C:\Users\main\Frentzen\Project\ISD\training_images_augmented_v2\Marcus\raw_vid2_frame00200.jpg,test,vid2_frame00200
Marcus,C:\Users\main\Frentzen\Project\ISD\training_images_augmented_v2\Marcus\aug_vid3_frame00224_rain_0161.jpg,test,vid3_frame00224
Marcus,C:\Users\main\Frentzen\Project\ISD\training_images_augmented_v2\Marcus\raw_vid3_frame00224.jpg,test,vid3_frame00224
Marcus,C:\Users\main\Frentzen\Project\ISD\training_images_augmented_v2\Marcus\aug_vid1_frame00180_geometric_0108.jpg,test,vid1_frame00180
Marcus,C:\Users\main\Frentzen\Project\ISD\training_images_augmented_v2\Marcus\aug_vid1_frame00180_occlusion_0174.jpg,test,vid1_frame00180
Marcus,C:\Users\main\Frentzen\Project\ISD\training_images_augmented_v2\Marcus\raw_vid1_frame00180.jpg,test,vid1_frame00180
Marcus,C:\Users\main\Frentzen\Project\ISD\training_images_augmented_v2\Marcus\aug_vid1_frame00234_photometric_0206.jpg,test,vid1_frame00234
Marcus,C:\Users\main\Frentzen\Project\ISD\training_images_augmented_v2\Marcus\aug_vid1_frame00234_photometric_0231.jpg,test,vid1_frame00234
Marcus,C:\Users\main\Frentzen\Project\ISD\training_images_augmented_v2\Marcus\aug_vid1_frame00234_photometric_0305.jpg,test,vid1_frame00234
Marcus,C:\Users\main\Frentzen\Project\ISD\training_images_augmented_v2\Marcus\aug_vid1_frame00234_snow_0276.jpg,test,vid1_frame00234
Marcus,C:\Users\main\Frentzen\Project\ISD\training_images_augmented_v2\Marcus\raw_vid1_frame00234.jpg,test,vid1_frame00234
Marcus,C:\Users\main\Frentzen\Project\ISD\training_images_augmented_v2\Marcus\aug_vid3_frame00266_photometric_0096.jpg,test,vid3_frame00266
Marcus,C:\Users\main\Frentzen\Project\ISD\training_images_augmented_v2\Marcus\raw_vid3_frame00266.jpg,test,vid3_frame00266
Marcus,C:\Users\main\Frentzen\Project\ISD\training_images_augmented_v2\Marcus\aug_vid0_frame00090_photometric_0177.jpg,test,vid0_frame00090
Marcus,C:\Users\main\Frentzen\Project\ISD\training_images_augmented_v2\Marcus\aug_vid0_frame00090_photometric_0273.jpg,test,vid0_frame00090
Marcus,C:\Users\main\Frentzen\Project\ISD\training_images_augmented_v2\Marcus\aug_vid0_frame00090_snow_0280.jpg,test,vid0_frame00090
Marcus,C:\Users\main\Frentzen\Project\ISD\training_images_augmented_v2\Marcus\raw_vid0_frame00090.jpg,test,vid0_frame00090
Marcus,C:\Users\main\Frentzen\Project\ISD\training_images_augmented_v2\Marcus\aug_vid2_frame00264_combined_0112.jpg,test,vid2_frame00264
Marcus,C:\Users\main\Frentzen\Project\ISD\training_images_augmented_v2\Marcus\aug_vid2_frame00264_geometric_0114.jpg,test,vid2_frame00264
Marcus,C:\Users\main\Frentzen\Project\ISD\training_images_augmented_v2\Marcus\aug_vid2_frame00264_geometric_0234.jpg,test,vid2_frame00264
Marcus,C:\Users\main\Frentzen\Project\ISD\training_images_augmented_v2\Marcus\aug_vid2_frame00264_photometric_0062.jpg,test,vid2_frame00264
Marcus,C:\Users\main\Frentzen\Project\ISD\training_images_augmented_v2\Marcus\aug_vid2_frame00264_photometric_0238.jpg,test,vid2_frame00264
Marcus,C:\Users\main\Frentzen\Project\ISD\training_images_augmented_v2\Marcus\aug_vid2_frame00264_rain_0428.jpg,test,vid2_frame00264
Marcus,C:\Users\main\Frentzen\Project\ISD\training_images_augmented_v2\Marcus\raw_vid2_frame00264.jpg,test,vid2_frame00264
Ninad,C:\Users\main\Frentzen\Project\ISD\training_images_augmented_v2\Ninad\aug_vid0_frame00093_occlusion_0201.jpg,enrollment,vid0_frame00093
Ninad,C:\Users\main\Frentzen\Project\ISD\training_images_augmented_v2\Ninad\aug_vid0_frame00093_photometric_0429.jpg,enrollment,vid0_frame00093
Ninad,C:\Users\main\Frentzen\Project\ISD\training_images_augmented_v2\Ninad\raw_vid0_frame00093.jpg,enrollment,vid0_frame00093
Ninad,C:\Users\main\Frentzen\Project\ISD\training_images_augmented_v2\Ninad\aug_vid0_frame00228_geometric_0012.jpg,enrollment,vid0_frame00228
Ninad,C:\Users\main\Frentzen\Project\ISD\training_images_augmented_v2\Ninad\aug_vid0_frame00228_geometric_0109.jpg,enrollment,vid0_frame00228
Ninad,C:\Users\main\Frentzen\Project\ISD\training_images_augmented_v2\Ninad\raw_vid0_frame00228.jpg,enrollment,vid0_frame00228
Ninad,C:\Users\main\Frentzen\Project\ISD\training_images_augmented_v2\Ninad\aug_vid0_frame00075_geometric_0156.jpg,enrollment,vid0_frame00075
Ninad,C:\Users\main\Frentzen\Project\ISD\training_images_augmented_v2\Ninad\aug_vid0_frame00075_geometric_0203.jpg,enrollment,vid0_frame00075
Ninad,C:\Users\main\Frentzen\Project\ISD\training_images_augmented_v2\Ninad\aug_vid0_frame00075_photometric_0018.jpg,enrollment,vid0_frame00075
Ninad,C:\Users\main\Frentzen\Project\ISD\training_images_augmented_v2\Ninad\raw_vid0_frame00075.jpg,enrollment,vid0_frame00075
Ninad,C:\Users\main\Frentzen\Project\ISD\training_images_augmented_v2\Ninad\aug_vid0_frame00384_photometric_0290.jpg,enrollment,vid0_frame00384
Ninad,C:\Users\main\Frentzen\Project\ISD\training_images_augmented_v2\Ninad\raw_vid0_frame00384.jpg,enrollment,vid0_frame00384
Ninad,C:\Users\main\Frentzen\Project\ISD\training_images_augmented_v2\Ninad\aug_vid0_frame00381_combined_0278.jpg,enrollment,vid0_frame00381
Ninad,C:\Users\main\Frentzen\Project\ISD\training_images_augmented_v2\Ninad\aug_vid0_frame00381_geometric_0242.jpg,enrollment,vid0_frame00381
Ninad,C:\Users\main\Frentzen\Project\ISD\training_images_augmented_v2\Ninad\raw_vid0_frame00381.jpg,enrollment,vid0_frame00381
Ninad,C:\Users\main\Frentzen\Project\ISD\training_images_augmented_v2\Ninad\raw_vid0_frame00342.jpg,enrollment,vid0_frame00342
Ninad,C:\Users\main\Frentzen\Project\ISD\training_images_augmented_v2\Ninad\aug_vid0_frame00435_occlusion_0033.jpg,enrollment,vid0_frame00435
Ninad,C:\Users\main\Frentzen\Project\ISD\training_images_augmented_v2\Ninad\aug_vid0_frame00435_occlusion_0274.jpg,enrollment,vid0_frame00435
Ninad,C:\Users\main\Frentzen\Project\ISD\training_images_augmented_v2\Ninad\aug_vid0_frame00435_photometric_0125.jpg,enrollment,vid0_frame00435
Ninad,C:\Users\main\Frentzen\Project\ISD\training_images_augmented_v2\Ninad\aug_vid0_frame00435_photometric_0254.jpg,enrollment,vid0_frame00435
Ninad,C:\Users\main\Frentzen\Project\ISD\training_images_augmented_v2\Ninad\aug_vid0_frame00435_rain_0306.jpg,enrollment,vid0_frame00435
Ninad,C:\Users\main\Frentzen\Project\ISD\training_images_augmented_v2\Ninad\raw_vid0_frame00435.jpg,enrollment,vid0_frame00435
Ninad,C:\Users\main\Frentzen\Project\ISD\training_images_augmented_v2\Ninad\aug_vid0_frame00348_combined_0332.jpg,enrollment,vid0_frame00348
Ninad,C:\Users\main\Frentzen\Project\ISD\training_images_augmented_v2\Ninad\aug_vid0_frame00348_fog_0371.jpg,enrollment,vid0_frame00348
Ninad,C:\Users\main\Frentzen\Project\ISD\training_images_augmented_v2\Ninad\aug_vid0_frame00348_fog_0389.jpg,enrollment,vid0_frame00348
Ninad,C:\Users\main\Frentzen\Project\ISD\training_images_augmented_v2\Ninad\aug_vid0_frame00348_geometric_0289.jpg,enrollment,vid0_frame00348
Ninad,C:\Users\main\Frentzen\Project\ISD\training_images_augmented_v2\Ninad\aug_vid0_frame00348_geometric_0304.jpg,enrollment,vid0_frame00348
Ninad,C:\Users\main\Frentzen\Project\ISD\training_images_augmented_v2\Ninad\aug_vid0_frame00348_geometric_0305.jpg,enrollment,vid0_frame00348
Ninad,C:\Users\main\Frentzen\Project\ISD\training_images_augmented_v2\Ninad\raw_vid0_frame00348.jpg,enrollment,vid0_frame00348
Ninad,C:\Users\main\Frentzen\Project\ISD\training_images_augmented_v2\Ninad\aug_vid0_frame00039_combined_0122.jpg,enrollment,vid0_frame00039
Ninad,C:\Users\main\Frentzen\Project\ISD\training_images_augmented_v2\Ninad\aug_vid0_frame00039_fog_0369.jpg,enrollment,vid0_frame00039
Ninad,C:\Users\main\Frentzen\Project\ISD\training_images_augmented_v2\Ninad\aug_vid0_frame00039_geometric_0352.jpg,enrollment,vid0_frame00039
Ninad,C:\Users\main\Frentzen\Project\ISD\training_images_augmented_v2\Ninad\aug_vid0_frame00039_photometric_0244.jpg,enrollment,vid0_frame00039
Ninad,C:\Users\main\Frentzen\Project\ISD\training_images_augmented_v2\Ninad\aug_vid0_frame00039_photometric_0298.jpg,enrollment,vid0_frame00039
Ninad,C:\Users\main\Frentzen\Project\ISD\training_images_augmented_v2\Ninad\raw_vid0_frame00039.jpg,enrollment,vid0_frame00039
Ninad,C:\Users\main\Frentzen\Project\ISD\training_images_augmented_v2\Ninad\aug_vid0_frame00108_geometric_0051.jpg,enrollment,vid0_frame00108
Ninad,C:\Users\main\Frentzen\Project\ISD\training_images_augmented_v2\Ninad\aug_vid0_frame00108_geometric_0219.jpg,enrollment,vid0_frame00108
Ninad,C:\Users\main\Frentzen\Project\ISD\training_images_augmented_v2\Ninad\raw_vid0_frame00108.jpg,enrollment,vid0_frame00108
Ninad,C:\Users\main\Frentzen\Project\ISD\training_images_augmented_v2\Ninad\aug_vid0_frame00183_geometric_0218.jpg,enrollment,vid0_frame00183
Ninad,C:\Users\main\Frentzen\Project\ISD\training_images_augmented_v2\Ninad\raw_vid0_frame00183.jpg,enrollment,vid0_frame00183
Ninad,C:\Users\main\Frentzen\Project\ISD\training_images_augmented_v2\Ninad\aug_vid0_frame00111_combined_0143.jpg,enrollment,vid0_frame00111
Ninad,C:\Users\main\Frentzen\Project\ISD\training_images_augmented_v2\Ninad\aug_vid0_frame00111_geometric_0364.jpg,enrollment,vid0_frame00111
Ninad,C:\Users\main\Frentzen\Project\ISD\training_images_augmented_v2\Ninad\aug_vid0_frame00111_occlusion_0187.jpg,enrollment,vid0_frame00111
Ninad,C:\Users\main\Frentzen\Project\ISD\training_images_augmented_v2\Ninad\aug_vid0_frame00111_snow_0375.jpg,enrollment,vid0_frame00111
Ninad,C:\Users\main\Frentzen\Project\ISD\training_images_augmented_v2\Ninad\raw_vid0_frame00111.jpg,enrollment,vid0_frame00111
Ninad,C:\Users\main\Frentzen\Project\ISD\training_images_augmented_v2\Ninad\aug_vid0_frame00273_combined_0175.jpg,enrollment,vid0_frame00273
Ninad,C:\Users\main\Frentzen\Project\ISD\training_images_augmented_v2\Ninad\aug_vid0_frame00273_geometric_0212.jpg,enrollment,vid0_frame00273
Ninad,C:\Users\main\Frentzen\Project\ISD\training_images_augmented_v2\Ninad\aug_vid0_frame00273_geometric_0279.jpg,enrollment,vid0_frame00273
Ninad,C:\Users\main\Frentzen\Project\ISD\training_images_augmented_v2\Ninad\aug_vid0_frame00273_occlusion_0023.jpg,enrollment,vid0_frame00273
Ninad,C:\Users\main\Frentzen\Project\ISD\training_images_augmented_v2\Ninad\aug_vid0_frame00273_photometric_0117.jpg,enrollment,vid0_frame00273
Ninad,C:\Users\main\Frentzen\Project\ISD\training_images_augmented_v2\Ninad\aug_vid0_frame00273_photometric_0241.jpg,enrollment,vid0_frame00273
Ninad,C:\Users\main\Frentzen\Project\ISD\training_images_augmented_v2\Ninad\raw_vid0_frame00273.jpg,enrollment,vid0_frame00273
Ninad,C:\Users\main\Frentzen\Project\ISD\training_images_augmented_v2\Ninad\aug_vid0_frame00351_combined_0061.jpg,enrollment,vid0_frame00351
Ninad,C:\Users\main\Frentzen\Project\ISD\training_images_augmented_v2\Ninad\aug_vid0_frame00351_combined_0368.jpg,enrollment,vid0_frame00351
Ninad,C:\Users\main\Frentzen\Project\ISD\training_images_augmented_v2\Ninad\aug_vid0_frame00351_combined_0405.jpg,enrollment,vid0_frame00351
Ninad,C:\Users\main\Frentzen\Project\ISD\training_images_augmented_v2\Ninad\aug_vid0_frame00351_fog_0165.jpg,enrollment,vid0_frame00351
Ninad,C:\Users\main\Frentzen\Project\ISD\training_images_augmented_v2\Ninad\aug_vid0_frame00351_geometric_0412.jpg,enrollment,vid0_frame00351
Ninad,C:\Users\main\Frentzen\Project\ISD\training_images_augmented_v2\Ninad\aug_vid0_frame00351_geometric_0419.jpg,enrollment,vid0_frame00351
Ninad,C:\Users\main\Frentzen\Project\ISD\training_images_augmented_v2\Ninad\aug_vid0_frame00351_photometric_0096.jpg,enrollment,vid0_frame00351
Ninad,C:\Users\main\Frentzen\Project\ISD\training_images_augmented_v2\Ninad\aug_vid0_frame00351_photometric_0230.jpg,enrollment,vid0_frame00351
Ninad,C:\Users\main\Frentzen\Project\ISD\training_images_augmented_v2\Ninad\aug_vid0_frame00351_photometric_0426.jpg,enrollment,vid0_frame00351
Ninad,C:\Users\main\Frentzen\Project\ISD\training_images_augmented_v2\Ninad\raw_vid0_frame00351.jpg,enrollment,vid0_frame00351
Ninad,C:\Users\main\Frentzen\Project\ISD\training_images_augmented_v2\Ninad\aug_vid0_frame00276_combined_0066.jpg,enrollment,vid0_frame00276
Ninad,C:\Users\main\Frentzen\Project\ISD\training_images_augmented_v2\Ninad\aug_vid0_frame00276_fog_0006.jpg,enrollment,vid0_frame00276
Ninad,C:\Users\main\Frentzen\Project\ISD\training_images_augmented_v2\Ninad\aug_vid0_frame00276_geometric_0440.jpg,enrollment,vid0_frame00276
Ninad,C:\Users\main\Frentzen\Project\ISD\training_images_augmented_v2\Ninad\raw_vid0_frame00276.jpg,enrollment,vid0_frame00276
Ninad,C:\Users\main\Frentzen\Project\ISD\training_images_augmented_v2\Ninad\aug_vid0_frame00096_geometric_0237.jpg,enrollment,vid0_frame00096
Ninad,C:\Users\main\Frentzen\Project\ISD\training_images_augmented_v2\Ninad\aug_vid0_frame00096_geometric_0284.jpg,enrollment,vid0_frame00096
Ninad,C:\Users\main\Frentzen\Project\ISD\training_images_augmented_v2\Ninad\aug_vid0_frame00096_geometric_0353.jpg,enrollment,vid0_frame00096
Ninad,C:\Users\main\Frentzen\Project\ISD\training_images_augmented_v2\Ninad\aug_vid0_frame00096_photometric_0349.jpg,enrollment,vid0_frame00096
Ninad,C:\Users\main\Frentzen\Project\ISD\training_images_augmented_v2\Ninad\raw_vid0_frame00096.jpg,enrollment,vid0_frame00096
Ninad,C:\Users\main\Frentzen\Project\ISD\training_images_augmented_v2\Ninad\aug_vid0_frame00321_geometric_0068.jpg,enrollment,vid0_frame00321
Ninad,C:\Users\main\Frentzen\Project\ISD\training_images_augmented_v2\Ninad\aug_vid0_frame00321_rain_0004.jpg,enrollment,vid0_frame00321
Ninad,C:\Users\main\Frentzen\Project\ISD\training_images_augmented_v2\Ninad\raw_vid0_frame00321.jpg,enrollment,vid0_frame00321
Ninad,C:\Users\main\Frentzen\Project\ISD\training_images_augmented_v2\Ninad\aug_vid0_frame00327_geometric_0026.jpg,enrollment,vid0_frame00327
Ninad,C:\Users\main\Frentzen\Project\ISD\training_images_augmented_v2\Ninad\aug_vid0_frame00327_geometric_0179.jpg,enrollment,vid0_frame00327
Ninad,C:\Users\main\Frentzen\Project\ISD\training_images_augmented_v2\Ninad\aug_vid0_frame00327_occlusion_0082.jpg,enrollment,vid0_frame00327
Ninad,C:\Users\main\Frentzen\Project\ISD\training_images_augmented_v2\Ninad\raw_vid0_frame00327.jpg,enrollment,vid0_frame00327
Ninad,C:\Users\main\Frentzen\Project\ISD\training_images_augmented_v2\Ninad\aug_vid0_frame00420_geometric_0331.jpg,enrollment,vid0_frame00420
Ninad,C:\Users\main\Frentzen\Project\ISD\training_images_augmented_v2\Ninad\aug_vid0_frame00420_snow_0390.jpg,enrollment,vid0_frame00420
Ninad,C:\Users\main\Frentzen\Project\ISD\training_images_augmented_v2\Ninad\raw_vid0_frame00420.jpg,enrollment,vid0_frame00420
Ninad,C:\Users\main\Frentzen\Project\ISD\training_images_augmented_v2\Ninad\aug_vid0_frame00249_combined_0282.jpg,enrollment,vid0_frame00249
Ninad,C:\Users\main\Frentzen\Project\ISD\training_images_augmented_v2\Ninad\aug_vid0_frame00249_photometric_0085.jpg,enrollment,vid0_frame00249
Ninad,C:\Users\main\Frentzen\Project\ISD\training_images_augmented_v2\Ninad\aug_vid0_frame00249_photometric_0154.jpg,enrollment,vid0_frame00249
Ninad,C:\Users\main\Frentzen\Project\ISD\training_images_augmented_v2\Ninad\aug_vid0_frame00249_photometric_0342.jpg,enrollment,vid0_frame00249
Ninad,C:\Users\main\Frentzen\Project\ISD\training_images_augmented_v2\Ninad\raw_vid0_frame00249.jpg,enrollment,vid0_frame00249
Ninad,C:\Users\main\Frentzen\Project\ISD\training_images_augmented_v2\Ninad\aug_vid0_frame00138_geometric_0062.jpg,enrollment,vid0_frame00138
Ninad,C:\Users\main\Frentzen\Project\ISD\training_images_augmented_v2\Ninad\aug_vid0_frame00138_occlusion_0151.jpg,enrollment,vid0_frame00138
Ninad,C:\Users\main\Frentzen\Project\ISD\training_images_augmented_v2\Ninad\aug_vid0_frame00138_photometric_0232.jpg,enrollment,vid0_frame00138
Ninad,C:\Users\main\Frentzen\Project\ISD\training_images_augmented_v2\Ninad\raw_vid0_frame00138.jpg,enrollment,vid0_frame00138
Ninad,C:\Users\main\Frentzen\Project\ISD\training_images_augmented_v2\Ninad\raw_vid0_frame00201.jpg,enrollment,vid0_frame00201
Ninad,C:\Users\main\Frentzen\Project\ISD\training_images_augmented_v2\Ninad\raw_vid0_frame00402.jpg,enrollment,vid0_frame00402
Ninad,C:\Users\main\Frentzen\Project\ISD\training_images_augmented_v2\Ninad\aug_vid0_frame00261_combined_0337.jpg,enrollment,vid0_frame00261
Ninad,C:\Users\main\Frentzen\Project\ISD\training_images_augmented_v2\Ninad\aug_vid0_frame00261_fog_0146.jpg,enrollment,vid0_frame00261
Ninad,C:\Users\main\Frentzen\Project\ISD\training_images_augmented_v2\Ninad\aug_vid0_frame00261_geometric_0089.jpg,enrollment,vid0_frame00261
Ninad,C:\Users\main\Frentzen\Project\ISD\training_images_augmented_v2\Ninad\raw_vid0_frame00261.jpg,enrollment,vid0_frame00261
Ninad,C:\Users\main\Frentzen\Project\ISD\training_images_augmented_v2\Ninad\aug_vid0_frame00033_combined_0339.jpg,enrollment,vid0_frame00033
Ninad,C:\Users\main\Frentzen\Project\ISD\training_images_augmented_v2\Ninad\aug_vid0_frame00033_geometric_0053.jpg,enrollment,vid0_frame00033
Ninad,C:\Users\main\Frentzen\Project\ISD\training_images_augmented_v2\Ninad\raw_vid0_frame00033.jpg,enrollment,vid0_frame00033
Ninad,C:\Users\main\Frentzen\Project\ISD\training_images_augmented_v2\Ninad\aug_vid0_frame00177_geometric_0120.jpg,enrollment,vid0_frame00177
Ninad,C:\Users\main\Frentzen\Project\ISD\training_images_augmented_v2\Ninad\aug_vid0_frame00177_geometric_0150.jpg,enrollment,vid0_frame00177
Ninad,C:\Users\main\Frentzen\Project\ISD\training_images_augmented_v2\Ninad\aug_vid0_frame00177_occlusion_0126.jpg,enrollment,vid0_frame00177
Ninad,C:\Users\main\Frentzen\Project\ISD\training_images_augmented_v2\Ninad\aug_vid0_frame00177_occlusion_0360.jpg,enrollment,vid0_frame00177
Ninad,C:\Users\main\Frentzen\Project\ISD\training_images_augmented_v2\Ninad\aug_vid0_frame00177_rain_0094.jpg,enrollment,vid0_frame00177
Ninad,C:\Users\main\Frentzen\Project\ISD\training_images_augmented_v2\Ninad\raw_vid0_frame00177.jpg,enrollment,vid0_frame00177
Ninad,C:\Users\main\Frentzen\Project\ISD\training_images_augmented_v2\Ninad\raw_vid0_frame00282.jpg,enrollment,vid0_frame00282
Ninad,C:\Users\main\Frentzen\Project\ISD\training_images_augmented_v2\Ninad\aug_vid0_frame00318_combined_0108.jpg,enrollment,vid0_frame00318
Ninad,C:\Users\main\Frentzen\Project\ISD\training_images_augmented_v2\Ninad\aug_vid0_frame00318_geometric_0324.jpg,enrollment,vid0_frame00318
Ninad,C:\Users\main\Frentzen\Project\ISD\training_images_augmented_v2\Ninad\aug_vid0_frame00318_photometric_0407.jpg,enrollment,vid0_frame00318
Ninad,C:\Users\main\Frentzen\Project\ISD\training_images_augmented_v2\Ninad\raw_vid0_frame00318.jpg,enrollment,vid0_frame00318
Ninad,C:\Users\main\Frentzen\Project\ISD\training_images_augmented_v2\Ninad\aug_vid0_frame00132_combined_0124.jpg,enrollment,vid0_frame00132
Ninad,C:\Users\main\Frentzen\Project\ISD\training_images_augmented_v2\Ninad\aug_vid0_frame00132_geometric_0207.jpg,enrollment,vid0_frame00132
Ninad,C:\Users\main\Frentzen\Project\ISD\training_images_augmented_v2\Ninad\aug_vid0_frame00132_geometric_0214.jpg,enrollment,vid0_frame00132
Ninad,C:\Users\main\Frentzen\Project\ISD\training_images_augmented_v2\Ninad\aug_vid0_frame00132_snow_0367.jpg,enrollment,vid0_frame00132
Ninad,C:\Users\main\Frentzen\Project\ISD\training_images_augmented_v2\Ninad\raw_vid0_frame00132.jpg,enrollment,vid0_frame00132
Ninad,C:\Users\main\Frentzen\Project\ISD\training_images_augmented_v2\Ninad\aug_vid0_frame00216_combined_0256.jpg,enrollment,vid0_frame00216
Ninad,C:\Users\main\Frentzen\Project\ISD\training_images_augmented_v2\Ninad\aug_vid0_frame00216_fog_0058.jpg,enrollment,vid0_frame00216
Ninad,C:\Users\main\Frentzen\Project\ISD\training_images_augmented_v2\Ninad\aug_vid0_frame00216_geometric_0266.jpg,enrollment,vid0_frame00216
Ninad,C:\Users\main\Frentzen\Project\ISD\training_images_augmented_v2\Ninad\aug_vid0_frame00216_rain_0017.jpg,enrollment,vid0_frame00216
Ninad,C:\Users\main\Frentzen\Project\ISD\training_images_augmented_v2\Ninad\aug_vid0_frame00216_snow_0001.jpg,enrollment,vid0_frame00216
Ninad,C:\Users\main\Frentzen\Project\ISD\training_images_augmented_v2\Ninad\raw_vid0_frame00216.jpg,enrollment,vid0_frame00216
Ninad,C:\Users\main\Frentzen\Project\ISD\training_images_augmented_v2\Ninad\aug_vid0_frame00054_combined_0361.jpg,enrollment,vid0_frame00054
Ninad,C:\Users\main\Frentzen\Project\ISD\training_images_augmented_v2\Ninad\aug_vid0_frame00054_geometric_0011.jpg,enrollment,vid0_frame00054
Ninad,C:\Users\main\Frentzen\Project\ISD\training_images_augmented_v2\Ninad\aug_vid0_frame00054_occlusion_0358.jpg,enrollment,vid0_frame00054
Ninad,C:\Users\main\Frentzen\Project\ISD\training_images_augmented_v2\Ninad\aug_vid0_frame00054_rain_0024.jpg,enrollment,vid0_frame00054
Ninad,C:\Users\main\Frentzen\Project\ISD\training_images_augmented_v2\Ninad\raw_vid0_frame00054.jpg,enrollment,vid0_frame00054
Ninad,C:\Users\main\Frentzen\Project\ISD\training_images_augmented_v2\Ninad\raw_vid0_frame00387.jpg,enrollment,vid0_frame00387
Ninad,C:\Users\main\Frentzen\Project\ISD\training_images_augmented_v2\Ninad\aug_vid0_frame00243_geometric_0174.jpg,enrollment,vid0_frame00243
Ninad,C:\Users\main\Frentzen\Project\ISD\training_images_augmented_v2\Ninad\raw_vid0_frame00243.jpg,enrollment,vid0_frame00243
Ninad,C:\Users\main\Frentzen\Project\ISD\training_images_augmented_v2\Ninad\raw_vid0_frame00330.jpg,enrollment,vid0_frame00330
Ninad,C:\Users\main\Frentzen\Project\ISD\training_images_augmented_v2\Ninad\aug_vid0_frame00315_occlusion_0403.jpg,enrollment,vid0_frame00315
Ninad,C:\Users\main\Frentzen\Project\ISD\training_images_augmented_v2\Ninad\aug_vid0_frame00315_photometric_0141.jpg,enrollment,vid0_frame00315
Ninad,C:\Users\main\Frentzen\Project\ISD\training_images_augmented_v2\Ninad\aug_vid0_frame00315_photometric_0275.jpg,enrollment,vid0_frame00315
Ninad,C:\Users\main\Frentzen\Project\ISD\training_images_augmented_v2\Ninad\aug_vid0_frame00315_rain_0442.jpg,enrollment,vid0_frame00315
Ninad,C:\Users\main\Frentzen\Project\ISD\training_images_augmented_v2\Ninad\raw_vid0_frame00315.jpg,enrollment,vid0_frame00315
Ninad,C:\Users\main\Frentzen\Project\ISD\training_images_augmented_v2\Ninad\aug_vid0_frame00027_fog_0260.jpg,enrollment,vid0_frame00027
Ninad,C:\Users\main\Frentzen\Project\ISD\training_images_augmented_v2\Ninad\raw_vid0_frame00027.jpg,enrollment,vid0_frame00027
Ninad,C:\Users\main\Frentzen\Project\ISD\training_images_augmented_v2\Ninad\aug_vid0_frame00117_photometric_0296.jpg,enrollment,vid0_frame00117
Ninad,C:\Users\main\Frentzen\Project\ISD\training_images_augmented_v2\Ninad\aug_vid0_frame00117_photometric_0401.jpg,enrollment,vid0_frame00117
Ninad,C:\Users\main\Frentzen\Project\ISD\training_images_augmented_v2\Ninad\aug_vid0_frame00117_photometric_0418.jpg,enrollment,vid0_frame00117
Ninad,C:\Users\main\Frentzen\Project\ISD\training_images_augmented_v2\Ninad\raw_vid0_frame00117.jpg,enrollment,vid0_frame00117
Ninad,C:\Users\main\Frentzen\Project\ISD\training_images_augmented_v2\Ninad\aug_vid0_frame00036_photometric_0134.jpg,enrollment,vid0_frame00036
Ninad,C:\Users\main\Frentzen\Project\ISD\training_images_augmented_v2\Ninad\aug_vid0_frame00036_snow_0351.jpg,enrollment,vid0_frame00036
Ninad,C:\Users\main\Frentzen\Project\ISD\training_images_augmented_v2\Ninad\raw_vid0_frame00036.jpg,enrollment,vid0_frame00036
Ninad,C:\Users\main\Frentzen\Project\ISD\training_images_augmented_v2\Ninad\aug_vid0_frame00045_geometric_0268.jpg,enrollment,vid0_frame00045
Ninad,C:\Users\main\Frentzen\Project\ISD\training_images_augmented_v2\Ninad\aug_vid0_frame00045_geometric_0448.jpg,enrollment,vid0_frame00045
Ninad,C:\Users\main\Frentzen\Project\ISD\training_images_augmented_v2\Ninad\aug_vid0_frame00045_snow_0199.jpg,enrollment,vid0_frame00045
Ninad,C:\Users\main\Frentzen\Project\ISD\training_images_augmented_v2\Ninad\raw_vid0_frame00045.jpg,enrollment,vid0_frame00045
Ninad,C:\Users\main\Frentzen\Project\ISD\training_images_augmented_v2\Ninad\aug_vid0_frame00267_photometric_0044.jpg,enrollment,vid0_frame00267
Ninad,C:\Users\main\Frentzen\Project\ISD\training_images_augmented_v2\Ninad\aug_vid0_frame00267_rain_0083.jpg,enrollment,vid0_frame00267
Ninad,C:\Users\main\Frentzen\Project\ISD\training_images_augmented_v2\Ninad\raw_vid0_frame00267.jpg,enrollment,vid0_frame00267
Ninad,C:\Users\main\Frentzen\Project\ISD\training_images_augmented_v2\Ninad\aug_vid0_frame00444_combined_0035.jpg,enrollment,vid0_frame00444
Ninad,C:\Users\main\Frentzen\Project\ISD\training_images_augmented_v2\Ninad\aug_vid0_frame00444_combined_0048.jpg,enrollment,vid0_frame00444
Ninad,C:\Users\main\Frentzen\Project\ISD\training_images_augmented_v2\Ninad\aug_vid0_frame00444_geometric_0269.jpg,enrollment,vid0_frame00444
Ninad,C:\Users\main\Frentzen\Project\ISD\training_images_augmented_v2\Ninad\raw_vid0_frame00444.jpg,enrollment,vid0_frame00444
Ninad,C:\Users\main\Frentzen\Project\ISD\training_images_augmented_v2\Ninad\aug_vid0_frame00264_rain_0102.jpg,enrollment,vid0_frame00264
Ninad,C:\Users\main\Frentzen\Project\ISD\training_images_augmented_v2\Ninad\aug_vid0_frame00264_rain_0193.jpg,enrollment,vid0_frame00264
Ninad,C:\Users\main\Frentzen\Project\ISD\training_images_augmented_v2\Ninad\raw_vid0_frame00264.jpg,enrollment,vid0_frame00264
Ninad,C:\Users\main\Frentzen\Project\ISD\training_images_augmented_v2\Ninad\aug_vid0_frame00012_combined_0056.jpg,enrollment,vid0_frame00012
Ninad,C:\Users\main\Frentzen\Project\ISD\training_images_augmented_v2\Ninad\aug_vid0_frame00012_combined_0144.jpg,enrollment,vid0_frame00012
Ninad,C:\Users\main\Frentzen\Project\ISD\training_images_augmented_v2\Ninad\aug_vid0_frame00012_combined_0322.jpg,enrollment,vid0_frame00012
Ninad,C:\Users\main\Frentzen\Project\ISD\training_images_augmented_v2\Ninad\aug_vid0_frame00012_occlusion_0147.jpg,enrollment,vid0_frame00012
Ninad,C:\Users\main\Frentzen\Project\ISD\training_images_augmented_v2\Ninad\aug_vid0_frame00012_photometric_0129.jpg,enrollment,vid0_frame00012
Ninad,C:\Users\main\Frentzen\Project\ISD\training_images_augmented_v2\Ninad\aug_vid0_frame00012_photometric_0248.jpg,enrollment,vid0_frame00012
Ninad,C:\Users\main\Frentzen\Project\ISD\training_images_augmented_v2\Ninad\aug_vid0_frame00012_rain_0189.jpg,enrollment,vid0_frame00012
Ninad,C:\Users\main\Frentzen\Project\ISD\training_images_augmented_v2\Ninad\raw_vid0_frame00012.jpg,enrollment,vid0_frame00012
Ninad,C:\Users\main\Frentzen\Project\ISD\training_images_augmented_v2\Ninad\aug_vid0_frame00207_combined_0191.jpg,enrollment,vid0_frame00207
Ninad,C:\Users\main\Frentzen\Project\ISD\training_images_augmented_v2\Ninad\aug_vid0_frame00207_combined_0334.jpg,enrollment,vid0_frame00207
Ninad,C:\Users\main\Frentzen\Project\ISD\training_images_augmented_v2\Ninad\aug_vid0_frame00207_photometric_0276.jpg,enrollment,vid0_frame00207
Ninad,C:\Users\main\Frentzen\Project\ISD\training_images_augmented_v2\Ninad\raw_vid0_frame00207.jpg,enrollment,vid0_frame00207
Ninad,C:\Users\main\Frentzen\Project\ISD\training_images_augmented_v2\Ninad\aug_vid0_frame00042_geometric_0283.jpg,enrollment,vid0_frame00042
Ninad,C:\Users\main\Frentzen\Project\ISD\training_images_augmented_v2\Ninad\aug_vid0_frame00042_photometric_0158.jpg,enrollment,vid0_frame00042
Ninad,C:\Users\main\Frentzen\Project\ISD\training_images_augmented_v2\Ninad\aug_vid0_frame00042_rain_0155.jpg,enrollment,vid0_frame00042
Ninad,C:\Users\main\Frentzen\Project\ISD\training_images_augmented_v2\Ninad\raw_vid0_frame00042.jpg,enrollment,vid0_frame00042
Ninad,C:\Users\main\Frentzen\Project\ISD\training_images_augmented_v2\Ninad\aug_vid0_frame00066_geometric_0340.jpg,enrollment,vid0_frame00066
Ninad,C:\Users\main\Frentzen\Project\ISD\training_images_augmented_v2\Ninad\aug_vid0_frame00066_geometric_0424.jpg,enrollment,vid0_frame00066
Ninad,C:\Users\main\Frentzen\Project\ISD\training_images_augmented_v2\Ninad\aug_vid0_frame00066_occlusion_0063.jpg,enrollment,vid0_frame00066
Ninad,C:\Users\main\Frentzen\Project\ISD\training_images_augmented_v2\Ninad\aug_vid0_frame00066_photometric_0133.jpg,enrollment,vid0_frame00066
Ninad,C:\Users\main\Frentzen\Project\ISD\training_images_augmented_v2\Ninad\aug_vid0_frame00066_photometric_0240.jpg,enrollment,vid0_frame00066
Ninad,C:\Users\main\Frentzen\Project\ISD\training_images_augmented_v2\Ninad\raw_vid0_frame00066.jpg,enrollment,vid0_frame00066
Ninad,C:\Users\main\Frentzen\Project\ISD\training_images_augmented_v2\Ninad\aug_vid0_frame00336_combined_0045.jpg,enrollment,vid0_frame00336
Ninad,C:\Users\main\Frentzen\Project\ISD\training_images_augmented_v2\Ninad\aug_vid0_frame00336_combined_0132.jpg,enrollment,vid0_frame00336
Ninad,C:\Users\main\Frentzen\Project\ISD\training_images_augmented_v2\Ninad\aug_vid0_frame00336_combined_0211.jpg,enrollment,vid0_frame00336
Ninad,C:\Users\main\Frentzen\Project\ISD\training_images_augmented_v2\Ninad\aug_vid0_frame00336_occlusion_0025.jpg,enrollment,vid0_frame00336
Ninad,C:\Users\main\Frentzen\Project\ISD\training_images_augmented_v2\Ninad\aug_vid0_frame00336_occlusion_0178.jpg,enrollment,vid0_frame00336
Ninad,C:\Users\main\Frentzen\Project\ISD\training_images_augmented_v2\Ninad\raw_vid0_frame00336.jpg,enrollment,vid0_frame00336
Ninad,C:\Users\main\Frentzen\Project\ISD\training_images_augmented_v2\Ninad\aug_vid0_frame00408_combined_0113.jpg,enrollment,vid0_frame00408
Ninad,C:\Users\main\Frentzen\Project\ISD\training_images_augmented_v2\Ninad\aug_vid0_frame00408_occlusion_0190.jpg,enrollment,vid0_frame00408
Ninad,C:\Users\main\Frentzen\Project\ISD\training_images_augmented_v2\Ninad\aug_vid0_frame00408_rain_0107.jpg,enrollment,vid0_frame00408
Ninad,C:\Users\main\Frentzen\Project\ISD\training_images_augmented_v2\Ninad\raw_vid0_frame00408.jpg,enrollment,vid0_frame00408
Ninad,C:\Users\main\Frentzen\Project\ISD\training_images_augmented_v2\Ninad\aug_vid0_frame00141_fog_0090.jpg,enrollment,vid0_frame00141
Ninad,C:\Users\main\Frentzen\Project\ISD\training_images_augmented_v2\Ninad\aug_vid0_frame00141_photometric_0152.jpg,enrollment,vid0_frame00141
Ninad,C:\Users\main\Frentzen\Project\ISD\training_images_augmented_v2\Ninad\aug_vid0_frame00141_rain_0019.jpg,enrollment,vid0_frame00141
Ninad,C:\Users\main\Frentzen\Project\ISD\training_images_augmented_v2\Ninad\raw_vid0_frame00141.jpg,enrollment,vid0_frame00141
Ninad,C:\Users\main\Frentzen\Project\ISD\training_images_augmented_v2\Ninad\aug_vid0_frame00003_photometric_0088.jpg,enrollment,vid0_frame00003
Ninad,C:\Users\main\Frentzen\Project\ISD\training_images_augmented_v2\Ninad\raw_vid0_frame00003.jpg,enrollment,vid0_frame00003
Ninad,C:\Users\main\Frentzen\Project\ISD\training_images_augmented_v2\Ninad\aug_vid0_frame00090_combined_0170.jpg,enrollment,vid0_frame00090
Ninad,C:\Users\main\Frentzen\Project\ISD\training_images_augmented_v2\Ninad\raw_vid0_frame00090.jpg,enrollment,vid0_frame00090
Ninad,C:\Users\main\Frentzen\Project\ISD\training_images_augmented_v2\Ninad\aug_vid0_frame00015_snow_0131.jpg,enrollment,vid0_frame00015
Ninad,C:\Users\main\Frentzen\Project\ISD\training_images_augmented_v2\Ninad\raw_vid0_frame00015.jpg,enrollment,vid0_frame00015
Ninad,C:\Users\main\Frentzen\Project\ISD\training_images_augmented_v2\Ninad\aug_vid0_frame00252_combined_0341.jpg,enrollment,vid0_frame00252
Ninad,C:\Users\main\Frentzen\Project\ISD\training_images_augmented_v2\Ninad\aug_vid0_frame00252_combined_0350.jpg,enrollment,vid0_frame00252
Ninad,C:\Users\main\Frentzen\Project\ISD\training_images_augmented_v2\Ninad\aug_vid0_frame00252_geometric_0071.jpg,enrollment,vid0_frame00252
Ninad,C:\Users\main\Frentzen\Project\ISD\training_images_augmented_v2\Ninad\aug_vid0_frame00252_occlusion_0054.jpg,enrollment,vid0_frame00252
Ninad,C:\Users\main\Frentzen\Project\ISD\training_images_augmented_v2\Ninad\aug_vid0_frame00252_photometric_0235.jpg,enrollment,vid0_frame00252
Ninad,C:\Users\main\Frentzen\Project\ISD\training_images_augmented_v2\Ninad\aug_vid0_frame00252_snow_0356.jpg,enrollment,vid0_frame00252
Ninad,C:\Users\main\Frentzen\Project\ISD\training_images_augmented_v2\Ninad\raw_vid0_frame00252.jpg,enrollment,vid0_frame00252
Ninad,C:\Users\main\Frentzen\Project\ISD\training_images_augmented_v2\Ninad\aug_vid0_frame00366_combined_0067.jpg,enrollment,vid0_frame00366
Ninad,C:\Users\main\Frentzen\Project\ISD\training_images_augmented_v2\Ninad\aug_vid0_frame00366_combined_0303.jpg,enrollment,vid0_frame00366
Ninad,C:\Users\main\Frentzen\Project\ISD\training_images_augmented_v2\Ninad\aug_vid0_frame00366_fog_0422.jpg,enrollment,vid0_frame00366
Ninad,C:\Users\main\Frentzen\Project\ISD\training_images_augmented_v2\Ninad\aug_vid0_frame00366_geometric_0366.jpg,enrollment,vid0_frame00366
Ninad,C:\Users\main\Frentzen\Project\ISD\training_images_augmented_v2\Ninad\aug_vid0_frame00366_occlusion_0348.jpg,enrollment,vid0_frame00366
Ninad,C:\Users\main\Frentzen\Project\ISD\training_images_augmented_v2\Ninad\raw_vid0_frame00366.jpg,enrollment,vid0_frame00366
Ninad,C:\Users\main\Frentzen\Project\ISD\training_images_augmented_v2\Ninad\aug_vid0_frame00354_combined_0140.jpg,enrollment,vid0_frame00354
Ninad,C:\Users\main\Frentzen\Project\ISD\training_images_augmented_v2\Ninad\aug_vid0_frame00354_occlusion_0008.jpg,enrollment,vid0_frame00354
Ninad,C:\Users\main\Frentzen\Project\ISD\training_images_augmented_v2\Ninad\aug_vid0_frame00354_occlusion_0093.jpg,enrollment,vid0_frame00354
Ninad,C:\Users\main\Frentzen\Project\ISD\training_images_augmented_v2\Ninad\raw_vid0_frame00354.jpg,enrollment,vid0_frame00354
Ninad,C:\Users\main\Frentzen\Project\ISD\training_images_augmented_v2\Ninad\aug_vid0_frame00297_geometric_0121.jpg,enrollment,vid0_frame00297
Ninad,C:\Users\main\Frentzen\Project\ISD\training_images_augmented_v2\Ninad\aug_vid0_frame00297_geometric_0277.jpg,enrollment,vid0_frame00297
Ninad,C:\Users\main\Frentzen\Project\ISD\training_images_augmented_v2\Ninad\aug_vid0_frame00297_photometric_0031.jpg,enrollment,vid0_frame00297
Ninad,C:\Users\main\Frentzen\Project\ISD\training_images_augmented_v2\Ninad\aug_vid0_frame00297_photometric_0294.jpg,enrollment,vid0_frame00297
Ninad,C:\Users\main\Frentzen\Project\ISD\training_images_augmented_v2\Ninad\raw_vid0_frame00297.jpg,enrollment,vid0_frame00297
Ninad,C:\Users\main\Frentzen\Project\ISD\training_images_augmented_v2\Ninad\aug_vid0_frame00447_combined_0253.jpg,enrollment,vid0_frame00447
Ninad,C:\Users\main\Frentzen\Project\ISD\training_images_augmented_v2\Ninad\aug_vid0_frame00447_geometric_0388.jpg,enrollment,vid0_frame00447
Ninad,C:\Users\main\Frentzen\Project\ISD\training_images_augmented_v2\Ninad\aug_vid0_frame00447_geometric_0437.jpg,enrollment,vid0_frame00447
Ninad,C:\Users\main\Frentzen\Project\ISD\training_images_augmented_v2\Ninad\aug_vid0_frame00447_photometric_0410.jpg,enrollment,vid0_frame00447
Ninad,C:\Users\main\Frentzen\Project\ISD\training_images_augmented_v2\Ninad\raw_vid0_frame00447.jpg,enrollment,vid0_frame00447
Ninad,C:\Users\main\Frentzen\Project\ISD\training_images_augmented_v2\Ninad\aug_vid0_frame00072_geometric_0072.jpg,enrollment,vid0_frame00072
Ninad,C:\Users\main\Frentzen\Project\ISD\training_images_augmented_v2\Ninad\aug_vid0_frame00072_rain_0443.jpg,enrollment,vid0_frame00072
Ninad,C:\Users\main\Frentzen\Project\ISD\training_images_augmented_v2\Ninad\aug_vid0_frame00072_snow_0415.jpg,enrollment,vid0_frame00072
Ninad,C:\Users\main\Frentzen\Project\ISD\training_images_augmented_v2\Ninad\raw_vid0_frame00072.jpg,enrollment,vid0_frame00072
Ninad,C:\Users\main\Frentzen\Project\ISD\training_images_augmented_v2\Ninad\aug_vid0_frame00174_photometric_0220.jpg,enrollment,vid0_frame00174
Ninad,C:\Users\main\Frentzen\Project\ISD\training_images_augmented_v2\Ninad\aug_vid0_frame00174_rain_0095.jpg,enrollment,vid0_frame00174
Ninad,C:\Users\main\Frentzen\Project\ISD\training_images_augmented_v2\Ninad\aug_vid0_frame00174_rain_0387.jpg,enrollment,vid0_frame00174
Ninad,C:\Users\main\Frentzen\Project\ISD\training_images_augmented_v2\Ninad\raw_vid0_frame00174.jpg,enrollment,vid0_frame00174
Ninad,C:\Users\main\Frentzen\Project\ISD\training_images_augmented_v2\Ninad\aug_vid0_frame00210_occlusion_0225.jpg,enrollment,vid0_frame00210
Ninad,C:\Users\main\Frentzen\Project\ISD\training_images_augmented_v2\Ninad\aug_vid0_frame00210_occlusion_0421.jpg,enrollment,vid0_frame00210
Ninad,C:\Users\main\Frentzen\Project\ISD\training_images_augmented_v2\Ninad\raw_vid0_frame00210.jpg,enrollment,vid0_frame00210
Ninad,C:\Users\main\Frentzen\Project\ISD\training_images_augmented_v2\Ninad\aug_vid0_frame00426_occlusion_0408.jpg,enrollment,vid0_frame00426
Ninad,C:\Users\main\Frentzen\Project\ISD\training_images_augmented_v2\Ninad\aug_vid0_frame00426_photometric_0119.jpg,enrollment,vid0_frame00426
Ninad,C:\Users\main\Frentzen\Project\ISD\training_images_augmented_v2\Ninad\raw_vid0_frame00426.jpg,enrollment,vid0_frame00426
Ninad,C:\Users\main\Frentzen\Project\ISD\training_images_augmented_v2\Ninad\aug_vid0_frame00423_combined_0393.jpg,enrollment,vid0_frame00423
Ninad,C:\Users\main\Frentzen\Project\ISD\training_images_augmented_v2\Ninad\aug_vid0_frame00423_fog_0330.jpg,enrollment,vid0_frame00423
Ninad,C:\Users\main\Frentzen\Project\ISD\training_images_augmented_v2\Ninad\aug_vid0_frame00423_occlusion_0213.jpg,enrollment,vid0_frame00423
Ninad,C:\Users\main\Frentzen\Project\ISD\training_images_augmented_v2\Ninad\raw_vid0_frame00423.jpg,enrollment,vid0_frame00423
Ninad,C:\Users\main\Frentzen\Project\ISD\training_images_augmented_v2\Ninad\aug_vid0_frame00087_geometric_0070.jpg,enrollment,vid0_frame00087
Ninad,C:\Users\main\Frentzen\Project\ISD\training_images_augmented_v2\Ninad\aug_vid0_frame00087_geometric_0441.jpg,enrollment,vid0_frame00087
Ninad,C:\Users\main\Frentzen\Project\ISD\training_images_augmented_v2\Ninad\aug_vid0_frame00087_photometric_0069.jpg,enrollment,vid0_frame00087
Ninad,C:\Users\main\Frentzen\Project\ISD\training_images_augmented_v2\Ninad\raw_vid0_frame00087.jpg,enrollment,vid0_frame00087
Ninad,C:\Users\main\Frentzen\Project\ISD\training_images_augmented_v2\Ninad\aug_vid0_frame00396_fog_0032.jpg,enrollment,vid0_frame00396
Ninad,C:\Users\main\Frentzen\Project\ISD\training_images_augmented_v2\Ninad\raw_vid0_frame00396.jpg,enrollment,vid0_frame00396
Ninad,C:\Users\main\Frentzen\Project\ISD\training_images_augmented_v2\Ninad\aug_vid0_frame00123_combined_0326.jpg,enrollment,vid0_frame00123
Ninad,C:\Users\main\Frentzen\Project\ISD\training_images_augmented_v2\Ninad\aug_vid0_frame00123_geometric_0217.jpg,enrollment,vid0_frame00123
Ninad,C:\Users\main\Frentzen\Project\ISD\training_images_augmented_v2\Ninad\raw_vid0_frame00123.jpg,enrollment,vid0_frame00123
Ninad,C:\Users\main\Frentzen\Project\ISD\training_images_augmented_v2\Ninad\aug_vid0_frame00333_geometric_0104.jpg,enrollment,vid0_frame00333
Ninad,C:\Users\main\Frentzen\Project\ISD\training_images_augmented_v2\Ninad\aug_vid0_frame00333_photometric_0176.jpg,enrollment,vid0_frame00333
Ninad,C:\Users\main\Frentzen\Project\ISD\training_images_augmented_v2\Ninad\aug_vid0_frame00333_rain_0343.jpg,enrollment,vid0_frame00333
Ninad,C:\Users\main\Frentzen\Project\ISD\training_images_augmented_v2\Ninad\raw_vid0_frame00333.jpg,enrollment,vid0_frame00333
Ninad,C:\Users\main\Frentzen\Project\ISD\training_images_augmented_v2\Ninad\aug_vid0_frame00099_combined_0087.jpg,enrollment,vid0_frame00099
Ninad,C:\Users\main\Frentzen\Project\ISD\training_images_augmented_v2\Ninad\aug_vid0_frame00099_geometric_0285.jpg,enrollment,vid0_frame00099
Ninad,C:\Users\main\Frentzen\Project\ISD\training_images_augmented_v2\Ninad\aug_vid0_frame00099_photometric_0238.jpg,enrollment,vid0_frame00099
Ninad,C:\Users\main\Frentzen\Project\ISD\training_images_augmented_v2\Ninad\aug_vid0_frame00099_snow_0229.jpg,enrollment,vid0_frame00099
Ninad,C:\Users\main\Frentzen\Project\ISD\training_images_augmented_v2\Ninad\raw_vid0_frame00099.jpg,enrollment,vid0_frame00099
Ninad,C:\Users\main\Frentzen\Project\ISD\training_images_augmented_v2\Ninad\aug_vid0_frame00018_photometric_0098.jpg,enrollment,vid0_frame00018
Ninad,C:\Users\main\Frentzen\Project\ISD\training_images_augmented_v2\Ninad\aug_vid0_frame00018_rain_0028.jpg,enrollment,vid0_frame00018
Ninad,C:\Users\main\Frentzen\Project\ISD\training_images_augmented_v2\Ninad\raw_vid0_frame00018.jpg,enrollment,vid0_frame00018
Ninad,C:\Users\main\Frentzen\Project\ISD\training_images_augmented_v2\Ninad\aug_vid0_frame00069_occlusion_0127.jpg,enrollment,vid0_frame00069
Ninad,C:\Users\main\Frentzen\Project\ISD\training_images_augmented_v2\Ninad\aug_vid0_frame00069_occlusion_0137.jpg,enrollment,vid0_frame00069
Ninad,C:\Users\main\Frentzen\Project\ISD\training_images_augmented_v2\Ninad\aug_vid0_frame00069_rain_0086.jpg,enrollment,vid0_frame00069
Ninad,C:\Users\main\Frentzen\Project\ISD\training_images_augmented_v2\Ninad\aug_vid0_frame00069_rain_0128.jpg,enrollment,vid0_frame00069
Ninad,C:\Users\main\Frentzen\Project\ISD\training_images_augmented_v2\Ninad\raw_vid0_frame00069.jpg,enrollment,vid0_frame00069
Ninad,C:\Users\main\Frentzen\Project\ISD\training_images_augmented_v2\Ninad\aug_vid0_frame00255_combined_0181.jpg,enrollment,vid0_frame00255
Ninad,C:\Users\main\Frentzen\Project\ISD\training_images_augmented_v2\Ninad\aug_vid0_frame00255_geometric_0020.jpg,enrollment,vid0_frame00255
Ninad,C:\Users\main\Frentzen\Project\ISD\training_images_augmented_v2\Ninad\aug_vid0_frame00255_geometric_0172.jpg,enrollment,vid0_frame00255
Ninad,C:\Users\main\Frentzen\Project\ISD\training_images_augmented_v2\Ninad\aug_vid0_frame00255_snow_0208.jpg,enrollment,vid0_frame00255
Ninad,C:\Users\main\Frentzen\Project\ISD\training_images_augmented_v2\Ninad\raw_vid0_frame00255.jpg,enrollment,vid0_frame00255
Ninad,C:\Users\main\Frentzen\Project\ISD\training_images_augmented_v2\Ninad\aug_vid0_frame00051_geometric_0227.jpg,enrollment,vid0_frame00051
Ninad,C:\Users\main\Frentzen\Project\ISD\training_images_augmented_v2\Ninad\aug_vid0_frame00051_photometric_0148.jpg,enrollment,vid0_frame00051
Ninad,C:\Users\main\Frentzen\Project\ISD\training_images_augmented_v2\Ninad\aug_vid0_frame00051_photometric_0409.jpg,enrollment,vid0_frame00051
Ninad,C:\Users\main\Frentzen\Project\ISD\training_images_augmented_v2\Ninad\raw_vid0_frame00051.jpg,enrollment,vid0_frame00051
Ninad,C:\Users\main\Frentzen\Project\ISD\training_images_augmented_v2\Ninad\aug_vid0_frame00168_combined_0267.jpg,enrollment,vid0_frame00168
Ninad,C:\Users\main\Frentzen\Project\ISD\training_images_augmented_v2\Ninad\aug_vid0_frame00168_geometric_0002.jpg,enrollment,vid0_frame00168
Ninad,C:\Users\main\Frentzen\Project\ISD\training_images_augmented_v2\Ninad\aug_vid0_frame00168_rain_0135.jpg,enrollment,vid0_frame00168
Ninad,C:\Users\main\Frentzen\Project\ISD\training_images_augmented_v2\Ninad\raw_vid0_frame00168.jpg,enrollment,vid0_frame00168
Ninad,C:\Users\main\Frentzen\Project\ISD\training_images_augmented_v2\Ninad\aug_vid0_frame00030_combined_0039.jpg,enrollment,vid0_frame00030
Ninad,C:\Users\main\Frentzen\Project\ISD\training_images_augmented_v2\Ninad\aug_vid0_frame00030_fog_0384.jpg,enrollment,vid0_frame00030
Ninad,C:\Users\main\Frentzen\Project\ISD\training_images_augmented_v2\Ninad\aug_vid0_frame00030_occlusion_0007.jpg,enrollment,vid0_frame00030
Ninad,C:\Users\main\Frentzen\Project\ISD\training_images_augmented_v2\Ninad\aug_vid0_frame00030_snow_0321.jpg,enrollment,vid0_frame00030
Ninad,C:\Users\main\Frentzen\Project\ISD\training_images_augmented_v2\Ninad\aug_vid0_frame00030_snow_0398.jpg,enrollment,vid0_frame00030
Ninad,C:\Users\main\Frentzen\Project\ISD\training_images_augmented_v2\Ninad\raw_vid0_frame00030.jpg,enrollment,vid0_frame00030
Ninad,C:\Users\main\Frentzen\Project\ISD\training_images_augmented_v2\Ninad\aug_vid0_frame00294_combined_0302.jpg,enrollment,vid0_frame00294
Ninad,C:\Users\main\Frentzen\Project\ISD\training_images_augmented_v2\Ninad\aug_vid0_frame00294_combined_0378.jpg,enrollment,vid0_frame00294
Ninad,C:\Users\main\Frentzen\Project\ISD\training_images_augmented_v2\Ninad\aug_vid0_frame00294_occlusion_0142.jpg,enrollment,vid0_frame00294
Ninad,C:\Users\main\Frentzen\Project\ISD\training_images_augmented_v2\Ninad\aug_vid0_frame00294_photometric_0034.jpg,enrollment,vid0_frame00294
Ninad,C:\Users\main\Frentzen\Project\ISD\training_images_augmented_v2\Ninad\raw_vid0_frame00294.jpg,enrollment,vid0_frame00294
Ninad,C:\Users\main\Frentzen\Project\ISD\training_images_augmented_v2\Ninad\aug_vid0_frame00231_combined_0308.jpg,enrollment,vid0_frame00231
Ninad,C:\Users\main\Frentzen\Project\ISD\training_images_augmented_v2\Ninad\aug_vid0_frame00231_geometric_0333.jpg,enrollment,vid0_frame00231
Ninad,C:\Users\main\Frentzen\Project\ISD\training_images_augmented_v2\Ninad\raw_vid0_frame00231.jpg,enrollment,vid0_frame00231
Ninad,C:\Users\main\Frentzen\Project\ISD\training_images_augmented_v2\Ninad\aug_vid0_frame00240_geometric_0186.jpg,validation,vid0_frame00240
Ninad,C:\Users\main\Frentzen\Project\ISD\training_images_augmented_v2\Ninad\raw_vid0_frame00240.jpg,validation,vid0_frame00240
Ninad,C:\Users\main\Frentzen\Project\ISD\training_images_augmented_v2\Ninad\aug_vid0_frame00150_geometric_0037.jpg,validation,vid0_frame00150
Ninad,C:\Users\main\Frentzen\Project\ISD\training_images_augmented_v2\Ninad\aug_vid0_frame00150_geometric_0292.jpg,validation,vid0_frame00150
Ninad,C:\Users\main\Frentzen\Project\ISD\training_images_augmented_v2\Ninad\aug_vid0_frame00150_occlusion_0338.jpg,validation,vid0_frame00150
Ninad,C:\Users\main\Frentzen\Project\ISD\training_images_augmented_v2\Ninad\raw_vid0_frame00150.jpg,validation,vid0_frame00150
Ninad,C:\Users\main\Frentzen\Project\ISD\training_images_augmented_v2\Ninad\aug_vid0_frame00429_geometric_0318.jpg,validation,vid0_frame00429
Ninad,C:\Users\main\Frentzen\Project\ISD\training_images_augmented_v2\Ninad\aug_vid0_frame00429_occlusion_0077.jpg,validation,vid0_frame00429
Ninad,C:\Users\main\Frentzen\Project\ISD\training_images_augmented_v2\Ninad\aug_vid0_frame00429_photometric_0105.jpg,validation,vid0_frame00429
Ninad,C:\Users\main\Frentzen\Project\ISD\training_images_augmented_v2\Ninad\aug_vid0_frame00429_photometric_0263.jpg,validation,vid0_frame00429
Ninad,C:\Users\main\Frentzen\Project\ISD\training_images_augmented_v2\Ninad\aug_vid0_frame00429_photometric_0311.jpg,validation,vid0_frame00429
Ninad,C:\Users\main\Frentzen\Project\ISD\training_images_augmented_v2\Ninad\raw_vid0_frame00429.jpg,validation,vid0_frame00429
Ninad,C:\Users\main\Frentzen\Project\ISD\training_images_augmented_v2\Ninad\aug_vid0_frame00303_combined_0073.jpg,validation,vid0_frame00303
Ninad,C:\Users\main\Frentzen\Project\ISD\training_images_augmented_v2\Ninad\aug_vid0_frame00303_fog_0315.jpg,validation,vid0_frame00303
Ninad,C:\Users\main\Frentzen\Project\ISD\training_images_augmented_v2\Ninad\aug_vid0_frame00303_snow_0182.jpg,validation,vid0_frame00303
Ninad,C:\Users\main\Frentzen\Project\ISD\training_images_augmented_v2\Ninad\raw_vid0_frame00303.jpg,validation,vid0_frame00303
Ninad,C:\Users\main\Frentzen\Project\ISD\training_images_augmented_v2\Ninad\aug_vid0_frame00048_combined_0166.jpg,validation,vid0_frame00048
Ninad,C:\Users\main\Frentzen\Project\ISD\training_images_augmented_v2\Ninad\aug_vid0_frame00048_geometric_0092.jpg,validation,vid0_frame00048
Ninad,C:\Users\main\Frentzen\Project\ISD\training_images_augmented_v2\Ninad\aug_vid0_frame00048_photometric_0038.jpg,validation,vid0_frame00048
Ninad,C:\Users\main\Frentzen\Project\ISD\training_images_augmented_v2\Ninad\raw_vid0_frame00048.jpg,validation,vid0_frame00048
Ninad,C:\Users\main\Frentzen\Project\ISD\training_images_augmented_v2\Ninad\aug_vid0_frame00375_photometric_0164.jpg,validation,vid0_frame00375
Ninad,C:\Users\main\Frentzen\Project\ISD\training_images_augmented_v2\Ninad\aug_vid0_frame00375_photometric_0223.jpg,validation,vid0_frame00375
Ninad,C:\Users\main\Frentzen\Project\ISD\training_images_augmented_v2\Ninad\aug_vid0_frame00375_snow_0264.jpg,validation,vid0_frame00375
Ninad,C:\Users\main\Frentzen\Project\ISD\training_images_augmented_v2\Ninad\raw_vid0_frame00375.jpg,validation,vid0_frame00375
Ninad,C:\Users\main\Frentzen\Project\ISD\training_images_augmented_v2\Ninad\aug_vid0_frame00063_fog_0159.jpg,validation,vid0_frame00063
Ninad,C:\Users\main\Frentzen\Project\ISD\training_images_augmented_v2\Ninad\aug_vid0_frame00063_geometric_0080.jpg,validation,vid0_frame00063
Ninad,C:\Users\main\Frentzen\Project\ISD\training_images_augmented_v2\Ninad\aug_vid0_frame00063_geometric_0210.jpg,validation,vid0_frame00063
Ninad,C:\Users\main\Frentzen\Project\ISD\training_images_augmented_v2\Ninad\aug_vid0_frame00063_photometric_0381.jpg,validation,vid0_frame00063
Ninad,C:\Users\main\Frentzen\Project\ISD\training_images_augmented_v2\Ninad\aug_vid0_frame00063_rain_0312.jpg,validation,vid0_frame00063
Ninad,C:\Users\main\Frentzen\Project\ISD\training_images_augmented_v2\Ninad\raw_vid0_frame00063.jpg,validation,vid0_frame00063
Ninad,C:\Users\main\Frentzen\Project\ISD\training_images_augmented_v2\Ninad\aug_vid0_frame00156_photometric_0257.jpg,validation,vid0_frame00156
Ninad,C:\Users\main\Frentzen\Project\ISD\training_images_augmented_v2\Ninad\raw_vid0_frame00156.jpg,validation,vid0_frame00156
Ninad,C:\Users\main\Frentzen\Project\ISD\training_images_augmented_v2\Ninad\aug_vid0_frame00129_combined_0320.jpg,validation,vid0_frame00129
Ninad,C:\Users\main\Frentzen\Project\ISD\training_images_augmented_v2\Ninad\aug_vid0_frame00129_occlusion_0427.jpg,validation,vid0_frame00129
Ninad,C:\Users\main\Frentzen\Project\ISD\training_images_augmented_v2\Ninad\raw_vid0_frame00129.jpg,validation,vid0_frame00129
Ninad,C:\Users\main\Frentzen\Project\ISD\training_images_augmented_v2\Ninad\aug_vid0_frame00339_combined_0101.jpg,validation,vid0_frame00339
Ninad,C:\Users\main\Frentzen\Project\ISD\training_images_augmented_v2\Ninad\raw_vid0_frame00339.jpg,validation,vid0_frame00339
Ninad,C:\Users\main\Frentzen\Project\ISD\training_images_augmented_v2\Ninad\aug_vid0_frame00009_geometric_0265.jpg,validation,vid0_frame00009
Ninad,C:\Users\main\Frentzen\Project\ISD\training_images_augmented_v2\Ninad\aug_vid0_frame00009_photometric_0065.jpg,validation,vid0_frame00009
Ninad,C:\Users\main\Frentzen\Project\ISD\training_images_augmented_v2\Ninad\aug_vid0_frame00009_snow_0236.jpg,validation,vid0_frame00009
Ninad,C:\Users\main\Frentzen\Project\ISD\training_images_augmented_v2\Ninad\raw_vid0_frame00009.jpg,validation,vid0_frame00009
Ninad,C:\Users\main\Frentzen\Project\ISD\training_images_augmented_v2\Ninad\aug_vid0_frame00399_combined_0252.jpg,validation,vid0_frame00399
Ninad,C:\Users\main\Frentzen\Project\ISD\training_images_augmented_v2\Ninad\aug_vid0_frame00399_combined_0396.jpg,validation,vid0_frame00399
Ninad,C:\Users\main\Frentzen\Project\ISD\training_images_augmented_v2\Ninad\aug_vid0_frame00399_geometric_0036.jpg,validation,vid0_frame00399
Ninad,C:\Users\main\Frentzen\Project\ISD\training_images_augmented_v2\Ninad\aug_vid0_frame00399_geometric_0197.jpg,validation,vid0_frame00399
Ninad,C:\Users\main\Frentzen\Project\ISD\training_images_augmented_v2\Ninad\aug_vid0_frame00399_geometric_0310.jpg,validation,vid0_frame00399
Ninad,C:\Users\main\Frentzen\Project\ISD\training_images_augmented_v2\Ninad\aug_vid0_frame00399_geometric_0373.jpg,validation,vid0_frame00399
Ninad,C:\Users\main\Frentzen\Project\ISD\training_images_augmented_v2\Ninad\raw_vid0_frame00399.jpg,validation,vid0_frame00399
Ninad,C:\Users\main\Frentzen\Project\ISD\training_images_augmented_v2\Ninad\aug_vid0_frame00171_combined_0249.jpg,validation,vid0_frame00171
Ninad,C:\Users\main\Frentzen\Project\ISD\training_images_augmented_v2\Ninad\aug_vid0_frame00171_fog_0272.jpg,validation,vid0_frame00171
Ninad,C:\Users\main\Frentzen\Project\ISD\training_images_augmented_v2\Ninad\aug_vid0_frame00171_fog_0404.jpg,validation,vid0_frame00171
Ninad,C:\Users\main\Frentzen\Project\ISD\training_images_augmented_v2\Ninad\aug_vid0_frame00171_photometric_0270.jpg,validation,vid0_frame00171
Ninad,C:\Users\main\Frentzen\Project\ISD\training_images_augmented_v2\Ninad\raw_vid0_frame00171.jpg,validation,vid0_frame00171
Ninad,C:\Users\main\Frentzen\Project\ISD\training_images_augmented_v2\Ninad\aug_vid0_frame00102_combined_0329.jpg,validation,vid0_frame00102
Ninad,C:\Users\main\Frentzen\Project\ISD\training_images_augmented_v2\Ninad\aug_vid0_frame00102_geometric_0195.jpg,validation,vid0_frame00102
Ninad,C:\Users\main\Frentzen\Project\ISD\training_images_augmented_v2\Ninad\aug_vid0_frame00102_occlusion_0374.jpg,validation,vid0_frame00102
Ninad,C:\Users\main\Frentzen\Project\ISD\training_images_augmented_v2\Ninad\aug_vid0_frame00102_photometric_0076.jpg,validation,vid0_frame00102
Ninad,C:\Users\main\Frentzen\Project\ISD\training_images_augmented_v2\Ninad\aug_vid0_frame00102_photometric_0145.jpg,validation,vid0_frame00102
Ninad,C:\Users\main\Frentzen\Project\ISD\training_images_augmented_v2\Ninad\raw_vid0_frame00102.jpg,validation,vid0_frame00102
Ninad,C:\Users\main\Frentzen\Project\ISD\training_images_augmented_v2\Ninad\aug_vid0_frame00291_combined_0059.jpg,validation,vid0_frame00291
Ninad,C:\Users\main\Frentzen\Project\ISD\training_images_augmented_v2\Ninad\aug_vid0_frame00291_combined_0287.jpg,validation,vid0_frame00291
Ninad,C:\Users\main\Frentzen\Project\ISD\training_images_augmented_v2\Ninad\aug_vid0_frame00291_geometric_0221.jpg,validation,vid0_frame00291
Ninad,C:\Users\main\Frentzen\Project\ISD\training_images_augmented_v2\Ninad\aug_vid0_frame00291_geometric_0357.jpg,validation,vid0_frame00291
Ninad,C:\Users\main\Frentzen\Project\ISD\training_images_augmented_v2\Ninad\aug_vid0_frame00291_photometric_0397.jpg,validation,vid0_frame00291
Ninad,C:\Users\main\Frentzen\Project\ISD\training_images_augmented_v2\Ninad\aug_vid0_frame00291_snow_0436.jpg,validation,vid0_frame00291
Ninad,C:\Users\main\Frentzen\Project\ISD\training_images_augmented_v2\Ninad\raw_vid0_frame00291.jpg,validation,vid0_frame00291
Ninad,C:\Users\main\Frentzen\Project\ISD\training_images_augmented_v2\Ninad\aug_vid0_frame00198_combined_0379.jpg,validation,vid0_frame00198
Ninad,C:\Users\main\Frentzen\Project\ISD\training_images_augmented_v2\Ninad\aug_vid0_frame00198_geometric_0064.jpg,validation,vid0_frame00198
Ninad,C:\Users\main\Frentzen\Project\ISD\training_images_augmented_v2\Ninad\aug_vid0_frame00198_photometric_0194.jpg,validation,vid0_frame00198
Ninad,C:\Users\main\Frentzen\Project\ISD\training_images_augmented_v2\Ninad\aug_vid0_frame00198_photometric_0234.jpg,validation,vid0_frame00198
Ninad,C:\Users\main\Frentzen\Project\ISD\training_images_augmented_v2\Ninad\raw_vid0_frame00198.jpg,validation,vid0_frame00198
Ninad,C:\Users\main\Frentzen\Project\ISD\training_images_augmented_v2\Ninad\aug_vid0_frame00084_combined_0112.jpg,validation,vid0_frame00084
Ninad,C:\Users\main\Frentzen\Project\ISD\training_images_augmented_v2\Ninad\aug_vid0_frame00084_combined_0177.jpg,validation,vid0_frame00084
Ninad,C:\Users\main\Frentzen\Project\ISD\training_images_augmented_v2\Ninad\aug_vid0_frame00084_fog_0231.jpg,validation,vid0_frame00084
Ninad,C:\Users\main\Frentzen\Project\ISD\training_images_augmented_v2\Ninad\aug_vid0_frame00084_photometric_0382.jpg,validation,vid0_frame00084
Ninad,C:\Users\main\Frentzen\Project\ISD\training_images_augmented_v2\Ninad\raw_vid0_frame00084.jpg,validation,vid0_frame00084
Ninad,C:\Users\main\Frentzen\Project\ISD\training_images_augmented_v2\Ninad\aug_vid0_frame00246_combined_0169.jpg,validation,vid0_frame00246
Ninad,C:\Users\main\Frentzen\Project\ISD\training_images_augmented_v2\Ninad\raw_vid0_frame00246.jpg,validation,vid0_frame00246
Ninad,C:\Users\main\Frentzen\Project\ISD\training_images_augmented_v2\Ninad\aug_vid0_frame00378_photometric_0171.jpg,validation,vid0_frame00378
Ninad,C:\Users\main\Frentzen\Project\ISD\training_images_augmented_v2\Ninad\aug_vid0_frame00378_photometric_0344.jpg,validation,vid0_frame00378
Ninad,C:\Users\main\Frentzen\Project\ISD\training_images_augmented_v2\Ninad\raw_vid0_frame00378.jpg,validation,vid0_frame00378
Ninad,C:\Users\main\Frentzen\Project\ISD\training_images_augmented_v2\Ninad\aug_vid0_frame00300_combined_0414.jpg,validation,vid0_frame00300
Ninad,C:\Users\main\Frentzen\Project\ISD\training_images_augmented_v2\Ninad\aug_vid0_frame00300_geometric_0423.jpg,validation,vid0_frame00300
Ninad,C:\Users\main\Frentzen\Project\ISD\training_images_augmented_v2\Ninad\aug_vid0_frame00300_occlusion_0184.jpg,validation,vid0_frame00300
Ninad,C:\Users\main\Frentzen\Project\ISD\training_images_augmented_v2\Ninad\aug_vid0_frame00300_photometric_0205.jpg,validation,vid0_frame00300
Ninad,C:\Users\main\Frentzen\Project\ISD\training_images_augmented_v2\Ninad\aug_vid0_frame00300_rain_0413.jpg,validation,vid0_frame00300
Ninad,C:\Users\main\Frentzen\Project\ISD\training_images_augmented_v2\Ninad\raw_vid0_frame00300.jpg,validation,vid0_frame00300
Ninad,C:\Users\main\Frentzen\Project\ISD\training_images_augmented_v2\Ninad\aug_vid0_frame00219_geometric_0286.jpg,validation,vid0_frame00219
Ninad,C:\Users\main\Frentzen\Project\ISD\training_images_augmented_v2\Ninad\aug_vid0_frame00219_photometric_0411.jpg,validation,vid0_frame00219
Ninad,C:\Users\main\Frentzen\Project\ISD\training_images_augmented_v2\Ninad\aug_vid0_frame00219_rain_0153.jpg,validation,vid0_frame00219
Ninad,C:\Users\main\Frentzen\Project\ISD\training_images_augmented_v2\Ninad\aug_vid0_frame00219_snow_0013.jpg,validation,vid0_frame00219
Ninad,C:\Users\main\Frentzen\Project\ISD\training_images_augmented_v2\Ninad\raw_vid0_frame00219.jpg,validation,vid0_frame00219
Ninad,C:\Users\main\Frentzen\Project\ISD\training_images_augmented_v2\Ninad\aug_vid0_frame00360_occlusion_0297.jpg,validation,vid0_frame00360
Ninad,C:\Users\main\Frentzen\Project\ISD\training_images_augmented_v2\Ninad\aug_vid0_frame00360_photometric_0136.jpg,validation,vid0_frame00360
Ninad,C:\Users\main\Frentzen\Project\ISD\training_images_augmented_v2\Ninad\raw_vid0_frame00360.jpg,validation,vid0_frame00360
Ninad,C:\Users\main\Frentzen\Project\ISD\training_images_augmented_v2\Ninad\aug_vid0_frame00357_geometric_0319.jpg,validation,vid0_frame00357
Ninad,C:\Users\main\Frentzen\Project\ISD\training_images_augmented_v2\Ninad\aug_vid0_frame00357_rain_0233.jpg,validation,vid0_frame00357
Ninad,C:\Users\main\Frentzen\Project\ISD\training_images_augmented_v2\Ninad\aug_vid0_frame00357_snow_0079.jpg,validation,vid0_frame00357
Ninad,C:\Users\main\Frentzen\Project\ISD\training_images_augmented_v2\Ninad\raw_vid0_frame00357.jpg,validation,vid0_frame00357
Ninad,C:\Users\main\Frentzen\Project\ISD\training_images_augmented_v2\Ninad\aug_vid0_frame00306_combined_0251.jpg,validation,vid0_frame00306
Ninad,C:\Users\main\Frentzen\Project\ISD\training_images_augmented_v2\Ninad\aug_vid0_frame00306_geometric_0425.jpg,validation,vid0_frame00306
Ninad,C:\Users\main\Frentzen\Project\ISD\training_images_augmented_v2\Ninad\aug_vid0_frame00306_rain_0222.jpg,validation,vid0_frame00306
Ninad,C:\Users\main\Frentzen\Project\ISD\training_images_augmented_v2\Ninad\raw_vid0_frame00306.jpg,validation,vid0_frame00306
Ninad,C:\Users\main\Frentzen\Project\ISD\training_images_augmented_v2\Ninad\aug_vid0_frame00417_geometric_0204.jpg,validation,vid0_frame00417
Ninad,C:\Users\main\Frentzen\Project\ISD\training_images_augmented_v2\Ninad\aug_vid0_frame00417_geometric_0314.jpg,validation,vid0_frame00417
Ninad,C:\Users\main\Frentzen\Project\ISD\training_images_augmented_v2\Ninad\aug_vid0_frame00417_photometric_0046.jpg,validation,vid0_frame00417
Ninad,C:\Users\main\Frentzen\Project\ISD\training_images_augmented_v2\Ninad\raw_vid0_frame00417.jpg,validation,vid0_frame00417
Ninad,C:\Users\main\Frentzen\Project\ISD\training_images_augmented_v2\Ninad\aug_vid0_frame00135_occlusion_0434.jpg,validation,vid0_frame00135
Ninad,C:\Users\main\Frentzen\Project\ISD\training_images_augmented_v2\Ninad\aug_vid0_frame00135_photometric_0394.jpg,validation,vid0_frame00135
Ninad,C:\Users\main\Frentzen\Project\ISD\training_images_augmented_v2\Ninad\aug_vid0_frame00135_photometric_0449.jpg,validation,vid0_frame00135
Ninad,C:\Users\main\Frentzen\Project\ISD\training_images_augmented_v2\Ninad\raw_vid0_frame00135.jpg,validation,vid0_frame00135
Ninad,C:\Users\main\Frentzen\Project\ISD\training_images_augmented_v2\Ninad\aug_vid0_frame00000_photometric_0139.jpg,validation,vid0_frame00000
Ninad,C:\Users\main\Frentzen\Project\ISD\training_images_augmented_v2\Ninad\aug_vid0_frame00000_rain_0447.jpg,validation,vid0_frame00000
Ninad,C:\Users\main\Frentzen\Project\ISD\training_images_augmented_v2\Ninad\raw_vid0_frame00000.jpg,validation,vid0_frame00000
Ninad,C:\Users\main\Frentzen\Project\ISD\training_images_augmented_v2\Ninad\raw_vid0_frame00153.jpg,validation,vid0_frame00153
Ninad,C:\Users\main\Frentzen\Project\ISD\training_images_augmented_v2\Ninad\aug_vid0_frame00144_geometric_0386.jpg,validation,vid0_frame00144
Ninad,C:\Users\main\Frentzen\Project\ISD\training_images_augmented_v2\Ninad\aug_vid0_frame00144_photometric_0042.jpg,validation,vid0_frame00144
Ninad,C:\Users\main\Frentzen\Project\ISD\training_images_augmented_v2\Ninad\raw_vid0_frame00144.jpg,validation,vid0_frame00144
Ninad,C:\Users\main\Frentzen\Project\ISD\training_images_augmented_v2\Ninad\aug_vid0_frame00438_combined_0347.jpg,validation,vid0_frame00438
Ninad,C:\Users\main\Frentzen\Project\ISD\training_images_augmented_v2\Ninad\aug_vid0_frame00438_geometric_0416.jpg,validation,vid0_frame00438
Ninad,C:\Users\main\Frentzen\Project\ISD\training_images_augmented_v2\Ninad\aug_vid0_frame00438_geometric_0439.jpg,validation,vid0_frame00438
Ninad,C:\Users\main\Frentzen\Project\ISD\training_images_augmented_v2\Ninad\aug_vid0_frame00438_occlusion_0116.jpg,validation,vid0_frame00438
Ninad,C:\Users\main\Frentzen\Project\ISD\training_images_augmented_v2\Ninad\raw_vid0_frame00438.jpg,validation,vid0_frame00438
Ninad,C:\Users\main\Frentzen\Project\ISD\training_images_augmented_v2\Ninad\aug_vid0_frame00309_fog_0301.jpg,validation,vid0_frame00309
Ninad,C:\Users\main\Frentzen\Project\ISD\training_images_augmented_v2\Ninad\aug_vid0_frame00309_geometric_0336.jpg,validation,vid0_frame00309
Ninad,C:\Users\main\Frentzen\Project\ISD\training_images_augmented_v2\Ninad\raw_vid0_frame00309.jpg,validation,vid0_frame00309
Ninad,C:\Users\main\Frentzen\Project\ISD\training_images_augmented_v2\Ninad\aug_vid0_frame00006_photometric_0103.jpg,validation,vid0_frame00006
Ninad,C:\Users\main\Frentzen\Project\ISD\training_images_augmented_v2\Ninad\aug_vid0_frame00006_photometric_0206.jpg,validation,vid0_frame00006
Ninad,C:\Users\main\Frentzen\Project\ISD\training_images_augmented_v2\Ninad\aug_vid0_frame00006_snow_0123.jpg,validation,vid0_frame00006
Ninad,C:\Users\main\Frentzen\Project\ISD\training_images_augmented_v2\Ninad\aug_vid0_frame00006_snow_0163.jpg,validation,vid0_frame00006
Ninad,C:\Users\main\Frentzen\Project\ISD\training_images_augmented_v2\Ninad\aug_vid0_frame00006_snow_0180.jpg,validation,vid0_frame00006
Ninad,C:\Users\main\Frentzen\Project\ISD\training_images_augmented_v2\Ninad\raw_vid0_frame00006.jpg,validation,vid0_frame00006
Ninad,C:\Users\main\Frentzen\Project\ISD\training_images_augmented_v2\Ninad\aug_vid0_frame00285_geometric_0327.jpg,validation,vid0_frame00285
Ninad,C:\Users\main\Frentzen\Project\ISD\training_images_augmented_v2\Ninad\aug_vid0_frame00285_occlusion_0202.jpg,validation,vid0_frame00285
Ninad,C:\Users\main\Frentzen\Project\ISD\training_images_augmented_v2\Ninad\aug_vid0_frame00285_photometric_0185.jpg,validation,vid0_frame00285
Ninad,C:\Users\main\Frentzen\Project\ISD\training_images_augmented_v2\Ninad\aug_vid0_frame00285_photometric_0188.jpg,validation,vid0_frame00285
Ninad,C:\Users\main\Frentzen\Project\ISD\training_images_augmented_v2\Ninad\raw_vid0_frame00285.jpg,validation,vid0_frame00285
Ninad,C:\Users\main\Frentzen\Project\ISD\training_images_augmented_v2\Ninad\aug_vid0_frame00237_combined_0399.jpg,validation,vid0_frame00237
Ninad,C:\Users\main\Frentzen\Project\ISD\training_images_augmented_v2\Ninad\aug_vid0_frame00237_combined_0435.jpg,validation,vid0_frame00237
Ninad,C:\Users\main\Frentzen\Project\ISD\training_images_augmented_v2\Ninad\aug_vid0_frame00237_photometric_0376.jpg,validation,vid0_frame00237
Ninad,C:\Users\main\Frentzen\Project\ISD\training_images_augmented_v2\Ninad\raw_vid0_frame00237.jpg,validation,vid0_frame00237
Ninad,C:\Users\main\Frentzen\Project\ISD\training_images_augmented_v2\Ninad\aug_vid0_frame00312_combined_0323.jpg,validation,vid0_frame00312
Ninad,C:\Users\main\Frentzen\Project\ISD\training_images_augmented_v2\Ninad\aug_vid0_frame00312_occlusion_0138.jpg,validation,vid0_frame00312
Ninad,C:\Users\main\Frentzen\Project\ISD\training_images_augmented_v2\Ninad\aug_vid0_frame00312_photometric_0173.jpg,validation,vid0_frame00312
Ninad,C:\Users\main\Frentzen\Project\ISD\training_images_augmented_v2\Ninad\raw_vid0_frame00312.jpg,validation,vid0_frame00312
Ninad,C:\Users\main\Frentzen\Project\ISD\training_images_augmented_v2\Ninad\aug_vid0_frame00411_geometric_0041.jpg,validation,vid0_frame00411
Ninad,C:\Users\main\Frentzen\Project\ISD\training_images_augmented_v2\Ninad\raw_vid0_frame00411.jpg,validation,vid0_frame00411
Ninad,C:\Users\main\Frentzen\Project\ISD\training_images_augmented_v2\Ninad\raw_vid0_frame00324.jpg,validation,vid0_frame00324
Ninad,C:\Users\main\Frentzen\Project\ISD\training_images_augmented_v2\Ninad\aug_vid0_frame00345_combined_0200.jpg,test,vid0_frame00345
Ninad,C:\Users\main\Frentzen\Project\ISD\training_images_augmented_v2\Ninad\aug_vid0_frame00345_photometric_0100.jpg,test,vid0_frame00345
Ninad,C:\Users\main\Frentzen\Project\ISD\training_images_augmented_v2\Ninad\aug_vid0_frame00345_photometric_0262.jpg,test,vid0_frame00345
Ninad,C:\Users\main\Frentzen\Project\ISD\training_images_augmented_v2\Ninad\aug_vid0_frame00345_rain_0288.jpg,test,vid0_frame00345
Ninad,C:\Users\main\Frentzen\Project\ISD\training_images_augmented_v2\Ninad\aug_vid0_frame00345_snow_0209.jpg,test,vid0_frame00345
Ninad,C:\Users\main\Frentzen\Project\ISD\training_images_augmented_v2\Ninad\raw_vid0_frame00345.jpg,test,vid0_frame00345
Ninad,C:\Users\main\Frentzen\Project\ISD\training_images_augmented_v2\Ninad\aug_vid0_frame00078_geometric_0160.jpg,test,vid0_frame00078
Ninad,C:\Users\main\Frentzen\Project\ISD\training_images_augmented_v2\Ninad\aug_vid0_frame00078_photometric_0029.jpg,test,vid0_frame00078
Ninad,C:\Users\main\Frentzen\Project\ISD\training_images_augmented_v2\Ninad\aug_vid0_frame00078_photometric_0110.jpg,test,vid0_frame00078
Ninad,C:\Users\main\Frentzen\Project\ISD\training_images_augmented_v2\Ninad\aug_vid0_frame00078_snow_0161.jpg,test,vid0_frame00078
Ninad,C:\Users\main\Frentzen\Project\ISD\training_images_augmented_v2\Ninad\raw_vid0_frame00078.jpg,test,vid0_frame00078
Ninad,C:\Users\main\Frentzen\Project\ISD\training_images_augmented_v2\Ninad\aug_vid0_frame00021_combined_0106.jpg,test,vid0_frame00021
Ninad,C:\Users\main\Frentzen\Project\ISD\training_images_augmented_v2\Ninad\aug_vid0_frame00021_combined_0313.jpg,test,vid0_frame00021
Ninad,C:\Users\main\Frentzen\Project\ISD\training_images_augmented_v2\Ninad\aug_vid0_frame00021_combined_0438.jpg,test,vid0_frame00021
Ninad,C:\Users\main\Frentzen\Project\ISD\training_images_augmented_v2\Ninad\aug_vid0_frame00021_fog_0250.jpg,test,vid0_frame00021
Ninad,C:\Users\main\Frentzen\Project\ISD\training_images_augmented_v2\Ninad\aug_vid0_frame00021_geometric_0009.jpg,test,vid0_frame00021
Ninad,C:\Users\main\Frentzen\Project\ISD\training_images_augmented_v2\Ninad\aug_vid0_frame00021_geometric_0392.jpg,test,vid0_frame00021
Ninad,C:\Users\main\Frentzen\Project\ISD\training_images_augmented_v2\Ninad\aug_vid0_frame00021_occlusion_0075.jpg,test,vid0_frame00021
Ninad,C:\Users\main\Frentzen\Project\ISD\training_images_augmented_v2\Ninad\aug_vid0_frame00021_photometric_0040.jpg,test,vid0_frame00021
Ninad,C:\Users\main\Frentzen\Project\ISD\training_images_augmented_v2\Ninad\aug_vid0_frame00021_photometric_0239.jpg,test,vid0_frame00021
Ninad,C:\Users\main\Frentzen\Project\ISD\training_images_augmented_v2\Ninad\raw_vid0_frame00021.jpg,test,vid0_frame00021
Ninad,C:\Users\main\Frentzen\Project\ISD\training_images_augmented_v2\Ninad\aug_vid0_frame00390_combined_0316.jpg,test,vid0_frame00390
Ninad,C:\Users\main\Frentzen\Project\ISD\training_images_augmented_v2\Ninad\aug_vid0_frame00390_geometric_0049.jpg,test,vid0_frame00390
Ninad,C:\Users\main\Frentzen\Project\ISD\training_images_augmented_v2\Ninad\raw_vid0_frame00390.jpg,test,vid0_frame00390
Ninad,C:\Users\main\Frentzen\Project\ISD\training_images_augmented_v2\Ninad\aug_vid0_frame00414_geometric_0010.jpg,test,vid0_frame00414
Ninad,C:\Users\main\Frentzen\Project\ISD\training_images_augmented_v2\Ninad\aug_vid0_frame00414_geometric_0043.jpg,test,vid0_frame00414
Ninad,C:\Users\main\Frentzen\Project\ISD\training_images_augmented_v2\Ninad\raw_vid0_frame00414.jpg,test,vid0_frame00414
Ninad,C:\Users\main\Frentzen\Project\ISD\training_images_augmented_v2\Ninad\raw_vid0_frame00180.jpg,test,vid0_frame00180
Ninad,C:\Users\main\Frentzen\Project\ISD\training_images_augmented_v2\Ninad\aug_vid0_frame00126_combined_0149.jpg,test,vid0_frame00126
Ninad,C:\Users\main\Frentzen\Project\ISD\training_images_augmented_v2\Ninad\aug_vid0_frame00126_geometric_0380.jpg,test,vid0_frame00126
Ninad,C:\Users\main\Frentzen\Project\ISD\training_images_augmented_v2\Ninad\aug_vid0_frame00126_photometric_0216.jpg,test,vid0_frame00126
Ninad,C:\Users\main\Frentzen\Project\ISD\training_images_augmented_v2\Ninad\aug_vid0_frame00126_photometric_0377.jpg,test,vid0_frame00126
Ninad,C:\Users\main\Frentzen\Project\ISD\training_images_augmented_v2\Ninad\raw_vid0_frame00126.jpg,test,vid0_frame00126
Ninad,C:\Users\main\Frentzen\Project\ISD\training_images_augmented_v2\Ninad\aug_vid0_frame00159_combined_0078.jpg,test,vid0_frame00159
Ninad,C:\Users\main\Frentzen\Project\ISD\training_images_augmented_v2\Ninad\aug_vid0_frame00159_combined_0118.jpg,test,vid0_frame00159
Ninad,C:\Users\main\Frentzen\Project\ISD\training_images_augmented_v2\Ninad\aug_vid0_frame00159_photometric_0091.jpg,test,vid0_frame00159
Ninad,C:\Users\main\Frentzen\Project\ISD\training_images_augmented_v2\Ninad\aug_vid0_frame00159_snow_0114.jpg,test,vid0_frame00159
Ninad,C:\Users\main\Frentzen\Project\ISD\training_images_augmented_v2\Ninad\raw_vid0_frame00159.jpg,test,vid0_frame00159
Ninad,C:\Users\main\Frentzen\Project\ISD\training_images_augmented_v2\Ninad\aug_vid0_frame00162_geometric_0192.jpg,test,vid0_frame00162
Ninad,C:\Users\main\Frentzen\Project\ISD\training_images_augmented_v2\Ninad\aug_vid0_frame00162_geometric_0291.jpg,test,vid0_frame00162
Ninad,C:\Users\main\Frentzen\Project\ISD\training_images_augmented_v2\Ninad\aug_vid0_frame00162_photometric_0383.jpg,test,vid0_frame00162
Ninad,C:\Users\main\Frentzen\Project\ISD\training_images_augmented_v2\Ninad\aug_vid0_frame00162_rain_0300.jpg,test,vid0_frame00162
Ninad,C:\Users\main\Frentzen\Project\ISD\training_images_augmented_v2\Ninad\raw_vid0_frame00162.jpg,test,vid0_frame00162
Ninad,C:\Users\main\Frentzen\Project\ISD\training_images_augmented_v2\Ninad\aug_vid0_frame00024_photometric_0215.jpg,test,vid0_frame00024
Ninad,C:\Users\main\Frentzen\Project\ISD\training_images_augmented_v2\Ninad\raw_vid0_frame00024.jpg,test,vid0_frame00024
Ninad,C:\Users\main\Frentzen\Project\ISD\training_images_augmented_v2\Ninad\aug_vid0_frame00081_combined_0345.jpg,test,vid0_frame00081
Ninad,C:\Users\main\Frentzen\Project\ISD\training_images_augmented_v2\Ninad\aug_vid0_frame00081_combined_0446.jpg,test,vid0_frame00081
Ninad,C:\Users\main\Frentzen\Project\ISD\training_images_augmented_v2\Ninad\aug_vid0_frame00081_photometric_0015.jpg,test,vid0_frame00081
Ninad,C:\Users\main\Frentzen\Project\ISD\training_images_augmented_v2\Ninad\aug_vid0_frame00081_photometric_0030.jpg,test,vid0_frame00081
Ninad,C:\Users\main\Frentzen\Project\ISD\training_images_augmented_v2\Ninad\aug_vid0_frame00081_photometric_0130.jpg,test,vid0_frame00081
Ninad,C:\Users\main\Frentzen\Project\ISD\training_images_augmented_v2\Ninad\raw_vid0_frame00081.jpg,test,vid0_frame00081
Ninad,C:\Users\main\Frentzen\Project\ISD\training_images_augmented_v2\Ninad\aug_vid0_frame00288_combined_0363.jpg,test,vid0_frame00288
Ninad,C:\Users\main\Frentzen\Project\ISD\training_images_augmented_v2\Ninad\aug_vid0_frame00288_geometric_0280.jpg,test,vid0_frame00288
Ninad,C:\Users\main\Frentzen\Project\ISD\training_images_augmented_v2\Ninad\aug_vid0_frame00288_occlusion_0003.jpg,test,vid0_frame00288
Ninad,C:\Users\main\Frentzen\Project\ISD\training_images_augmented_v2\Ninad\aug_vid0_frame00288_rain_0309.jpg,test,vid0_frame00288
Ninad,C:\Users\main\Frentzen\Project\ISD\training_images_augmented_v2\Ninad\raw_vid0_frame00288.jpg,test,vid0_frame00288
Ninad,C:\Users\main\Frentzen\Project\ISD\training_images_augmented_v2\Ninad\aug_vid0_frame00441_fog_0317.jpg,test,vid0_frame00441
Ninad,C:\Users\main\Frentzen\Project\ISD\training_images_augmented_v2\Ninad\aug_vid0_frame00441_rain_0417.jpg,test,vid0_frame00441
Ninad,C:\Users\main\Frentzen\Project\ISD\training_images_augmented_v2\Ninad\raw_vid0_frame00441.jpg,test,vid0_frame00441
Ninad,C:\Users\main\Frentzen\Project\ISD\training_images_augmented_v2\Ninad\aug_vid0_frame00279_fog_0047.jpg,test,vid0_frame00279
Ninad,C:\Users\main\Frentzen\Project\ISD\training_images_augmented_v2\Ninad\aug_vid0_frame00279_fog_0224.jpg,test,vid0_frame00279
Ninad,C:\Users\main\Frentzen\Project\ISD\training_images_augmented_v2\Ninad\aug_vid0_frame00279_geometric_0057.jpg,test,vid0_frame00279
Ninad,C:\Users\main\Frentzen\Project\ISD\training_images_augmented_v2\Ninad\aug_vid0_frame00279_geometric_0060.jpg,test,vid0_frame00279
Ninad,C:\Users\main\Frentzen\Project\ISD\training_images_augmented_v2\Ninad\aug_vid0_frame00279_geometric_0385.jpg,test,vid0_frame00279
Ninad,C:\Users\main\Frentzen\Project\ISD\training_images_augmented_v2\Ninad\aug_vid0_frame00279_rain_0115.jpg,test,vid0_frame00279
Ninad,C:\Users\main\Frentzen\Project\ISD\training_images_augmented_v2\Ninad\raw_vid0_frame00279.jpg,test,vid0_frame00279
Ninad,C:\Users\main\Frentzen\Project\ISD\training_images_augmented_v2\Ninad\aug_vid0_frame00147_combined_0359.jpg,test,vid0_frame00147
Ninad,C:\Users\main\Frentzen\Project\ISD\training_images_augmented_v2\Ninad\aug_vid0_frame00147_geometric_0325.jpg,test,vid0_frame00147
Ninad,C:\Users\main\Frentzen\Project\ISD\training_images_augmented_v2\Ninad\aug_vid0_frame00147_occlusion_0162.jpg,test,vid0_frame00147
Ninad,C:\Users\main\Frentzen\Project\ISD\training_images_augmented_v2\Ninad\aug_vid0_frame00147_occlusion_0307.jpg,test,vid0_frame00147
Ninad,C:\Users\main\Frentzen\Project\ISD\training_images_augmented_v2\Ninad\aug_vid0_frame00147_photometric_0246.jpg,test,vid0_frame00147
Ninad,C:\Users\main\Frentzen\Project\ISD\training_images_augmented_v2\Ninad\raw_vid0_frame00147.jpg,test,vid0_frame00147
Ninad,C:\Users\main\Frentzen\Project\ISD\training_images_augmented_v2\Ninad\aug_vid0_frame00186_combined_0328.jpg,test,vid0_frame00186
Ninad,C:\Users\main\Frentzen\Project\ISD\training_images_augmented_v2\Ninad\aug_vid0_frame00186_photometric_0198.jpg,test,vid0_frame00186
Ninad,C:\Users\main\Frentzen\Project\ISD\training_images_augmented_v2\Ninad\raw_vid0_frame00186.jpg,test,vid0_frame00186
Ninad,C:\Users\main\Frentzen\Project\ISD\training_images_augmented_v2\Ninad\aug_vid0_frame00114_geometric_0000.jpg,test,vid0_frame00114
Ninad,C:\Users\main\Frentzen\Project\ISD\training_images_augmented_v2\Ninad\aug_vid0_frame00114_geometric_0021.jpg,test,vid0_frame00114
Ninad,C:\Users\main\Frentzen\Project\ISD\training_images_augmented_v2\Ninad\aug_vid0_frame00114_photometric_0074.jpg,test,vid0_frame00114
Ninad,C:\Users\main\Frentzen\Project\ISD\training_images_augmented_v2\Ninad\aug_vid0_frame00114_snow_0245.jpg,test,vid0_frame00114
Ninad,C:\Users\main\Frentzen\Project\ISD\training_images_augmented_v2\Ninad\raw_vid0_frame00114.jpg,test,vid0_frame00114
Ninad,C:\Users\main\Frentzen\Project\ISD\training_images_augmented_v2\Ninad\aug_vid0_frame00105_combined_0081.jpg,test,vid0_frame00105
Ninad,C:\Users\main\Frentzen\Project\ISD\training_images_augmented_v2\Ninad\aug_vid0_frame00105_combined_0226.jpg,test,vid0_frame00105
Ninad,C:\Users\main\Frentzen\Project\ISD\training_images_augmented_v2\Ninad\raw_vid0_frame00105.jpg,test,vid0_frame00105
Ninad,C:\Users\main\Frentzen\Project\ISD\training_images_augmented_v2\Ninad\aug_vid0_frame00060_photometric_0258.jpg,test,vid0_frame00060
Ninad,C:\Users\main\Frentzen\Project\ISD\training_images_augmented_v2\Ninad\aug_vid0_frame00060_photometric_0433.jpg,test,vid0_frame00060
Ninad,C:\Users\main\Frentzen\Project\ISD\training_images_augmented_v2\Ninad\raw_vid0_frame00060.jpg,test,vid0_frame00060
Ninad,C:\Users\main\Frentzen\Project\ISD\training_images_augmented_v2\Ninad\aug_vid0_frame00258_geometric_0281.jpg,test,vid0_frame00258
Ninad,C:\Users\main\Frentzen\Project\ISD\training_images_augmented_v2\Ninad\aug_vid0_frame00258_geometric_0365.jpg,test,vid0_frame00258
Ninad,C:\Users\main\Frentzen\Project\ISD\training_images_augmented_v2\Ninad\aug_vid0_frame00258_photometric_0016.jpg,test,vid0_frame00258
Ninad,C:\Users\main\Frentzen\Project\ISD\training_images_augmented_v2\Ninad\aug_vid0_frame00258_photometric_0402.jpg,test,vid0_frame00258
Ninad,C:\Users\main\Frentzen\Project\ISD\training_images_augmented_v2\Ninad\raw_vid0_frame00258.jpg,test,vid0_frame00258
Ninad,C:\Users\main\Frentzen\Project\ISD\training_images_augmented_v2\Ninad\aug_vid0_frame00270_combined_0293.jpg,test,vid0_frame00270
Ninad,C:\Users\main\Frentzen\Project\ISD\training_images_augmented_v2\Ninad\aug_vid0_frame00270_photometric_0247.jpg,test,vid0_frame00270
Ninad,C:\Users\main\Frentzen\Project\ISD\training_images_augmented_v2\Ninad\aug_vid0_frame00270_rain_0084.jpg,test,vid0_frame00270
Ninad,C:\Users\main\Frentzen\Project\ISD\training_images_augmented_v2\Ninad\raw_vid0_frame00270.jpg,test,vid0_frame00270
Ninad,C:\Users\main\Frentzen\Project\ISD\training_images_augmented_v2\Ninad\aug_vid0_frame00222_fog_0167.jpg,test,vid0_frame00222
Ninad,C:\Users\main\Frentzen\Project\ISD\training_images_augmented_v2\Ninad\aug_vid0_frame00222_geometric_0005.jpg,test,vid0_frame00222
Ninad,C:\Users\main\Frentzen\Project\ISD\training_images_augmented_v2\Ninad\aug_vid0_frame00222_photometric_0355.jpg,test,vid0_frame00222
Ninad,C:\Users\main\Frentzen\Project\ISD\training_images_augmented_v2\Ninad\raw_vid0_frame00222.jpg,test,vid0_frame00222
Ninad,C:\Users\main\Frentzen\Project\ISD\training_images_augmented_v2\Ninad\aug_vid0_frame00189_combined_0346.jpg,test,vid0_frame00189
Ninad,C:\Users\main\Frentzen\Project\ISD\training_images_augmented_v2\Ninad\aug_vid0_frame00189_fog_0014.jpg,test,vid0_frame00189
Ninad,C:\Users\main\Frentzen\Project\ISD\training_images_augmented_v2\Ninad\raw_vid0_frame00189.jpg,test,vid0_frame00189
Ninad,C:\Users\main\Frentzen\Project\ISD\training_images_augmented_v2\Ninad\aug_vid0_frame00234_combined_0271.jpg,test,vid0_frame00234
Ninad,C:\Users\main\Frentzen\Project\ISD\training_images_augmented_v2\Ninad\aug_vid0_frame00234_geometric_0372.jpg,test,vid0_frame00234
Ninad,C:\Users\main\Frentzen\Project\ISD\training_images_augmented_v2\Ninad\aug_vid0_frame00234_photometric_0335.jpg,test,vid0_frame00234
Ninad,C:\Users\main\Frentzen\Project\ISD\training_images_augmented_v2\Ninad\aug_vid0_frame00234_photometric_0444.jpg,test,vid0_frame00234
Ninad,C:\Users\main\Frentzen\Project\ISD\training_images_augmented_v2\Ninad\raw_vid0_frame00234.jpg,test,vid0_frame00234
Ninad,C:\Users\main\Frentzen\Project\ISD\training_images_augmented_v2\Ninad\aug_vid0_frame00057_fog_0395.jpg,test,vid0_frame00057
Ninad,C:\Users\main\Frentzen\Project\ISD\training_images_augmented_v2\Ninad\aug_vid0_frame00057_photometric_0196.jpg,test,vid0_frame00057
Ninad,C:\Users\main\Frentzen\Project\ISD\training_images_augmented_v2\Ninad\aug_vid0_frame00057_rain_0420.jpg,test,vid0_frame00057
Ninad,C:\Users\main\Frentzen\Project\ISD\training_images_augmented_v2\Ninad\raw_vid0_frame00057.jpg,test,vid0_frame00057
Ninad,C:\Users\main\Frentzen\Project\ISD\training_images_augmented_v2\Ninad\aug_vid0_frame00363_geometric_0295.jpg,test,vid0_frame00363
Ninad,C:\Users\main\Frentzen\Project\ISD\training_images_augmented_v2\Ninad\raw_vid0_frame00363.jpg,test,vid0_frame00363
Ninad,C:\Users\main\Frentzen\Project\ISD\training_images_augmented_v2\Ninad\raw_vid0_frame00192.jpg,test,vid0_frame00192
Ninad,C:\Users\main\Frentzen\Project\ISD\training_images_augmented_v2\Ninad\aug_vid0_frame00195_geometric_0400.jpg,test,vid0_frame00195
Ninad,C:\Users\main\Frentzen\Project\ISD\training_images_augmented_v2\Ninad\aug_vid0_frame00195_photometric_0255.jpg,test,vid0_frame00195
Ninad,C:\Users\main\Frentzen\Project\ISD\training_images_augmented_v2\Ninad\raw_vid0_frame00195.jpg,test,vid0_frame00195
Ninad,C:\Users\main\Frentzen\Project\ISD\training_images_augmented_v2\Ninad\aug_vid0_frame00405_geometric_0445.jpg,test,vid0_frame00405
Ninad,C:\Users\main\Frentzen\Project\ISD\training_images_augmented_v2\Ninad\raw_vid0_frame00405.jpg,test,vid0_frame00405
Ninad,C:\Users\main\Frentzen\Project\ISD\training_images_augmented_v2\Ninad\aug_vid0_frame00432_occlusion_0099.jpg,test,vid0_frame00432
Ninad,C:\Users\main\Frentzen\Project\ISD\training_images_augmented_v2\Ninad\raw_vid0_frame00432.jpg,test,vid0_frame00432
Ninad,C:\Users\main\Frentzen\Project\ISD\training_images_augmented_v2\Ninad\aug_vid0_frame00225_geometric_0391.jpg,test,vid0_frame00225
Ninad,C:\Users\main\Frentzen\Project\ISD\training_images_augmented_v2\Ninad\aug_vid0_frame00225_geometric_0406.jpg,test,vid0_frame00225
Ninad,C:\Users\main\Frentzen\Project\ISD\training_images_augmented_v2\Ninad\aug_vid0_frame00225_occlusion_0111.jpg,test,vid0_frame00225
Ninad,C:\Users\main\Frentzen\Project\ISD\training_images_augmented_v2\Ninad\raw_vid0_frame00225.jpg,test,vid0_frame00225
Ninad,C:\Users\main\Frentzen\Project\ISD\training_images_augmented_v2\Ninad\aug_vid0_frame00204_combined_0243.jpg,test,vid0_frame00204
Ninad,C:\Users\main\Frentzen\Project\ISD\training_images_augmented_v2\Ninad\aug_vid0_frame00204_geometric_0299.jpg,test,vid0_frame00204
Ninad,C:\Users\main\Frentzen\Project\ISD\training_images_augmented_v2\Ninad\aug_vid0_frame00204_photometric_0157.jpg,test,vid0_frame00204
Ninad,C:\Users\main\Frentzen\Project\ISD\training_images_augmented_v2\Ninad\aug_vid0_frame00204_photometric_0228.jpg,test,vid0_frame00204
Ninad,C:\Users\main\Frentzen\Project\ISD\training_images_augmented_v2\Ninad\aug_vid0_frame00204_photometric_0432.jpg,test,vid0_frame00204
Ninad,C:\Users\main\Frentzen\Project\ISD\training_images_augmented_v2\Ninad\aug_vid0_frame00204_snow_0055.jpg,test,vid0_frame00204
Ninad,C:\Users\main\Frentzen\Project\ISD\training_images_augmented_v2\Ninad\raw_vid0_frame00204.jpg,test,vid0_frame00204
Ninad,C:\Users\main\Frentzen\Project\ISD\training_images_augmented_v2\Ninad\aug_vid0_frame00213_geometric_0273.jpg,test,vid0_frame00213
Ninad,C:\Users\main\Frentzen\Project\ISD\training_images_augmented_v2\Ninad\aug_vid0_frame00213_rain_0027.jpg,test,vid0_frame00213
Ninad,C:\Users\main\Frentzen\Project\ISD\training_images_augmented_v2\Ninad\raw_vid0_frame00213.jpg,test,vid0_frame00213
Ninad,C:\Users\main\Frentzen\Project\ISD\training_images_augmented_v2\Ninad\aug_vid0_frame00372_geometric_0022.jpg,test,vid0_frame00372
Ninad,C:\Users\main\Frentzen\Project\ISD\training_images_augmented_v2\Ninad\aug_vid0_frame00372_photometric_0183.jpg,test,vid0_frame00372
Ninad,C:\Users\main\Frentzen\Project\ISD\training_images_augmented_v2\Ninad\raw_vid0_frame00372.jpg,test,vid0_frame00372
Ninad,C:\Users\main\Frentzen\Project\ISD\training_images_augmented_v2\Ninad\aug_vid0_frame00393_combined_0261.jpg,test,vid0_frame00393
Ninad,C:\Users\main\Frentzen\Project\ISD\training_images_augmented_v2\Ninad\aug_vid0_frame00393_geometric_0431.jpg,test,vid0_frame00393
Ninad,C:\Users\main\Frentzen\Project\ISD\training_images_augmented_v2\Ninad\aug_vid0_frame00393_occlusion_0370.jpg,test,vid0_frame00393
Ninad,C:\Users\main\Frentzen\Project\ISD\training_images_augmented_v2\Ninad\aug_vid0_frame00393_photometric_0430.jpg,test,vid0_frame00393
Ninad,C:\Users\main\Frentzen\Project\ISD\training_images_augmented_v2\Ninad\raw_vid0_frame00393.jpg,test,vid0_frame00393
Ninad,C:\Users\main\Frentzen\Project\ISD\training_images_augmented_v2\Ninad\aug_vid0_frame00120_occlusion_0362.jpg,test,vid0_frame00120
Ninad,C:\Users\main\Frentzen\Project\ISD\training_images_augmented_v2\Ninad\aug_vid0_frame00120_photometric_0050.jpg,test,vid0_frame00120
Ninad,C:\Users\main\Frentzen\Project\ISD\training_images_augmented_v2\Ninad\aug_vid0_frame00120_photometric_0168.jpg,test,vid0_frame00120
Ninad,C:\Users\main\Frentzen\Project\ISD\training_images_augmented_v2\Ninad\raw_vid0_frame00120.jpg,test,vid0_frame00120
Ninad,C:\Users\main\Frentzen\Project\ISD\training_images_augmented_v2\Ninad\aug_vid0_frame00369_geometric_0097.jpg,test,vid0_frame00369
Ninad,C:\Users\main\Frentzen\Project\ISD\training_images_augmented_v2\Ninad\aug_vid0_frame00369_photometric_0052.jpg,test,vid0_frame00369
Ninad,C:\Users\main\Frentzen\Project\ISD\training_images_augmented_v2\Ninad\aug_vid0_frame00369_photometric_0259.jpg,test,vid0_frame00369
Ninad,C:\Users\main\Frentzen\Project\ISD\training_images_augmented_v2\Ninad\aug_vid0_frame00369_photometric_0354.jpg,test,vid0_frame00369
Ninad,C:\Users\main\Frentzen\Project\ISD\training_images_augmented_v2\Ninad\aug_vid0_frame00369_photometric_0428.jpg,test,vid0_frame00369
Ninad,C:\Users\main\Frentzen\Project\ISD\training_images_augmented_v2\Ninad\raw_vid0_frame00369.jpg,test,vid0_frame00369
Ninad,C:\Users\main\Frentzen\Project\ISD\training_images_augmented_v2\Ninad\raw_vid0_frame00165.jpg,test,vid0_frame00165
Ryan,C:\Users\main\Frentzen\Project\ISD\training_images_augmented_v2\Ryan\aug_vid0_frame00178_combined_0371.jpg,enrollment,vid0_frame00178
Ryan,C:\Users\main\Frentzen\Project\ISD\training_images_augmented_v2\Ryan\aug_vid0_frame00178_geometric_0026.jpg,enrollment,vid0_frame00178
Ryan,C:\Users\main\Frentzen\Project\ISD\training_images_augmented_v2\Ryan\aug_vid0_frame00178_geometric_0187.jpg,enrollment,vid0_frame00178
Ryan,C:\Users\main\Frentzen\Project\ISD\training_images_augmented_v2\Ryan\aug_vid0_frame00178_geometric_0381.jpg,enrollment,vid0_frame00178
Ryan,C:\Users\main\Frentzen\Project\ISD\training_images_augmented_v2\Ryan\aug_vid0_frame00178_photometric_0195.jpg,enrollment,vid0_frame00178
Ryan,C:\Users\main\Frentzen\Project\ISD\training_images_augmented_v2\Ryan\raw_vid0_frame00178.jpg,enrollment,vid0_frame00178
Ryan,C:\Users\main\Frentzen\Project\ISD\training_images_augmented_v2\Ryan\aug_vid0_frame00224_combined_0310.jpg,enrollment,vid0_frame00224
Ryan,C:\Users\main\Frentzen\Project\ISD\training_images_augmented_v2\Ryan\aug_vid0_frame00224_combined_0345.jpg,enrollment,vid0_frame00224
Ryan,C:\Users\main\Frentzen\Project\ISD\training_images_augmented_v2\Ryan\aug_vid0_frame00224_occlusion_0111.jpg,enrollment,vid0_frame00224
Ryan,C:\Users\main\Frentzen\Project\ISD\training_images_augmented_v2\Ryan\aug_vid0_frame00224_occlusion_0447.jpg,enrollment,vid0_frame00224
Ryan,C:\Users\main\Frentzen\Project\ISD\training_images_augmented_v2\Ryan\aug_vid0_frame00224_photometric_0035.jpg,enrollment,vid0_frame00224
Ryan,C:\Users\main\Frentzen\Project\ISD\training_images_augmented_v2\Ryan\raw_vid0_frame00224.jpg,enrollment,vid0_frame00224
Ryan,C:\Users\main\Frentzen\Project\ISD\training_images_augmented_v2\Ryan\aug_vid0_frame00012_combined_0009.jpg,enrollment,vid0_frame00012
Ryan,C:\Users\main\Frentzen\Project\ISD\training_images_augmented_v2\Ryan\aug_vid0_frame00012_combined_0112.jpg,enrollment,vid0_frame00012
Ryan,C:\Users\main\Frentzen\Project\ISD\training_images_augmented_v2\Ryan\aug_vid0_frame00012_snow_0277.jpg,enrollment,vid0_frame00012
Ryan,C:\Users\main\Frentzen\Project\ISD\training_images_augmented_v2\Ryan\raw_vid0_frame00012.jpg,enrollment,vid0_frame00012
Ryan,C:\Users\main\Frentzen\Project\ISD\training_images_augmented_v2\Ryan\raw_vid0_frame00248.jpg,enrollment,vid0_frame00248
Ryan,C:\Users\main\Frentzen\Project\ISD\training_images_augmented_v2\Ryan\aug_vid0_frame00208_combined_0015.jpg,enrollment,vid0_frame00208
Ryan,C:\Users\main\Frentzen\Project\ISD\training_images_augmented_v2\Ryan\aug_vid0_frame00208_combined_0121.jpg,enrollment,vid0_frame00208
Ryan,C:\Users\main\Frentzen\Project\ISD\training_images_augmented_v2\Ryan\aug_vid0_frame00208_geometric_0375.jpg,enrollment,vid0_frame00208
Ryan,C:\Users\main\Frentzen\Project\ISD\training_images_augmented_v2\Ryan\aug_vid0_frame00208_occlusion_0136.jpg,enrollment,vid0_frame00208
Ryan,C:\Users\main\Frentzen\Project\ISD\training_images_augmented_v2\Ryan\aug_vid0_frame00208_photometric_0407.jpg,enrollment,vid0_frame00208
Ryan,C:\Users\main\Frentzen\Project\ISD\training_images_augmented_v2\Ryan\raw_vid0_frame00208.jpg,enrollment,vid0_frame00208
Ryan,C:\Users\main\Frentzen\Project\ISD\training_images_augmented_v2\Ryan\aug_vid0_frame00088_geometric_0131.jpg,enrollment,vid0_frame00088
Ryan,C:\Users\main\Frentzen\Project\ISD\training_images_augmented_v2\Ryan\aug_vid0_frame00088_geometric_0166.jpg,enrollment,vid0_frame00088
Ryan,C:\Users\main\Frentzen\Project\ISD\training_images_augmented_v2\Ryan\aug_vid0_frame00088_photometric_0402.jpg,enrollment,vid0_frame00088
Ryan,C:\Users\main\Frentzen\Project\ISD\training_images_augmented_v2\Ryan\raw_vid0_frame00088.jpg,enrollment,vid0_frame00088
Ryan,C:\Users\main\Frentzen\Project\ISD\training_images_augmented_v2\Ryan\aug_vid0_frame00106_geometric_0057.jpg,enrollment,vid0_frame00106
Ryan,C:\Users\main\Frentzen\Project\ISD\training_images_augmented_v2\Ryan\aug_vid0_frame00106_photometric_0208.jpg,enrollment,vid0_frame00106
Ryan,C:\Users\main\Frentzen\Project\ISD\training_images_augmented_v2\Ryan\raw_vid0_frame00106.jpg,enrollment,vid0_frame00106
Ryan,C:\Users\main\Frentzen\Project\ISD\training_images_augmented_v2\Ryan\aug_vid0_frame00080_combined_0323.jpg,enrollment,vid0_frame00080
Ryan,C:\Users\main\Frentzen\Project\ISD\training_images_augmented_v2\Ryan\aug_vid0_frame00080_fog_0364.jpg,enrollment,vid0_frame00080
Ryan,C:\Users\main\Frentzen\Project\ISD\training_images_augmented_v2\Ryan\aug_vid0_frame00080_occlusion_0393.jpg,enrollment,vid0_frame00080
Ryan,C:\Users\main\Frentzen\Project\ISD\training_images_augmented_v2\Ryan\aug_vid0_frame00080_photometric_0231.jpg,enrollment,vid0_frame00080
Ryan,C:\Users\main\Frentzen\Project\ISD\training_images_augmented_v2\Ryan\aug_vid0_frame00080_photometric_0449.jpg,enrollment,vid0_frame00080
Ryan,C:\Users\main\Frentzen\Project\ISD\training_images_augmented_v2\Ryan\raw_vid0_frame00080.jpg,enrollment,vid0_frame00080
Ryan,C:\Users\main\Frentzen\Project\ISD\training_images_augmented_v2\Ryan\raw_vid0_frame00020.jpg,enrollment,vid0_frame00020
Ryan,C:\Users\main\Frentzen\Project\ISD\training_images_augmented_v2\Ryan\aug_vid0_frame00064_combined_0059.jpg,enrollment,vid0_frame00064
Ryan,C:\Users\main\Frentzen\Project\ISD\training_images_augmented_v2\Ryan\aug_vid0_frame00064_combined_0093.jpg,enrollment,vid0_frame00064
Ryan,C:\Users\main\Frentzen\Project\ISD\training_images_augmented_v2\Ryan\aug_vid0_frame00064_geometric_0006.jpg,enrollment,vid0_frame00064
Ryan,C:\Users\main\Frentzen\Project\ISD\training_images_augmented_v2\Ryan\aug_vid0_frame00064_geometric_0052.jpg,enrollment,vid0_frame00064
Ryan,C:\Users\main\Frentzen\Project\ISD\training_images_augmented_v2\Ryan\aug_vid0_frame00064_geometric_0152.jpg,enrollment,vid0_frame00064
Ryan,C:\Users\main\Frentzen\Project\ISD\training_images_augmented_v2\Ryan\aug_vid0_frame00064_photometric_0263.jpg,enrollment,vid0_frame00064
Ryan,C:\Users\main\Frentzen\Project\ISD\training_images_augmented_v2\Ryan\aug_vid0_frame00064_snow_0372.jpg,enrollment,vid0_frame00064
Ryan,C:\Users\main\Frentzen\Project\ISD\training_images_augmented_v2\Ryan\raw_vid0_frame00064.jpg,enrollment,vid0_frame00064
Ryan,C:\Users\main\Frentzen\Project\ISD\training_images_augmented_v2\Ryan\aug_vid0_frame00116_combined_0265.jpg,enrollment,vid0_frame00116
Ryan,C:\Users\main\Frentzen\Project\ISD\training_images_augmented_v2\Ryan\aug_vid0_frame00116_geometric_0000.jpg,enrollment,vid0_frame00116
Ryan,C:\Users\main\Frentzen\Project\ISD\training_images_augmented_v2\Ryan\aug_vid0_frame00116_photometric_0293.jpg,enrollment,vid0_frame00116
Ryan,C:\Users\main\Frentzen\Project\ISD\training_images_augmented_v2\Ryan\raw_vid0_frame00116.jpg,enrollment,vid0_frame00116
Ryan,C:\Users\main\Frentzen\Project\ISD\training_images_augmented_v2\Ryan\aug_vid0_frame00122_combined_0014.jpg,enrollment,vid0_frame00122
Ryan,C:\Users\main\Frentzen\Project\ISD\training_images_augmented_v2\Ryan\aug_vid0_frame00122_geometric_0181.jpg,enrollment,vid0_frame00122
Ryan,C:\Users\main\Frentzen\Project\ISD\training_images_augmented_v2\Ryan\aug_vid0_frame00122_photometric_0129.jpg,enrollment,vid0_frame00122
Ryan,C:\Users\main\Frentzen\Project\ISD\training_images_augmented_v2\Ryan\aug_vid0_frame00122_photometric_0344.jpg,enrollment,vid0_frame00122
Ryan,C:\Users\main\Frentzen\Project\ISD\training_images_augmented_v2\Ryan\aug_vid0_frame00122_rain_0309.jpg,enrollment,vid0_frame00122
Ryan,C:\Users\main\Frentzen\Project\ISD\training_images_augmented_v2\Ryan\raw_vid0_frame00122.jpg,enrollment,vid0_frame00122
Ryan,C:\Users\main\Frentzen\Project\ISD\training_images_augmented_v2\Ryan\aug_vid0_frame00058_occlusion_0401.jpg,enrollment,vid0_frame00058
Ryan,C:\Users\main\Frentzen\Project\ISD\training_images_augmented_v2\Ryan\aug_vid0_frame00058_rain_0105.jpg,enrollment,vid0_frame00058
Ryan,C:\Users\main\Frentzen\Project\ISD\training_images_augmented_v2\Ryan\aug_vid0_frame00058_snow_0338.jpg,enrollment,vid0_frame00058
Ryan,C:\Users\main\Frentzen\Project\ISD\training_images_augmented_v2\Ryan\raw_vid0_frame00058.jpg,enrollment,vid0_frame00058
Ryan,C:\Users\main\Frentzen\Project\ISD\training_images_augmented_v2\Ryan\aug_vid0_frame00046_snow_0005.jpg,enrollment,vid0_frame00046
Ryan,C:\Users\main\Frentzen\Project\ISD\training_images_augmented_v2\Ryan\raw_vid0_frame00046.jpg,enrollment,vid0_frame00046
Ryan,C:\Users\main\Frentzen\Project\ISD\training_images_augmented_v2\Ryan\aug_vid0_frame00210_combined_0017.jpg,enrollment,vid0_frame00210
Ryan,C:\Users\main\Frentzen\Project\ISD\training_images_augmented_v2\Ryan\raw_vid0_frame00210.jpg,enrollment,vid0_frame00210
Ryan,C:\Users\main\Frentzen\Project\ISD\training_images_augmented_v2\Ryan\aug_vid0_frame00194_combined_0036.jpg,enrollment,vid0_frame00194
Ryan,C:\Users\main\Frentzen\Project\ISD\training_images_augmented_v2\Ryan\aug_vid0_frame00194_geometric_0433.jpg,enrollment,vid0_frame00194
Ryan,C:\Users\main\Frentzen\Project\ISD\training_images_augmented_v2\Ryan\aug_vid0_frame00194_photometric_0305.jpg,enrollment,vid0_frame00194
Ryan,C:\Users\main\Frentzen\Project\ISD\training_images_augmented_v2\Ryan\raw_vid0_frame00194.jpg,enrollment,vid0_frame00194
Ryan,C:\Users\main\Frentzen\Project\ISD\training_images_augmented_v2\Ryan\aug_vid0_frame00214_combined_0423.jpg,enrollment,vid0_frame00214
Ryan,C:\Users\main\Frentzen\Project\ISD\training_images_augmented_v2\Ryan\aug_vid0_frame00214_combined_0439.jpg,enrollment,vid0_frame00214
Ryan,C:\Users\main\Frentzen\Project\ISD\training_images_augmented_v2\Ryan\aug_vid0_frame00214_geometric_0197.jpg,enrollment,vid0_frame00214
Ryan,C:\Users\main\Frentzen\Project\ISD\training_images_augmented_v2\Ryan\aug_vid0_frame00214_photometric_0224.jpg,enrollment,vid0_frame00214
Ryan,C:\Users\main\Frentzen\Project\ISD\training_images_augmented_v2\Ryan\aug_vid0_frame00214_photometric_0352.jpg,enrollment,vid0_frame00214
Ryan,C:\Users\main\Frentzen\Project\ISD\training_images_augmented_v2\Ryan\aug_vid0_frame00214_photometric_0408.jpg,enrollment,vid0_frame00214
Ryan,C:\Users\main\Frentzen\Project\ISD\training_images_augmented_v2\Ryan\raw_vid0_frame00214.jpg,enrollment,vid0_frame00214
Ryan,C:\Users\main\Frentzen\Project\ISD\training_images_augmented_v2\Ryan\aug_vid0_frame00056_geometric_0149.jpg,enrollment,vid0_frame00056
Ryan,C:\Users\main\Frentzen\Project\ISD\training_images_augmented_v2\Ryan\aug_vid0_frame00056_photometric_0217.jpg,enrollment,vid0_frame00056
Ryan,C:\Users\main\Frentzen\Project\ISD\training_images_augmented_v2\Ryan\aug_vid0_frame00056_photometric_0234.jpg,enrollment,vid0_frame00056
Ryan,C:\Users\main\Frentzen\Project\ISD\training_images_augmented_v2\Ryan\aug_vid0_frame00056_photometric_0295.jpg,enrollment,vid0_frame00056
Ryan,C:\Users\main\Frentzen\Project\ISD\training_images_augmented_v2\Ryan\aug_vid0_frame00056_photometric_0298.jpg,enrollment,vid0_frame00056
Ryan,C:\Users\main\Frentzen\Project\ISD\training_images_augmented_v2\Ryan\raw_vid0_frame00056.jpg,enrollment,vid0_frame00056
Ryan,C:\Users\main\Frentzen\Project\ISD\training_images_augmented_v2\Ryan\aug_vid0_frame00198_combined_0109.jpg,enrollment,vid0_frame00198
Ryan,C:\Users\main\Frentzen\Project\ISD\training_images_augmented_v2\Ryan\aug_vid0_frame00198_photometric_0348.jpg,enrollment,vid0_frame00198
Ryan,C:\Users\main\Frentzen\Project\ISD\training_images_augmented_v2\Ryan\raw_vid0_frame00198.jpg,enrollment,vid0_frame00198
Ryan,C:\Users\main\Frentzen\Project\ISD\training_images_augmented_v2\Ryan\aug_vid0_frame00244_combined_0101.jpg,enrollment,vid0_frame00244
Ryan,C:\Users\main\Frentzen\Project\ISD\training_images_augmented_v2\Ryan\aug_vid0_frame00244_occlusion_0162.jpg,enrollment,vid0_frame00244
Ryan,C:\Users\main\Frentzen\Project\ISD\training_images_augmented_v2\Ryan\raw_vid0_frame00244.jpg,enrollment,vid0_frame00244
Ryan,C:\Users\main\Frentzen\Project\ISD\training_images_augmented_v2\Ryan\aug_vid0_frame00272_geometric_0122.jpg,enrollment,vid0_frame00272
Ryan,C:\Users\main\Frentzen\Project\ISD\training_images_augmented_v2\Ryan\raw_vid0_frame00272.jpg,enrollment,vid0_frame00272
Ryan,C:\Users\main\Frentzen\Project\ISD\training_images_augmented_v2\Ryan\aug_vid0_frame00276_geometric_0094.jpg,enrollment,vid0_frame00276
Ryan,C:\Users\main\Frentzen\Project\ISD\training_images_augmented_v2\Ryan\aug_vid0_frame00276_geometric_0341.jpg,enrollment,vid0_frame00276
Ryan,C:\Users\main\Frentzen\Project\ISD\training_images_augmented_v2\Ryan\aug_vid0_frame00276_photometric_0142.jpg,enrollment,vid0_frame00276
Ryan,C:\Users\main\Frentzen\Project\ISD\training_images_augmented_v2\Ryan\aug_vid0_frame00276_photometric_0144.jpg,enrollment,vid0_frame00276
Ryan,C:\Users\main\Frentzen\Project\ISD\training_images_augmented_v2\Ryan\aug_vid0_frame00276_photometric_0170.jpg,enrollment,vid0_frame00276
Ryan,C:\Users\main\Frentzen\Project\ISD\training_images_augmented_v2\Ryan\aug_vid0_frame00276_photometric_0270.jpg,enrollment,vid0_frame00276
Ryan,C:\Users\main\Frentzen\Project\ISD\training_images_augmented_v2\Ryan\aug_vid0_frame00276_photometric_0366.jpg,enrollment,vid0_frame00276
Ryan,C:\Users\main\Frentzen\Project\ISD\training_images_augmented_v2\Ryan\aug_vid0_frame00276_snow_0004.jpg,enrollment,vid0_frame00276
Ryan,C:\Users\main\Frentzen\Project\ISD\training_images_augmented_v2\Ryan\raw_vid0_frame00276.jpg,enrollment,vid0_frame00276
Ryan,C:\Users\main\Frentzen\Project\ISD\training_images_augmented_v2\Ryan\aug_vid0_frame00296_combined_0193.jpg,enrollment,vid0_frame00296
Ryan,C:\Users\main\Frentzen\Project\ISD\training_images_augmented_v2\Ryan\aug_vid0_frame00296_combined_0300.jpg,enrollment,vid0_frame00296
Ryan,C:\Users\main\Frentzen\Project\ISD\training_images_augmented_v2\Ryan\aug_vid0_frame00296_geometric_0141.jpg,enrollment,vid0_frame00296
Ryan,C:\Users\main\Frentzen\Project\ISD\training_images_augmented_v2\Ryan\aug_vid0_frame00296_photometric_0329.jpg,enrollment,vid0_frame00296
Ryan,C:\Users\main\Frentzen\Project\ISD\training_images_augmented_v2\Ryan\aug_vid0_frame00296_photometric_0434.jpg,enrollment,vid0_frame00296
Ryan,C:\Users\main\Frentzen\Project\ISD\training_images_augmented_v2\Ryan\raw_vid0_frame00296.jpg,enrollment,vid0_frame00296
Ryan,C:\Users\main\Frentzen\Project\ISD\training_images_augmented_v2\Ryan\aug_vid0_frame00034_geometric_0027.jpg,enrollment,vid0_frame00034
Ryan,C:\Users\main\Frentzen\Project\ISD\training_images_augmented_v2\Ryan\aug_vid0_frame00034_geometric_0110.jpg,enrollment,vid0_frame00034
Ryan,C:\Users\main\Frentzen\Project\ISD\training_images_augmented_v2\Ryan\aug_vid0_frame00034_occlusion_0252.jpg,enrollment,vid0_frame00034
Ryan,C:\Users\main\Frentzen\Project\ISD\training_images_augmented_v2\Ryan\aug_vid0_frame00034_photometric_0202.jpg,enrollment,vid0_frame00034
Ryan,C:\Users\main\Frentzen\Project\ISD\training_images_augmented_v2\Ryan\aug_vid0_frame00034_snow_0033.jpg,enrollment,vid0_frame00034
Ryan,C:\Users\main\Frentzen\Project\ISD\training_images_augmented_v2\Ryan\raw_vid0_frame00034.jpg,enrollment,vid0_frame00034
Ryan,C:\Users\main\Frentzen\Project\ISD\training_images_augmented_v2\Ryan\aug_vid0_frame00294_fog_0418.jpg,enrollment,vid0_frame00294
Ryan,C:\Users\main\Frentzen\Project\ISD\training_images_augmented_v2\Ryan\aug_vid0_frame00294_geometric_0117.jpg,enrollment,vid0_frame00294
Ryan,C:\Users\main\Frentzen\Project\ISD\training_images_augmented_v2\Ryan\aug_vid0_frame00294_photometric_0203.jpg,enrollment,vid0_frame00294
Ryan,C:\Users\main\Frentzen\Project\ISD\training_images_augmented_v2\Ryan\aug_vid0_frame00294_photometric_0242.jpg,enrollment,vid0_frame00294
Ryan,C:\Users\main\Frentzen\Project\ISD\training_images_augmented_v2\Ryan\raw_vid0_frame00294.jpg,enrollment,vid0_frame00294
Ryan,C:\Users\main\Frentzen\Project\ISD\training_images_augmented_v2\Ryan\aug_vid0_frame00180_fog_0325.jpg,enrollment,vid0_frame00180
Ryan,C:\Users\main\Frentzen\Project\ISD\training_images_augmented_v2\Ryan\aug_vid0_frame00180_occlusion_0016.jpg,enrollment,vid0_frame00180
Ryan,C:\Users\main\Frentzen\Project\ISD\training_images_augmented_v2\Ryan\raw_vid0_frame00180.jpg,enrollment,vid0_frame00180
Ryan,C:\Users\main\Frentzen\Project\ISD\training_images_augmented_v2\Ryan\aug_vid0_frame00010_photometric_0145.jpg,enrollment,vid0_frame00010
Ryan,C:\Users\main\Frentzen\Project\ISD\training_images_augmented_v2\Ryan\raw_vid0_frame00010.jpg,enrollment,vid0_frame00010
Ryan,C:\Users\main\Frentzen\Project\ISD\training_images_augmented_v2\Ryan\aug_vid0_frame00050_combined_0047.jpg,enrollment,vid0_frame00050
Ryan,C:\Users\main\Frentzen\Project\ISD\training_images_augmented_v2\Ryan\aug_vid0_frame00050_combined_0283.jpg,enrollment,vid0_frame00050
Ryan,C:\Users\main\Frentzen\Project\ISD\training_images_augmented_v2\Ryan\aug_vid0_frame00050_combined_0410.jpg,enrollment,vid0_frame00050
Ryan,C:\Users\main\Frentzen\Project\ISD\training_images_augmented_v2\Ryan\aug_vid0_frame00050_geometric_0296.jpg,enrollment,vid0_frame00050
Ryan,C:\Users\main\Frentzen\Project\ISD\training_images_augmented_v2\Ryan\aug_vid0_frame00050_occlusion_0430.jpg,enrollment,vid0_frame00050
Ryan,C:\Users\main\Frentzen\Project\ISD\training_images_augmented_v2\Ryan\aug_vid0_frame00050_rain_0070.jpg,enrollment,vid0_frame00050
Ryan,C:\Users\main\Frentzen\Project\ISD\training_images_augmented_v2\Ryan\raw_vid0_frame00050.jpg,enrollment,vid0_frame00050
Ryan,C:\Users\main\Frentzen\Project\ISD\training_images_augmented_v2\Ryan\aug_vid0_frame00022_geometric_0216.jpg,enrollment,vid0_frame00022
Ryan,C:\Users\main\Frentzen\Project\ISD\training_images_augmented_v2\Ryan\aug_vid0_frame00022_geometric_0322.jpg,enrollment,vid0_frame00022
Ryan,C:\Users\main\Frentzen\Project\ISD\training_images_augmented_v2\Ryan\raw_vid0_frame00022.jpg,enrollment,vid0_frame00022
Ryan,C:\Users\main\Frentzen\Project\ISD\training_images_augmented_v2\Ryan\aug_vid0_frame00070_combined_0391.jpg,enrollment,vid0_frame00070
Ryan,C:\Users\main\Frentzen\Project\ISD\training_images_augmented_v2\Ryan\aug_vid0_frame00070_fog_0389.jpg,enrollment,vid0_frame00070
Ryan,C:\Users\main\Frentzen\Project\ISD\training_images_augmented_v2\Ryan\aug_vid0_frame00070_geometric_0175.jpg,enrollment,vid0_frame00070
Ryan,C:\Users\main\Frentzen\Project\ISD\training_images_augmented_v2\Ryan\aug_vid0_frame00070_geometric_0264.jpg,enrollment,vid0_frame00070
Ryan,C:\Users\main\Frentzen\Project\ISD\training_images_augmented_v2\Ryan\aug_vid0_frame00070_occlusion_0346.jpg,enrollment,vid0_frame00070
Ryan,C:\Users\main\Frentzen\Project\ISD\training_images_augmented_v2\Ryan\aug_vid0_frame00070_photometric_0046.jpg,enrollment,vid0_frame00070
Ryan,C:\Users\main\Frentzen\Project\ISD\training_images_augmented_v2\Ryan\aug_vid0_frame00070_photometric_0097.jpg,enrollment,vid0_frame00070
Ryan,C:\Users\main\Frentzen\Project\ISD\training_images_augmented_v2\Ryan\raw_vid0_frame00070.jpg,enrollment,vid0_frame00070
Ryan,C:\Users\main\Frentzen\Project\ISD\training_images_augmented_v2\Ryan\raw_vid0_frame00204.jpg,enrollment,vid0_frame00204
Ryan,C:\Users\main\Frentzen\Project\ISD\training_images_augmented_v2\Ryan\aug_vid0_frame00174_geometric_0083.jpg,enrollment,vid0_frame00174
Ryan,C:\Users\main\Frentzen\Project\ISD\training_images_augmented_v2\Ryan\aug_vid0_frame00174_geometric_0262.jpg,enrollment,vid0_frame00174
Ryan,C:\Users\main\Frentzen\Project\ISD\training_images_augmented_v2\Ryan\aug_vid0_frame00174_photometric_0328.jpg,enrollment,vid0_frame00174
Ryan,C:\Users\main\Frentzen\Project\ISD\training_images_augmented_v2\Ryan\raw_vid0_frame00174.jpg,enrollment,vid0_frame00174
Ryan,C:\Users\main\Frentzen\Project\ISD\training_images_augmented_v2\Ryan\aug_vid0_frame00250_occlusion_0370.jpg,enrollment,vid0_frame00250
Ryan,C:\Users\main\Frentzen\Project\ISD\training_images_augmented_v2\Ryan\aug_vid0_frame00250_rain_0218.jpg,enrollment,vid0_frame00250
Ryan,C:\Users\main\Frentzen\Project\ISD\training_images_augmented_v2\Ryan\raw_vid0_frame00250.jpg,enrollment,vid0_frame00250
Ryan,C:\Users\main\Frentzen\Project\ISD\training_images_augmented_v2\Ryan\aug_vid0_frame00018_photometric_0048.jpg,enrollment,vid0_frame00018
Ryan,C:\Users\main\Frentzen\Project\ISD\training_images_augmented_v2\Ryan\raw_vid0_frame00018.jpg,enrollment,vid0_frame00018
Ryan,C:\Users\main\Frentzen\Project\ISD\training_images_augmented_v2\Ryan\aug_vid0_frame00002_occlusion_0115.jpg,enrollment,vid0_frame00002
Ryan,C:\Users\main\Frentzen\Project\ISD\training_images_augmented_v2\Ryan\aug_vid0_frame00002_photometric_0189.jpg,enrollment,vid0_frame00002
Ryan,C:\Users\main\Frentzen\Project\ISD\training_images_augmented_v2\Ryan\raw_vid0_frame00002.jpg,enrollment,vid0_frame00002
Ryan,C:\Users\main\Frentzen\Project\ISD\training_images_augmented_v2\Ryan\aug_vid0_frame00042_combined_0182.jpg,enrollment,vid0_frame00042
Ryan,C:\Users\main\Frentzen\Project\ISD\training_images_augmented_v2\Ryan\aug_vid0_frame00042_combined_0184.jpg,enrollment,vid0_frame00042
Ryan,C:\Users\main\Frentzen\Project\ISD\training_images_augmented_v2\Ryan\aug_vid0_frame00042_combined_0332.jpg,enrollment,vid0_frame00042
Ryan,C:\Users\main\Frentzen\Project\ISD\training_images_augmented_v2\Ryan\raw_vid0_frame00042.jpg,enrollment,vid0_frame00042
Ryan,C:\Users\main\Frentzen\Project\ISD\training_images_augmented_v2\Ryan\aug_vid0_frame00164_geometric_0185.jpg,enrollment,vid0_frame00164
Ryan,C:\Users\main\Frentzen\Project\ISD\training_images_augmented_v2\Ryan\aug_vid0_frame00164_occlusion_0159.jpg,enrollment,vid0_frame00164
Ryan,C:\Users\main\Frentzen\Project\ISD\training_images_augmented_v2\Ryan\aug_vid0_frame00164_occlusion_0230.jpg,enrollment,vid0_frame00164
Ryan,C:\Users\main\Frentzen\Project\ISD\training_images_augmented_v2\Ryan\raw_vid0_frame00164.jpg,enrollment,vid0_frame00164
Ryan,C:\Users\main\Frentzen\Project\ISD\training_images_augmented_v2\Ryan\aug_vid0_frame00268_combined_0021.jpg,enrollment,vid0_frame00268
Ryan,C:\Users\main\Frentzen\Project\ISD\training_images_augmented_v2\Ryan\aug_vid0_frame00268_fog_0076.jpg,enrollment,vid0_frame00268
Ryan,C:\Users\main\Frentzen\Project\ISD\training_images_augmented_v2\Ryan\aug_vid0_frame00268_photometric_0419.jpg,enrollment,vid0_frame00268
Ryan,C:\Users\main\Frentzen\Project\ISD\training_images_augmented_v2\Ryan\raw_vid0_frame00268.jpg,enrollment,vid0_frame00268
Ryan,C:\Users\main\Frentzen\Project\ISD\training_images_augmented_v2\Ryan\aug_vid0_frame00132_geometric_0207.jpg,enrollment,vid0_frame00132
Ryan,C:\Users\main\Frentzen\Project\ISD\training_images_augmented_v2\Ryan\aug_vid0_frame00132_photometric_0367.jpg,enrollment,vid0_frame00132
Ryan,C:\Users\main\Frentzen\Project\ISD\training_images_augmented_v2\Ryan\raw_vid0_frame00132.jpg,enrollment,vid0_frame00132
Ryan,C:\Users\main\Frentzen\Project\ISD\training_images_augmented_v2\Ryan\raw_vid0_frame00078.jpg,enrollment,vid0_frame00078
Ryan,C:\Users\main\Frentzen\Project\ISD\training_images_augmented_v2\Ryan\aug_vid0_frame00108_fog_0010.jpg,enrollment,vid0_frame00108
Ryan,C:\Users\main\Frentzen\Project\ISD\training_images_augmented_v2\Ryan\aug_vid0_frame00108_occlusion_0448.jpg,enrollment,vid0_frame00108
Ryan,C:\Users\main\Frentzen\Project\ISD\training_images_augmented_v2\Ryan\aug_vid0_frame00108_rain_0255.jpg,enrollment,vid0_frame00108
Ryan,C:\Users\main\Frentzen\Project\ISD\training_images_augmented_v2\Ryan\aug_vid0_frame00108_snow_0078.jpg,enrollment,vid0_frame00108
Ryan,C:\Users\main\Frentzen\Project\ISD\training_images_augmented_v2\Ryan\raw_vid0_frame00108.jpg,enrollment,vid0_frame00108
Ryan,C:\Users\main\Frentzen\Project\ISD\training_images_augmented_v2\Ryan\aug_vid0_frame00014_fog_0113.jpg,enrollment,vid0_frame00014
Ryan,C:\Users\main\Frentzen\Project\ISD\training_images_augmented_v2\Ryan\aug_vid0_frame00014_snow_0387.jpg,enrollment,vid0_frame00014
Ryan,C:\Users\main\Frentzen\Project\ISD\training_images_augmented_v2\Ryan\raw_vid0_frame00014.jpg,enrollment,vid0_frame00014
Ryan,C:\Users\main\Frentzen\Project\ISD\training_images_augmented_v2\Ryan\aug_vid0_frame00040_geometric_0327.jpg,enrollment,vid0_frame00040
Ryan,C:\Users\main\Frentzen\Project\ISD\training_images_augmented_v2\Ryan\raw_vid0_frame00040.jpg,enrollment,vid0_frame00040
Ryan,C:\Users\main\Frentzen\Project\ISD\training_images_augmented_v2\Ryan\aug_vid0_frame00084_photometric_0315.jpg,enrollment,vid0_frame00084
Ryan,C:\Users\main\Frentzen\Project\ISD\training_images_augmented_v2\Ryan\raw_vid0_frame00084.jpg,enrollment,vid0_frame00084
Ryan,C:\Users\main\Frentzen\Project\ISD\training_images_augmented_v2\Ryan\aug_vid0_frame00216_combined_0417.jpg,enrollment,vid0_frame00216
Ryan,C:\Users\main\Frentzen\Project\ISD\training_images_augmented_v2\Ryan\raw_vid0_frame00216.jpg,enrollment,vid0_frame00216
Ryan,C:\Users\main\Frentzen\Project\ISD\training_images_augmented_v2\Ryan\aug_vid0_frame00170_combined_0285.jpg,enrollment,vid0_frame00170
Ryan,C:\Users\main\Frentzen\Project\ISD\training_images_augmented_v2\Ryan\aug_vid0_frame00170_combined_0355.jpg,enrollment,vid0_frame00170
Ryan,C:\Users\main\Frentzen\Project\ISD\training_images_augmented_v2\Ryan\aug_vid0_frame00170_geometric_0130.jpg,enrollment,vid0_frame00170
Ryan,C:\Users\main\Frentzen\Project\ISD\training_images_augmented_v2\Ryan\aug_vid0_frame00170_geometric_0164.jpg,enrollment,vid0_frame00170
Ryan,C:\Users\main\Frentzen\Project\ISD\training_images_augmented_v2\Ryan\aug_vid0_frame00170_photometric_0228.jpg,enrollment,vid0_frame00170
Ryan,C:\Users\main\Frentzen\Project\ISD\training_images_augmented_v2\Ryan\aug_vid0_frame00170_photometric_0432.jpg,enrollment,vid0_frame00170
Ryan,C:\Users\main\Frentzen\Project\ISD\training_images_augmented_v2\Ryan\aug_vid0_frame00170_rain_0358.jpg,enrollment,vid0_frame00170
Ryan,C:\Users\main\Frentzen\Project\ISD\training_images_augmented_v2\Ryan\raw_vid0_frame00170.jpg,enrollment,vid0_frame00170
Ryan,C:\Users\main\Frentzen\Project\ISD\training_images_augmented_v2\Ryan\raw_vid0_frame00168.jpg,enrollment,vid0_frame00168
Ryan,C:\Users\main\Frentzen\Project\ISD\training_images_augmented_v2\Ryan\aug_vid0_frame00184_occlusion_0396.jpg,enrollment,vid0_frame00184
Ryan,C:\Users\main\Frentzen\Project\ISD\training_images_augmented_v2\Ryan\aug_vid0_frame00184_photometric_0292.jpg,enrollment,vid0_frame00184
Ryan,C:\Users\main\Frentzen\Project\ISD\training_images_augmented_v2\Ryan\aug_vid0_frame00184_photometric_0354.jpg,enrollment,vid0_frame00184
Ryan,C:\Users\main\Frentzen\Project\ISD\training_images_augmented_v2\Ryan\raw_vid0_frame00184.jpg,enrollment,vid0_frame00184
Ryan,C:\Users\main\Frentzen\Project\ISD\training_images_augmented_v2\Ryan\aug_vid0_frame00120_combined_0238.jpg,enrollment,vid0_frame00120
Ryan,C:\Users\main\Frentzen\Project\ISD\training_images_augmented_v2\Ryan\aug_vid0_frame00120_geometric_0088.jpg,enrollment,vid0_frame00120
Ryan,C:\Users\main\Frentzen\Project\ISD\training_images_augmented_v2\Ryan\aug_vid0_frame00120_occlusion_0139.jpg,enrollment,vid0_frame00120
Ryan,C:\Users\main\Frentzen\Project\ISD\training_images_augmented_v2\Ryan\aug_vid0_frame00120_photometric_0313.jpg,enrollment,vid0_frame00120
Ryan,C:\Users\main\Frentzen\Project\ISD\training_images_augmented_v2\Ryan\raw_vid0_frame00120.jpg,enrollment,vid0_frame00120
Ryan,C:\Users\main\Frentzen\Project\ISD\training_images_augmented_v2\Ryan\aug_vid0_frame00030_geometric_0356.jpg,enrollment,vid0_frame00030
Ryan,C:\Users\main\Frentzen\Project\ISD\training_images_augmented_v2\Ryan\aug_vid0_frame00030_snow_0312.jpg,enrollment,vid0_frame00030
Ryan,C:\Users\main\Frentzen\Project\ISD\training_images_augmented_v2\Ryan\raw_vid0_frame00030.jpg,enrollment,vid0_frame00030
Ryan,C:\Users\main\Frentzen\Project\ISD\training_images_augmented_v2\Ryan\aug_vid0_frame00140_combined_0266.jpg,enrollment,vid0_frame00140
Ryan,C:\Users\main\Frentzen\Project\ISD\training_images_augmented_v2\Ryan\aug_vid0_frame00140_combined_0340.jpg,enrollment,vid0_frame00140
Ryan,C:\Users\main\Frentzen\Project\ISD\training_images_augmented_v2\Ryan\aug_vid0_frame00140_geometric_0146.jpg,enrollment,vid0_frame00140
Ryan,C:\Users\main\Frentzen\Project\ISD\training_images_augmented_v2\Ryan\aug_vid0_frame00140_geometric_0219.jpg,enrollment,vid0_frame00140
Ryan,C:\Users\main\Frentzen\Project\ISD\training_images_augmented_v2\Ryan\aug_vid0_frame00140_photometric_0148.jpg,enrollment,vid0_frame00140
Ryan,C:\Users\main\Frentzen\Project\ISD\training_images_augmented_v2\Ryan\raw_vid0_frame00140.jpg,enrollment,vid0_frame00140
Ryan,C:\Users\main\Frentzen\Project\ISD\training_images_augmented_v2\Ryan\aug_vid0_frame00172_photometric_0069.jpg,enrollment,vid0_frame00172
Ryan,C:\Users\main\Frentzen\Project\ISD\training_images_augmented_v2\Ryan\raw_vid0_frame00172.jpg,enrollment,vid0_frame00172
Ryan,C:\Users\main\Frentzen\Project\ISD\training_images_augmented_v2\Ryan\aug_vid0_frame00284_combined_0347.jpg,enrollment,vid0_frame00284
Ryan,C:\Users\main\Frentzen\Project\ISD\training_images_augmented_v2\Ryan\raw_vid0_frame00284.jpg,enrollment,vid0_frame00284
Ryan,C:\Users\main\Frentzen\Project\ISD\training_images_augmented_v2\Ryan\aug_vid0_frame00260_geometric_0134.jpg,enrollment,vid0_frame00260
Ryan,C:\Users\main\Frentzen\Project\ISD\training_images_augmented_v2\Ryan\aug_vid0_frame00260_geometric_0357.jpg,enrollment,vid0_frame00260
Ryan,C:\Users\main\Frentzen\Project\ISD\training_images_augmented_v2\Ryan\aug_vid0_frame00260_photometric_0196.jpg,enrollment,vid0_frame00260
Ryan,C:\Users\main\Frentzen\Project\ISD\training_images_augmented_v2\Ryan\aug_vid0_frame00260_snow_0326.jpg,enrollment,vid0_frame00260
Ryan,C:\Users\main\Frentzen\Project\ISD\training_images_augmented_v2\Ryan\raw_vid0_frame00260.jpg,enrollment,vid0_frame00260
Ryan,C:\Users\main\Frentzen\Project\ISD\training_images_augmented_v2\Ryan\aug_vid0_frame00138_combined_0385.jpg,enrollment,vid0_frame00138
Ryan,C:\Users\main\Frentzen\Project\ISD\training_images_augmented_v2\Ryan\aug_vid0_frame00138_fog_0241.jpg,enrollment,vid0_frame00138
Ryan,C:\Users\main\Frentzen\Project\ISD\training_images_augmented_v2\Ryan\raw_vid0_frame00138.jpg,enrollment,vid0_frame00138
Ryan,C:\Users\main\Frentzen\Project\ISD\training_images_augmented_v2\Ryan\aug_vid0_frame00156_geometric_0020.jpg,enrollment,vid0_frame00156
Ryan,C:\Users\main\Frentzen\Project\ISD\training_images_augmented_v2\Ryan\aug_vid0_frame00156_occlusion_0165.jpg,enrollment,vid0_frame00156
Ryan,C:\Users\main\Frentzen\Project\ISD\training_images_augmented_v2\Ryan\raw_vid0_frame00156.jpg,enrollment,vid0_frame00156
Ryan,C:\Users\main\Frentzen\Project\ISD\training_images_augmented_v2\Ryan\aug_vid0_frame00246_geometric_0058.jpg,enrollment,vid0_frame00246
Ryan,C:\Users\main\Frentzen\Project\ISD\training_images_augmented_v2\Ryan\aug_vid0_frame00246_photometric_0128.jpg,enrollment,vid0_frame00246
Ryan,C:\Users\main\Frentzen\Project\ISD\training_images_augmented_v2\Ryan\aug_vid0_frame00246_snow_0024.jpg,enrollment,vid0_frame00246
Ryan,C:\Users\main\Frentzen\Project\ISD\training_images_augmented_v2\Ryan\raw_vid0_frame00246.jpg,enrollment,vid0_frame00246
Ryan,C:\Users\main\Frentzen\Project\ISD\training_images_augmented_v2\Ryan\aug_vid0_frame00044_occlusion_0227.jpg,enrollment,vid0_frame00044
Ryan,C:\Users\main\Frentzen\Project\ISD\training_images_augmented_v2\Ryan\aug_vid0_frame00044_photometric_0050.jpg,enrollment,vid0_frame00044
Ryan,C:\Users\main\Frentzen\Project\ISD\training_images_augmented_v2\Ryan\raw_vid0_frame00044.jpg,enrollment,vid0_frame00044
Ryan,C:\Users\main\Frentzen\Project\ISD\training_images_augmented_v2\Ryan\aug_vid0_frame00028_geometric_0178.jpg,enrollment,vid0_frame00028
Ryan,C:\Users\main\Frentzen\Project\ISD\training_images_augmented_v2\Ryan\aug_vid0_frame00028_rain_0303.jpg,enrollment,vid0_frame00028
Ryan,C:\Users\main\Frentzen\Project\ISD\training_images_augmented_v2\Ryan\raw_vid0_frame00028.jpg,enrollment,vid0_frame00028
Ryan,C:\Users\main\Frentzen\Project\ISD\training_images_augmented_v2\Ryan\aug_vid0_frame00100_geometric_0201.jpg,enrollment,vid0_frame00100
Ryan,C:\Users\main\Frentzen\Project\ISD\training_images_augmented_v2\Ryan\raw_vid0_frame00100.jpg,enrollment,vid0_frame00100
Ryan,C:\Users\main\Frentzen\Project\ISD\training_images_augmented_v2\Ryan\aug_vid0_frame00016_photometric_0213.jpg,enrollment,vid0_frame00016
Ryan,C:\Users\main\Frentzen\Project\ISD\training_images_augmented_v2\Ryan\aug_vid0_frame00016_snow_0062.jpg,enrollment,vid0_frame00016
Ryan,C:\Users\main\Frentzen\Project\ISD\training_images_augmented_v2\Ryan\raw_vid0_frame00016.jpg,enrollment,vid0_frame00016
Ryan,C:\Users\main\Frentzen\Project\ISD\training_images_augmented_v2\Ryan\aug_vid0_frame00032_combined_0237.jpg,enrollment,vid0_frame00032
Ryan,C:\Users\main\Frentzen\Project\ISD\training_images_augmented_v2\Ryan\aug_vid0_frame00032_geometric_0440.jpg,enrollment,vid0_frame00032
Ryan,C:\Users\main\Frentzen\Project\ISD\training_images_augmented_v2\Ryan\aug_vid0_frame00032_rain_0350.jpg,enrollment,vid0_frame00032
Ryan,C:\Users\main\Frentzen\Project\ISD\training_images_augmented_v2\Ryan\raw_vid0_frame00032.jpg,enrollment,vid0_frame00032
Ryan,C:\Users\main\Frentzen\Project\ISD\training_images_augmented_v2\Ryan\aug_vid0_frame00036_combined_0018.jpg,enrollment,vid0_frame00036
Ryan,C:\Users\main\Frentzen\Project\ISD\training_images_augmented_v2\Ryan\aug_vid0_frame00036_geometric_0150.jpg,enrollment,vid0_frame00036
Ryan,C:\Users\main\Frentzen\Project\ISD\training_images_augmented_v2\Ryan\aug_vid0_frame00036_occlusion_0116.jpg,enrollment,vid0_frame00036
Ryan,C:\Users\main\Frentzen\Project\ISD\training_images_augmented_v2\Ryan\aug_vid0_frame00036_photometric_0157.jpg,enrollment,vid0_frame00036
Ryan,C:\Users\main\Frentzen\Project\ISD\training_images_augmented_v2\Ryan\raw_vid0_frame00036.jpg,enrollment,vid0_frame00036
Ryan,C:\Users\main\Frentzen\Project\ISD\training_images_augmented_v2\Ryan\aug_vid0_frame00160_combined_0168.jpg,enrollment,vid0_frame00160
Ryan,C:\Users\main\Frentzen\Project\ISD\training_images_augmented_v2\Ryan\aug_vid0_frame00160_combined_0206.jpg,enrollment,vid0_frame00160
Ryan,C:\Users\main\Frentzen\Project\ISD\training_images_augmented_v2\Ryan\aug_vid0_frame00160_combined_0215.jpg,enrollment,vid0_frame00160
Ryan,C:\Users\main\Frentzen\Project\ISD\training_images_augmented_v2\Ryan\aug_vid0_frame00160_occlusion_0294.jpg,enrollment,vid0_frame00160
Ryan,C:\Users\main\Frentzen\Project\ISD\training_images_augmented_v2\Ryan\aug_vid0_frame00160_photometric_0411.jpg,enrollment,vid0_frame00160
Ryan,C:\Users\main\Frentzen\Project\ISD\training_images_augmented_v2\Ryan\raw_vid0_frame00160.jpg,enrollment,vid0_frame00160
Ryan,C:\Users\main\Frentzen\Project\ISD\training_images_augmented_v2\Ryan\aug_vid0_frame00074_geometric_0360.jpg,enrollment,vid0_frame00074
Ryan,C:\Users\main\Frentzen\Project\ISD\training_images_augmented_v2\Ryan\aug_vid0_frame00074_photometric_0102.jpg,enrollment,vid0_frame00074
Ryan,C:\Users\main\Frentzen\Project\ISD\training_images_augmented_v2\Ryan\aug_vid0_frame00074_photometric_0226.jpg,enrollment,vid0_frame00074
Ryan,C:\Users\main\Frentzen\Project\ISD\training_images_augmented_v2\Ryan\raw_vid0_frame00074.jpg,enrollment,vid0_frame00074
Ryan,C:\Users\main\Frentzen\Project\ISD\training_images_augmented_v2\Ryan\aug_vid0_frame00126_photometric_0243.jpg,enrollment,vid0_frame00126
Ryan,C:\Users\main\Frentzen\Project\ISD\training_images_augmented_v2\Ryan\aug_vid0_frame00126_snow_0061.jpg,enrollment,vid0_frame00126
Ryan,C:\Users\main\Frentzen\Project\ISD\training_images_augmented_v2\Ryan\aug_vid0_frame00126_snow_0091.jpg,enrollment,vid0_frame00126
Ryan,C:\Users\main\Frentzen\Project\ISD\training_images_augmented_v2\Ryan\raw_vid0_frame00126.jpg,enrollment,vid0_frame00126
Ryan,C:\Users\main\Frentzen\Project\ISD\training_images_augmented_v2\Ryan\aug_vid0_frame00222_combined_0158.jpg,enrollment,vid0_frame00222
Ryan,C:\Users\main\Frentzen\Project\ISD\training_images_augmented_v2\Ryan\aug_vid0_frame00222_geometric_0220.jpg,enrollment,vid0_frame00222
Ryan,C:\Users\main\Frentzen\Project\ISD\training_images_augmented_v2\Ryan\aug_vid0_frame00222_geometric_0442.jpg,enrollment,vid0_frame00222
Ryan,C:\Users\main\Frentzen\Project\ISD\training_images_augmented_v2\Ryan\raw_vid0_frame00222.jpg,enrollment,vid0_frame00222
Ryan,C:\Users\main\Frentzen\Project\ISD\training_images_augmented_v2\Ryan\aug_vid0_frame00092_combined_0177.jpg,enrollment,vid0_frame00092
Ryan,C:\Users\main\Frentzen\Project\ISD\training_images_augmented_v2\Ryan\aug_vid0_frame00092_photometric_0302.jpg,enrollment,vid0_frame00092
Ryan,C:\Users\main\Frentzen\Project\ISD\training_images_augmented_v2\Ryan\aug_vid0_frame00092_photometric_0413.jpg,enrollment,vid0_frame00092
Ryan,C:\Users\main\Frentzen\Project\ISD\training_images_augmented_v2\Ryan\aug_vid0_frame00092_rain_0334.jpg,enrollment,vid0_frame00092
Ryan,C:\Users\main\Frentzen\Project\ISD\training_images_augmented_v2\Ryan\raw_vid0_frame00092.jpg,enrollment,vid0_frame00092
Ryan,C:\Users\main\Frentzen\Project\ISD\training_images_augmented_v2\Ryan\aug_vid0_frame00118_geometric_0392.jpg,enrollment,vid0_frame00118
Ryan,C:\Users\main\Frentzen\Project\ISD\training_images_augmented_v2\Ryan\aug_vid0_frame00118_occlusion_0071.jpg,enrollment,vid0_frame00118
Ryan,C:\Users\main\Frentzen\Project\ISD\training_images_augmented_v2\Ryan\aug_vid0_frame00118_occlusion_0343.jpg,enrollment,vid0_frame00118
Ryan,C:\Users\main\Frentzen\Project\ISD\training_images_augmented_v2\Ryan\raw_vid0_frame00118.jpg,enrollment,vid0_frame00118
Ryan,C:\Users\main\Frentzen\Project\ISD\training_images_augmented_v2\Ryan\aug_vid0_frame00096_combined_0304.jpg,enrollment,vid0_frame00096
Ryan,C:\Users\main\Frentzen\Project\ISD\training_images_augmented_v2\Ryan\aug_vid0_frame00096_geometric_0397.jpg,enrollment,vid0_frame00096
Ryan,C:\Users\main\Frentzen\Project\ISD\training_images_augmented_v2\Ryan\aug_vid0_frame00096_occlusion_0135.jpg,enrollment,vid0_frame00096
Ryan,C:\Users\main\Frentzen\Project\ISD\training_images_augmented_v2\Ryan\aug_vid0_frame00096_photometric_0429.jpg,enrollment,vid0_frame00096
Ryan,C:\Users\main\Frentzen\Project\ISD\training_images_augmented_v2\Ryan\aug_vid0_frame00096_rain_0100.jpg,enrollment,vid0_frame00096
Ryan,C:\Users\main\Frentzen\Project\ISD\training_images_augmented_v2\Ryan\aug_vid0_frame00096_snow_0099.jpg,enrollment,vid0_frame00096
Ryan,C:\Users\main\Frentzen\Project\ISD\training_images_augmented_v2\Ryan\raw_vid0_frame00096.jpg,enrollment,vid0_frame00096
Ryan,C:\Users\main\Frentzen\Project\ISD\training_images_augmented_v2\Ryan\aug_vid0_frame00144_photometric_0427.jpg,enrollment,vid0_frame00144
Ryan,C:\Users\main\Frentzen\Project\ISD\training_images_augmented_v2\Ryan\raw_vid0_frame00144.jpg,enrollment,vid0_frame00144
Ryan,C:\Users\main\Frentzen\Project\ISD\training_images_augmented_v2\Ryan\aug_vid0_frame00150_combined_0259.jpg,enrollment,vid0_frame00150
Ryan,C:\Users\main\Frentzen\Project\ISD\training_images_augmented_v2\Ryan\aug_vid0_frame00150_photometric_0221.jpg,enrollment,vid0_frame00150
Ryan,C:\Users\main\Frentzen\Project\ISD\training_images_augmented_v2\Ryan\raw_vid0_frame00150.jpg,enrollment,vid0_frame00150
Ryan,C:\Users\main\Frentzen\Project\ISD\training_images_augmented_v2\Ryan\aug_vid0_frame00242_combined_0403.jpg,enrollment,vid0_frame00242
Ryan,C:\Users\main\Frentzen\Project\ISD\training_images_augmented_v2\Ryan\aug_vid0_frame00242_fog_0188.jpg,enrollment,vid0_frame00242
Ryan,C:\Users\main\Frentzen\Project\ISD\training_images_augmented_v2\Ryan\aug_vid0_frame00242_geometric_0063.jpg,enrollment,vid0_frame00242
Ryan,C:\Users\main\Frentzen\Project\ISD\training_images_augmented_v2\Ryan\aug_vid0_frame00242_geometric_0425.jpg,enrollment,vid0_frame00242
Ryan,C:\Users\main\Frentzen\Project\ISD\training_images_augmented_v2\Ryan\aug_vid0_frame00242_photometric_0041.jpg,enrollment,vid0_frame00242
Ryan,C:\Users\main\Frentzen\Project\ISD\training_images_augmented_v2\Ryan\aug_vid0_frame00242_photometric_0172.jpg,enrollment,vid0_frame00242
Ryan,C:\Users\main\Frentzen\Project\ISD\training_images_augmented_v2\Ryan\raw_vid0_frame00242.jpg,enrollment,vid0_frame00242
Ryan,C:\Users\main\Frentzen\Project\ISD\training_images_augmented_v2\Ryan\aug_vid0_frame00102_combined_0003.jpg,enrollment,vid0_frame00102
Ryan,C:\Users\main\Frentzen\Project\ISD\training_images_augmented_v2\Ryan\aug_vid0_frame00102_combined_0072.jpg,enrollment,vid0_frame00102
Ryan,C:\Users\main\Frentzen\Project\ISD\training_images_augmented_v2\Ryan\aug_vid0_frame00102_combined_0169.jpg,enrollment,vid0_frame00102
Ryan,C:\Users\main\Frentzen\Project\ISD\training_images_augmented_v2\Ryan\aug_vid0_frame00102_fog_0120.jpg,enrollment,vid0_frame00102
Ryan,C:\Users\main\Frentzen\Project\ISD\training_images_augmented_v2\Ryan\aug_vid0_frame00102_photometric_0137.jpg,enrollment,vid0_frame00102
Ryan,C:\Users\main\Frentzen\Project\ISD\training_images_augmented_v2\Ryan\aug_vid0_frame00102_photometric_0153.jpg,enrollment,vid0_frame00102
Ryan,C:\Users\main\Frentzen\Project\ISD\training_images_augmented_v2\Ryan\raw_vid0_frame00102.jpg,enrollment,vid0_frame00102
Ryan,C:\Users\main\Frentzen\Project\ISD\training_images_augmented_v2\Ryan\aug_vid0_frame00158_combined_0247.jpg,enrollment,vid0_frame00158
Ryan,C:\Users\main\Frentzen\Project\ISD\training_images_augmented_v2\Ryan\raw_vid0_frame00158.jpg,enrollment,vid0_frame00158
Ryan,C:\Users\main\Frentzen\Project\ISD\training_images_augmented_v2\Ryan\aug_vid0_frame00290_combined_0386.jpg,validation,vid0_frame00290
Ryan,C:\Users\main\Frentzen\Project\ISD\training_images_augmented_v2\Ryan\aug_vid0_frame00290_geometric_0163.jpg,validation,vid0_frame00290
Ryan,C:\Users\main\Frentzen\Project\ISD\training_images_augmented_v2\Ryan\aug_vid0_frame00290_geometric_0319.jpg,validation,vid0_frame00290
Ryan,C:\Users\main\Frentzen\Project\ISD\training_images_augmented_v2\Ryan\raw_vid0_frame00290.jpg,validation,vid0_frame00290
Ryan,C:\Users\main\Frentzen\Project\ISD\training_images_augmented_v2\Ryan\aug_vid0_frame00256_combined_0031.jpg,validation,vid0_frame00256
Ryan,C:\Users\main\Frentzen\Project\ISD\training_images_augmented_v2\Ryan\aug_vid0_frame00256_geometric_0222.jpg,validation,vid0_frame00256
Ryan,C:\Users\main\Frentzen\Project\ISD\training_images_augmented_v2\Ryan\aug_vid0_frame00256_occlusion_0244.jpg,validation,vid0_frame00256
Ryan,C:\Users\main\Frentzen\Project\ISD\training_images_augmented_v2\Ryan\aug_vid0_frame00256_photometric_0174.jpg,validation,vid0_frame00256
Ryan,C:\Users\main\Frentzen\Project\ISD\training_images_augmented_v2\Ryan\raw_vid0_frame00256.jpg,validation,vid0_frame00256
Ryan,C:\Users\main\Frentzen\Project\ISD\training_images_augmented_v2\Ryan\aug_vid0_frame00112_combined_0043.jpg,validation,vid0_frame00112
Ryan,C:\Users\main\Frentzen\Project\ISD\training_images_augmented_v2\Ryan\aug_vid0_frame00112_combined_0179.jpg,validation,vid0_frame00112
Ryan,C:\Users\main\Frentzen\Project\ISD\training_images_augmented_v2\Ryan\aug_vid0_frame00112_geometric_0022.jpg,validation,vid0_frame00112
Ryan,C:\Users\main\Frentzen\Project\ISD\training_images_augmented_v2\Ryan\aug_vid0_frame00112_geometric_0125.jpg,validation,vid0_frame00112
Ryan,C:\Users\main\Frentzen\Project\ISD\training_images_augmented_v2\Ryan\aug_vid0_frame00112_geometric_0236.jpg,validation,vid0_frame00112
Ryan,C:\Users\main\Frentzen\Project\ISD\training_images_augmented_v2\Ryan\raw_vid0_frame00112.jpg,validation,vid0_frame00112
Ryan,C:\Users\main\Frentzen\Project\ISD\training_images_augmented_v2\Ryan\aug_vid0_frame00062_geometric_0068.jpg,validation,vid0_frame00062
Ryan,C:\Users\main\Frentzen\Project\ISD\training_images_augmented_v2\Ryan\raw_vid0_frame00062.jpg,validation,vid0_frame00062
Ryan,C:\Users\main\Frentzen\Project\ISD\training_images_augmented_v2\Ryan\aug_vid0_frame00082_combined_0066.jpg,validation,vid0_frame00082
Ryan,C:\Users\main\Frentzen\Project\ISD\training_images_augmented_v2\Ryan\aug_vid0_frame00082_photometric_0107.jpg,validation,vid0_frame00082
Ryan,C:\Users\main\Frentzen\Project\ISD\training_images_augmented_v2\Ryan\raw_vid0_frame00082.jpg,validation,vid0_frame00082
Ryan,C:\Users\main\Frentzen\Project\ISD\training_images_augmented_v2\Ryan\aug_vid0_frame00264_combined_0127.jpg,validation,vid0_frame00264
Ryan,C:\Users\main\Frentzen\Project\ISD\training_images_augmented_v2\Ryan\aug_vid0_frame00264_photometric_0269.jpg,validation,vid0_frame00264
Ryan,C:\Users\main\Frentzen\Project\ISD\training_images_augmented_v2\Ryan\raw_vid0_frame00264.jpg,validation,vid0_frame00264
Ryan,C:\Users\main\Frentzen\Project\ISD\training_images_augmented_v2\Ryan\aug_vid0_frame00006_combined_0368.jpg,validation,vid0_frame00006
Ryan,C:\Users\main\Frentzen\Project\ISD\training_images_augmented_v2\Ryan\aug_vid0_frame00006_geometric_0204.jpg,validation,vid0_frame00006
Ryan,C:\Users\main\Frentzen\Project\ISD\training_images_augmented_v2\Ryan\aug_vid0_frame00006_photometric_0007.jpg,validation,vid0_frame00006
Ryan,C:\Users\main\Frentzen\Project\ISD\training_images_augmented_v2\Ryan\aug_vid0_frame00006_rain_0199.jpg,validation,vid0_frame00006
Ryan,C:\Users\main\Frentzen\Project\ISD\training_images_augmented_v2\Ryan\raw_vid0_frame00006.jpg,validation,vid0_frame00006
Ryan,C:\Users\main\Frentzen\Project\ISD\training_images_augmented_v2\Ryan\aug_vid0_frame00282_snow_0320.jpg,validation,vid0_frame00282
Ryan,C:\Users\main\Frentzen\Project\ISD\training_images_augmented_v2\Ryan\raw_vid0_frame00282.jpg,validation,vid0_frame00282
Ryan,C:\Users\main\Frentzen\Project\ISD\training_images_augmented_v2\Ryan\raw_vid0_frame00254.jpg,validation,vid0_frame00254
Ryan,C:\Users\main\Frentzen\Project\ISD\training_images_augmented_v2\Ryan\aug_vid0_frame00274_combined_0333.jpg,validation,vid0_frame00274
Ryan,C:\Users\main\Frentzen\Project\ISD\training_images_augmented_v2\Ryan\aug_vid0_frame00274_geometric_0037.jpg,validation,vid0_frame00274
Ryan,C:\Users\main\Frentzen\Project\ISD\training_images_augmented_v2\Ryan\raw_vid0_frame00274.jpg,validation,vid0_frame00274
Ryan,C:\Users\main\Frentzen\Project\ISD\training_images_augmented_v2\Ryan\aug_vid0_frame00130_combined_0359.jpg,validation,vid0_frame00130
Ryan,C:\Users\main\Frentzen\Project\ISD\training_images_augmented_v2\Ryan\aug_vid0_frame00130_photometric_0075.jpg,validation,vid0_frame00130
Ryan,C:\Users\main\Frentzen\Project\ISD\training_images_augmented_v2\Ryan\aug_vid0_frame00130_photometric_0272.jpg,validation,vid0_frame00130
Ryan,C:\Users\main\Frentzen\Project\ISD\training_images_augmented_v2\Ryan\raw_vid0_frame00130.jpg,validation,vid0_frame00130
Ryan,C:\Users\main\Frentzen\Project\ISD\training_images_augmented_v2\Ryan\aug_vid0_frame00192_fog_0373.jpg,validation,vid0_frame00192
Ryan,C:\Users\main\Frentzen\Project\ISD\training_images_augmented_v2\Ryan\aug_vid0_frame00192_geometric_0190.jpg,validation,vid0_frame00192
Ryan,C:\Users\main\Frentzen\Project\ISD\training_images_augmented_v2\Ryan\aug_vid0_frame00192_photometric_0374.jpg,validation,vid0_frame00192
Ryan,C:\Users\main\Frentzen\Project\ISD\training_images_augmented_v2\Ryan\aug_vid0_frame00192_snow_0073.jpg,validation,vid0_frame00192
Ryan,C:\Users\main\Frentzen\Project\ISD\training_images_augmented_v2\Ryan\raw_vid0_frame00192.jpg,validation,vid0_frame00192
Ryan,C:\Users\main\Frentzen\Project\ISD\training_images_augmented_v2\Ryan\aug_vid0_frame00202_geometric_0273.jpg,validation,vid0_frame00202
Ryan,C:\Users\main\Frentzen\Project\ISD\training_images_augmented_v2\Ryan\aug_vid0_frame00202_occlusion_0126.jpg,validation,vid0_frame00202
Ryan,C:\Users\main\Frentzen\Project\ISD\training_images_augmented_v2\Ryan\aug_vid0_frame00202_snow_0307.jpg,validation,vid0_frame00202
Ryan,C:\Users\main\Frentzen\Project\ISD\training_images_augmented_v2\Ryan\raw_vid0_frame00202.jpg,validation,vid0_frame00202
Ryan,C:\Users\main\Frentzen\Project\ISD\training_images_augmented_v2\Ryan\aug_vid0_frame00226_combined_0160.jpg,validation,vid0_frame00226
Ryan,C:\Users\main\Frentzen\Project\ISD\training_images_augmented_v2\Ryan\aug_vid0_frame00226_combined_0229.jpg,validation,vid0_frame00226
Ryan,C:\Users\main\Frentzen\Project\ISD\training_images_augmented_v2\Ryan\aug_vid0_frame00226_geometric_0257.jpg,validation,vid0_frame00226
Ryan,C:\Users\main\Frentzen\Project\ISD\training_images_augmented_v2\Ryan\aug_vid0_frame00226_geometric_0291.jpg,validation,vid0_frame00226
Ryan,C:\Users\main\Frentzen\Project\ISD\training_images_augmented_v2\Ryan\aug_vid0_frame00226_photometric_0034.jpg,validation,vid0_frame00226
Ryan,C:\Users\main\Frentzen\Project\ISD\training_images_augmented_v2\Ryan\aug_vid0_frame00226_photometric_0290.jpg,validation,vid0_frame00226
Ryan,C:\Users\main\Frentzen\Project\ISD\training_images_augmented_v2\Ryan\aug_vid0_frame00226_photometric_0380.jpg,validation,vid0_frame00226
Ryan,C:\Users\main\Frentzen\Project\ISD\training_images_augmented_v2\Ryan\aug_vid0_frame00226_photometric_0395.jpg,validation,vid0_frame00226
Ryan,C:\Users\main\Frentzen\Project\ISD\training_images_augmented_v2\Ryan\raw_vid0_frame00226.jpg,validation,vid0_frame00226
Ryan,C:\Users\main\Frentzen\Project\ISD\training_images_augmented_v2\Ryan\aug_vid0_frame00114_geometric_0080.jpg,validation,vid0_frame00114
Ryan,C:\Users\main\Frentzen\Project\ISD\training_images_augmented_v2\Ryan\aug_vid0_frame00114_geometric_0253.jpg,validation,vid0_frame00114
Ryan,C:\Users\main\Frentzen\Project\ISD\training_images_augmented_v2\Ryan\aug_vid0_frame00114_photometric_0114.jpg,validation,vid0_frame00114
Ryan,C:\Users\main\Frentzen\Project\ISD\training_images_augmented_v2\Ryan\aug_vid0_frame00114_photometric_0288.jpg,validation,vid0_frame00114
Ryan,C:\Users\main\Frentzen\Project\ISD\training_images_augmented_v2\Ryan\raw_vid0_frame00114.jpg,validation,vid0_frame00114
Ryan,C:\Users\main\Frentzen\Project\ISD\training_images_augmented_v2\Ryan\aug_vid0_frame00066_combined_0232.jpg,validation,vid0_frame00066
Ryan,C:\Users\main\Frentzen\Project\ISD\training_images_augmented_v2\Ryan\aug_vid0_frame00066_combined_0301.jpg,validation,vid0_frame00066
Ryan,C:\Users\main\Frentzen\Project\ISD\training_images_augmented_v2\Ryan\aug_vid0_frame00066_fog_0108.jpg,validation,vid0_frame00066
Ryan,C:\Users\main\Frentzen\Project\ISD\training_images_augmented_v2\Ryan\aug_vid0_frame00066_fog_0205.jpg,validation,vid0_frame00066
Ryan,C:\Users\main\Frentzen\Project\ISD\training_images_augmented_v2\Ryan\aug_vid0_frame00066_geometric_0376.jpg,validation,vid0_frame00066
Ryan,C:\Users\main\Frentzen\Project\ISD\training_images_augmented_v2\Ryan\aug_vid0_frame00066_photometric_0260.jpg,validation,vid0_frame00066
Ryan,C:\Users\main\Frentzen\Project\ISD\training_images_augmented_v2\Ryan\aug_vid0_frame00066_rain_0001.jpg,validation,vid0_frame00066
Ryan,C:\Users\main\Frentzen\Project\ISD\training_images_augmented_v2\Ryan\raw_vid0_frame00066.jpg,validation,vid0_frame00066
Ryan,C:\Users\main\Frentzen\Project\ISD\training_images_augmented_v2\Ryan\aug_vid0_frame00024_combined_0090.jpg,validation,vid0_frame00024
Ryan,C:\Users\main\Frentzen\Project\ISD\training_images_augmented_v2\Ryan\aug_vid0_frame00024_geometric_0019.jpg,validation,vid0_frame00024
Ryan,C:\Users\main\Frentzen\Project\ISD\training_images_augmented_v2\Ryan\aug_vid0_frame00024_geometric_0029.jpg,validation,vid0_frame00024
Ryan,C:\Users\main\Frentzen\Project\ISD\training_images_augmented_v2\Ryan\aug_vid0_frame00024_photometric_0256.jpg,validation,vid0_frame00024
Ryan,C:\Users\main\Frentzen\Project\ISD\training_images_augmented_v2\Ryan\aug_vid0_frame00024_rain_0211.jpg,validation,vid0_frame00024
Ryan,C:\Users\main\Frentzen\Project\ISD\training_images_augmented_v2\Ryan\aug_vid0_frame00024_rain_0443.jpg,validation,vid0_frame00024
Ryan,C:\Users\main\Frentzen\Project\ISD\training_images_augmented_v2\Ryan\raw_vid0_frame00024.jpg,validation,vid0_frame00024
Ryan,C:\Users\main\Frentzen\Project\ISD\training_images_augmented_v2\Ryan\aug_vid0_frame00054_combined_0077.jpg,validation,vid0_frame00054
Ryan,C:\Users\main\Frentzen\Project\ISD\training_images_augmented_v2\Ryan\aug_vid0_frame00054_combined_0082.jpg,validation,vid0_frame00054
Ryan,C:\Users\main\Frentzen\Project\ISD\training_images_augmented_v2\Ryan\aug_vid0_frame00054_combined_0420.jpg,validation,vid0_frame00054
Ryan,C:\Users\main\Frentzen\Project\ISD\training_images_augmented_v2\Ryan\aug_vid0_frame00054_combined_0435.jpg,validation,vid0_frame00054
Ryan,C:\Users\main\Frentzen\Project\ISD\training_images_augmented_v2\Ryan\aug_vid0_frame00054_rain_0421.jpg,validation,vid0_frame00054
Ryan,C:\Users\main\Frentzen\Project\ISD\training_images_augmented_v2\Ryan\raw_vid0_frame00054.jpg,validation,vid0_frame00054
Ryan,C:\Users\main\Frentzen\Project\ISD\training_images_augmented_v2\Ryan\aug_vid0_frame00142_combined_0132.jpg,validation,vid0_frame00142
Ryan,C:\Users\main\Frentzen\Project\ISD\training_images_augmented_v2\Ryan\raw_vid0_frame00142.jpg,validation,vid0_frame00142
Ryan,C:\Users\main\Frentzen\Project\ISD\training_images_augmented_v2\Ryan\aug_vid0_frame00004_combined_0342.jpg,validation,vid0_frame00004
Ryan,C:\Users\main\Frentzen\Project\ISD\training_images_augmented_v2\Ryan\aug_vid0_frame00004_geometric_0314.jpg,validation,vid0_frame00004
Ryan,C:\Users\main\Frentzen\Project\ISD\training_images_augmented_v2\Ryan\aug_vid0_frame00004_occlusion_0445.jpg,validation,vid0_frame00004
Ryan,C:\Users\main\Frentzen\Project\ISD\training_images_augmented_v2\Ryan\aug_vid0_frame00004_photometric_0280.jpg,validation,vid0_frame00004
Ryan,C:\Users\main\Frentzen\Project\ISD\training_images_augmented_v2\Ryan\aug_vid0_frame00004_snow_0104.jpg,validation,vid0_frame00004
Ryan,C:\Users\main\Frentzen\Project\ISD\training_images_augmented_v2\Ryan\raw_vid0_frame00004.jpg,validation,vid0_frame00004
Ryan,C:\Users\main\Frentzen\Project\ISD\training_images_augmented_v2\Ryan\aug_vid0_frame00152_combined_0049.jpg,validation,vid0_frame00152
Ryan,C:\Users\main\Frentzen\Project\ISD\training_images_augmented_v2\Ryan\aug_vid0_frame00152_geometric_0032.jpg,validation,vid0_frame00152
Ryan,C:\Users\main\Frentzen\Project\ISD\training_images_augmented_v2\Ryan\aug_vid0_frame00152_occlusion_0084.jpg,validation,vid0_frame00152
Ryan,C:\Users\main\Frentzen\Project\ISD\training_images_augmented_v2\Ryan\raw_vid0_frame00152.jpg,validation,vid0_frame00152
Ryan,C:\Users\main\Frentzen\Project\ISD\training_images_augmented_v2\Ryan\aug_vid0_frame00212_photometric_0011.jpg,validation,vid0_frame00212
Ryan,C:\Users\main\Frentzen\Project\ISD\training_images_augmented_v2\Ryan\aug_vid0_frame00212_photometric_0210.jpg,validation,vid0_frame00212
Ryan,C:\Users\main\Frentzen\Project\ISD\training_images_augmented_v2\Ryan\aug_vid0_frame00212_rain_0306.jpg,validation,vid0_frame00212
Ryan,C:\Users\main\Frentzen\Project\ISD\training_images_augmented_v2\Ryan\raw_vid0_frame00212.jpg,validation,vid0_frame00212
Ryan,C:\Users\main\Frentzen\Project\ISD\training_images_augmented_v2\Ryan\aug_vid0_frame00190_geometric_0138.jpg,validation,vid0_frame00190
Ryan,C:\Users\main\Frentzen\Project\ISD\training_images_augmented_v2\Ryan\aug_vid0_frame00190_geometric_0233.jpg,validation,vid0_frame00190
Ryan,C:\Users\main\Frentzen\Project\ISD\training_images_augmented_v2\Ryan\aug_vid0_frame00190_geometric_0363.jpg,validation,vid0_frame00190
Ryan,C:\Users\main\Frentzen\Project\ISD\training_images_augmented_v2\Ryan\aug_vid0_frame00190_occlusion_0339.jpg,validation,vid0_frame00190
Ryan,C:\Users\main\Frentzen\Project\ISD\training_images_augmented_v2\Ryan\aug_vid0_frame00190_photometric_0030.jpg,validation,vid0_frame00190
Ryan,C:\Users\main\Frentzen\Project\ISD\training_images_augmented_v2\Ryan\aug_vid0_frame00190_rain_0180.jpg,validation,vid0_frame00190
Ryan,C:\Users\main\Frentzen\Project\ISD\training_images_augmented_v2\Ryan\raw_vid0_frame00190.jpg,validation,vid0_frame00190
Ryan,C:\Users\main\Frentzen\Project\ISD\training_images_augmented_v2\Ryan\aug_vid0_frame00162_geometric_0103.jpg,validation,vid0_frame00162
Ryan,C:\Users\main\Frentzen\Project\ISD\training_images_augmented_v2\Ryan\raw_vid0_frame00162.jpg,validation,vid0_frame00162
Ryan,C:\Users\main\Frentzen\Project\ISD\training_images_augmented_v2\Ryan\aug_vid0_frame00262_fog_0240.jpg,validation,vid0_frame00262
Ryan,C:\Users\main\Frentzen\Project\ISD\training_images_augmented_v2\Ryan\aug_vid0_frame00262_fog_0337.jpg,validation,vid0_frame00262
Ryan,C:\Users\main\Frentzen\Project\ISD\training_images_augmented_v2\Ryan\aug_vid0_frame00262_photometric_0436.jpg,validation,vid0_frame00262
Ryan,C:\Users\main\Frentzen\Project\ISD\training_images_augmented_v2\Ryan\raw_vid0_frame00262.jpg,validation,vid0_frame00262
Ryan,C:\Users\main\Frentzen\Project\ISD\training_images_augmented_v2\Ryan\raw_vid0_frame00110.jpg,validation,vid0_frame00110
Ryan,C:\Users\main\Frentzen\Project\ISD\training_images_augmented_v2\Ryan\aug_vid0_frame00072_occlusion_0095.jpg,validation,vid0_frame00072
Ryan,C:\Users\main\Frentzen\Project\ISD\training_images_augmented_v2\Ryan\aug_vid0_frame00072_occlusion_0318.jpg,validation,vid0_frame00072
Ryan,C:\Users\main\Frentzen\Project\ISD\training_images_augmented_v2\Ryan\aug_vid0_frame00072_photometric_0279.jpg,validation,vid0_frame00072
Ryan,C:\Users\main\Frentzen\Project\ISD\training_images_augmented_v2\Ryan\raw_vid0_frame00072.jpg,validation,vid0_frame00072
Ryan,C:\Users\main\Frentzen\Project\ISD\training_images_augmented_v2\Ryan\aug_vid0_frame00220_combined_0171.jpg,validation,vid0_frame00220
Ryan,C:\Users\main\Frentzen\Project\ISD\training_images_augmented_v2\Ryan\aug_vid0_frame00220_geometric_0437.jpg,validation,vid0_frame00220
Ryan,C:\Users\main\Frentzen\Project\ISD\training_images_augmented_v2\Ryan\aug_vid0_frame00220_rain_0379.jpg,validation,vid0_frame00220
Ryan,C:\Users\main\Frentzen\Project\ISD\training_images_augmented_v2\Ryan\aug_vid0_frame00220_snow_0378.jpg,validation,vid0_frame00220
Ryan,C:\Users\main\Frentzen\Project\ISD\training_images_augmented_v2\Ryan\raw_vid0_frame00220.jpg,validation,vid0_frame00220
Ryan,C:\Users\main\Frentzen\Project\ISD\training_images_augmented_v2\Ryan\aug_vid0_frame00286_geometric_0118.jpg,validation,vid0_frame00286
Ryan,C:\Users\main\Frentzen\Project\ISD\training_images_augmented_v2\Ryan\aug_vid0_frame00286_geometric_0324.jpg,validation,vid0_frame00286
Ryan,C:\Users\main\Frentzen\Project\ISD\training_images_augmented_v2\Ryan\aug_vid0_frame00286_occlusion_0191.jpg,validation,vid0_frame00286
Ryan,C:\Users\main\Frentzen\Project\ISD\training_images_augmented_v2\Ryan\aug_vid0_frame00286_photometric_0089.jpg,validation,vid0_frame00286
Ryan,C:\Users\main\Frentzen\Project\ISD\training_images_augmented_v2\Ryan\aug_vid0_frame00286_photometric_0426.jpg,validation,vid0_frame00286
Ryan,C:\Users\main\Frentzen\Project\ISD\training_images_augmented_v2\Ryan\aug_vid0_frame00286_snow_0013.jpg,validation,vid0_frame00286
Ryan,C:\Users\main\Frentzen\Project\ISD\training_images_augmented_v2\Ryan\raw_vid0_frame00286.jpg,validation,vid0_frame00286
Ryan,C:\Users\main\Frentzen\Project\ISD\training_images_augmented_v2\Ryan\aug_vid0_frame00298_combined_0106.jpg,validation,vid0_frame00298
Ryan,C:\Users\main\Frentzen\Project\ISD\training_images_augmented_v2\Ryan\aug_vid0_frame00298_combined_0147.jpg,validation,vid0_frame00298
Ryan,C:\Users\main\Frentzen\Project\ISD\training_images_augmented_v2\Ryan\aug_vid0_frame00298_combined_0214.jpg,validation,vid0_frame00298
Ryan,C:\Users\main\Frentzen\Project\ISD\training_images_augmented_v2\Ryan\aug_vid0_frame00298_occlusion_0183.jpg,validation,vid0_frame00298
Ryan,C:\Users\main\Frentzen\Project\ISD\training_images_augmented_v2\Ryan\aug_vid0_frame00298_photometric_0087.jpg,validation,vid0_frame00298
Ryan,C:\Users\main\Frentzen\Project\ISD\training_images_augmented_v2\Ryan\aug_vid0_frame00298_rain_0235.jpg,validation,vid0_frame00298
Ryan,C:\Users\main\Frentzen\Project\ISD\training_images_augmented_v2\Ryan\raw_vid0_frame00298.jpg,validation,vid0_frame00298
Ryan,C:\Users\main\Frentzen\Project\ISD\training_images_augmented_v2\Ryan\aug_vid0_frame00134_combined_0409.jpg,validation,vid0_frame00134
Ryan,C:\Users\main\Frentzen\Project\ISD\training_images_augmented_v2\Ryan\aug_vid0_frame00134_geometric_0362.jpg,validation,vid0_frame00134
Ryan,C:\Users\main\Frentzen\Project\ISD\training_images_augmented_v2\Ryan\aug_vid0_frame00134_occlusion_0223.jpg,validation,vid0_frame00134
Ryan,C:\Users\main\Frentzen\Project\ISD\training_images_augmented_v2\Ryan\raw_vid0_frame00134.jpg,validation,vid0_frame00134
Ryan,C:\Users\main\Frentzen\Project\ISD\training_images_augmented_v2\Ryan\aug_vid0_frame00052_combined_0161.jpg,validation,vid0_frame00052
Ryan,C:\Users\main\Frentzen\Project\ISD\training_images_augmented_v2\Ryan\raw_vid0_frame00052.jpg,validation,vid0_frame00052
Ryan,C:\Users\main\Frentzen\Project\ISD\training_images_augmented_v2\Ryan\aug_vid0_frame00090_geometric_0284.jpg,validation,vid0_frame00090
Ryan,C:\Users\main\Frentzen\Project\ISD\training_images_augmented_v2\Ryan\aug_vid0_frame00090_photometric_0404.jpg,validation,vid0_frame00090
Ryan,C:\Users\main\Frentzen\Project\ISD\training_images_augmented_v2\Ryan\raw_vid0_frame00090.jpg,validation,vid0_frame00090
Ryan,C:\Users\main\Frentzen\Project\ISD\training_images_augmented_v2\Ryan\aug_vid0_frame00232_photometric_0412.jpg,validation,vid0_frame00232
Ryan,C:\Users\main\Frentzen\Project\ISD\training_images_augmented_v2\Ryan\raw_vid0_frame00232.jpg,validation,vid0_frame00232
Ryan,C:\Users\main\Frentzen\Project\ISD\training_images_augmented_v2\Ryan\aug_vid0_frame00136_geometric_0051.jpg,validation,vid0_frame00136
Ryan,C:\Users\main\Frentzen\Project\ISD\training_images_augmented_v2\Ryan\aug_vid0_frame00136_geometric_0444.jpg,validation,vid0_frame00136
Ryan,C:\Users\main\Frentzen\Project\ISD\training_images_augmented_v2\Ryan\aug_vid0_frame00136_occlusion_0245.jpg,validation,vid0_frame00136
Ryan,C:\Users\main\Frentzen\Project\ISD\training_images_augmented_v2\Ryan\aug_vid0_frame00136_photometric_0246.jpg,validation,vid0_frame00136
Ryan,C:\Users\main\Frentzen\Project\ISD\training_images_augmented_v2\Ryan\raw_vid0_frame00136.jpg,validation,vid0_frame00136
Ryan,C:\Users\main\Frentzen\Project\ISD\training_images_augmented_v2\Ryan\raw_vid0_frame00048.jpg,validation,vid0_frame00048
Ryan,C:\Users\main\Frentzen\Project\ISD\training_images_augmented_v2\Ryan\aug_vid0_frame00094_fog_0424.jpg,validation,vid0_frame00094
Ryan,C:\Users\main\Frentzen\Project\ISD\training_images_augmented_v2\Ryan\aug_vid0_frame00094_geometric_0250.jpg,validation,vid0_frame00094
Ryan,C:\Users\main\Frentzen\Project\ISD\training_images_augmented_v2\Ryan\raw_vid0_frame00094.jpg,validation,vid0_frame00094
Ryan,C:\Users\main\Frentzen\Project\ISD\training_images_augmented_v2\Ryan\aug_vid0_frame00104_geometric_0281.jpg,test,vid0_frame00104
Ryan,C:\Users\main\Frentzen\Project\ISD\training_images_augmented_v2\Ryan\raw_vid0_frame00104.jpg,test,vid0_frame00104
Ryan,C:\Users\main\Frentzen\Project\ISD\training_images_augmented_v2\Ryan\aug_vid0_frame00182_combined_0248.jpg,test,vid0_frame00182
Ryan,C:\Users\main\Frentzen\Project\ISD\training_images_augmented_v2\Ryan\aug_vid0_frame00182_geometric_0274.jpg,test,vid0_frame00182
Ryan,C:\Users\main\Frentzen\Project\ISD\training_images_augmented_v2\Ryan\aug_vid0_frame00182_photometric_0289.jpg,test,vid0_frame00182
Ryan,C:\Users\main\Frentzen\Project\ISD\training_images_augmented_v2\Ryan\aug_vid0_frame00182_rain_0249.jpg,test,vid0_frame00182
Ryan,C:\Users\main\Frentzen\Project\ISD\training_images_augmented_v2\Ryan\raw_vid0_frame00182.jpg,test,vid0_frame00182
Ryan,C:\Users\main\Frentzen\Project\ISD\training_images_augmented_v2\Ryan\aug_vid0_frame00166_geometric_0416.jpg,test,vid0_frame00166
Ryan,C:\Users\main\Frentzen\Project\ISD\training_images_augmented_v2\Ryan\aug_vid0_frame00166_snow_0267.jpg,test,vid0_frame00166
Ryan,C:\Users\main\Frentzen\Project\ISD\training_images_augmented_v2\Ryan\raw_vid0_frame00166.jpg,test,vid0_frame00166
Ryan,C:\Users\main\Frentzen\Project\ISD\training_images_augmented_v2\Ryan\aug_vid0_frame00154_fog_0414.jpg,test,vid0_frame00154
Ryan,C:\Users\main\Frentzen\Project\ISD\training_images_augmented_v2\Ryan\aug_vid0_frame00154_occlusion_0192.jpg,test,vid0_frame00154
Ryan,C:\Users\main\Frentzen\Project\ISD\training_images_augmented_v2\Ryan\raw_vid0_frame00154.jpg,test,vid0_frame00154
Ryan,C:\Users\main\Frentzen\Project\ISD\training_images_augmented_v2\Ryan\aug_vid0_frame00128_occlusion_0299.jpg,test,vid0_frame00128
Ryan,C:\Users\main\Frentzen\Project\ISD\training_images_augmented_v2\Ryan\aug_vid0_frame00128_photometric_0258.jpg,test,vid0_frame00128
Ryan,C:\Users\main\Frentzen\Project\ISD\training_images_augmented_v2\Ryan\raw_vid0_frame00128.jpg,test,vid0_frame00128
Ryan,C:\Users\main\Frentzen\Project\ISD\training_images_augmented_v2\Ryan\aug_vid0_frame00206_geometric_0194.jpg,test,vid0_frame00206
Ryan,C:\Users\main\Frentzen\Project\ISD\training_images_augmented_v2\Ryan\aug_vid0_frame00206_photometric_0079.jpg,test,vid0_frame00206
Ryan,C:\Users\main\Frentzen\Project\ISD\training_images_augmented_v2\Ryan\raw_vid0_frame00206.jpg,test,vid0_frame00206
Ryan,C:\Users\main\Frentzen\Project\ISD\training_images_augmented_v2\Ryan\aug_vid0_frame00300_geometric_0361.jpg,test,vid0_frame00300
Ryan,C:\Users\main\Frentzen\Project\ISD\training_images_augmented_v2\Ryan\aug_vid0_frame00300_photometric_0239.jpg,test,vid0_frame00300
Ryan,C:\Users\main\Frentzen\Project\ISD\training_images_augmented_v2\Ryan\aug_vid0_frame00300_rain_0167.jpg,test,vid0_frame00300
Ryan,C:\Users\main\Frentzen\Project\ISD\training_images_augmented_v2\Ryan\raw_vid0_frame00300.jpg,test,vid0_frame00300
Ryan,C:\Users\main\Frentzen\Project\ISD\training_images_augmented_v2\Ryan\aug_vid0_frame00124_fog_0286.jpg,test,vid0_frame00124
Ryan,C:\Users\main\Frentzen\Project\ISD\training_images_augmented_v2\Ryan\raw_vid0_frame00124.jpg,test,vid0_frame00124
Ryan,C:\Users\main\Frentzen\Project\ISD\training_images_augmented_v2\Ryan\aug_vid0_frame00240_combined_0186.jpg,test,vid0_frame00240
Ryan,C:\Users\main\Frentzen\Project\ISD\training_images_augmented_v2\Ryan\aug_vid0_frame00240_combined_0321.jpg,test,vid0_frame00240
Ryan,C:\Users\main\Frentzen\Project\ISD\training_images_augmented_v2\Ryan\aug_vid0_frame00240_geometric_0119.jpg,test,vid0_frame00240
Ryan,C:\Users\main\Frentzen\Project\ISD\training_images_augmented_v2\Ryan\aug_vid0_frame00240_geometric_0406.jpg,test,vid0_frame00240
Ryan,C:\Users\main\Frentzen\Project\ISD\training_images_augmented_v2\Ryan\raw_vid0_frame00240.jpg,test,vid0_frame00240
Ryan,C:\Users\main\Frentzen\Project\ISD\training_images_augmented_v2\Ryan\aug_vid0_frame00076_combined_0377.jpg,test,vid0_frame00076
Ryan,C:\Users\main\Frentzen\Project\ISD\training_images_augmented_v2\Ryan\aug_vid0_frame00076_geometric_0096.jpg,test,vid0_frame00076
Ryan,C:\Users\main\Frentzen\Project\ISD\training_images_augmented_v2\Ryan\aug_vid0_frame00076_rain_0151.jpg,test,vid0_frame00076
Ryan,C:\Users\main\Frentzen\Project\ISD\training_images_augmented_v2\Ryan\raw_vid0_frame00076.jpg,test,vid0_frame00076
Ryan,C:\Users\main\Frentzen\Project\ISD\training_images_augmented_v2\Ryan\aug_vid0_frame00026_rain_0028.jpg,test,vid0_frame00026
Ryan,C:\Users\main\Frentzen\Project\ISD\training_images_augmented_v2\Ryan\raw_vid0_frame00026.jpg,test,vid0_frame00026
Ryan,C:\Users\main\Frentzen\Project\ISD\training_images_augmented_v2\Ryan\aug_vid0_frame00280_fog_0038.jpg,test,vid0_frame00280
Ryan,C:\Users\main\Frentzen\Project\ISD\training_images_augmented_v2\Ryan\aug_vid0_frame00280_geometric_0446.jpg,test,vid0_frame00280
Ryan,C:\Users\main\Frentzen\Project\ISD\training_images_augmented_v2\Ryan\raw_vid0_frame00280.jpg,test,vid0_frame00280
Ryan,C:\Users\main\Frentzen\Project\ISD\training_images_augmented_v2\Ryan\aug_vid0_frame00228_combined_0065.jpg,test,vid0_frame00228
Ryan,C:\Users\main\Frentzen\Project\ISD\training_images_augmented_v2\Ryan\aug_vid0_frame00228_combined_0428.jpg,test,vid0_frame00228
Ryan,C:\Users\main\Frentzen\Project\ISD\training_images_augmented_v2\Ryan\aug_vid0_frame00228_geometric_0317.jpg,test,vid0_frame00228
Ryan,C:\Users\main\Frentzen\Project\ISD\training_images_augmented_v2\Ryan\aug_vid0_frame00228_photometric_0394.jpg,test,vid0_frame00228
Ryan,C:\Users\main\Frentzen\Project\ISD\training_images_augmented_v2\Ryan\aug_vid0_frame00228_rain_0271.jpg,test,vid0_frame00228
Ryan,C:\Users\main\Frentzen\Project\ISD\training_images_augmented_v2\Ryan\raw_vid0_frame00228.jpg,test,vid0_frame00228
Ryan,C:\Users\main\Frentzen\Project\ISD\training_images_augmented_v2\Ryan\aug_vid0_frame00068_geometric_0040.jpg,test,vid0_frame00068
Ryan,C:\Users\main\Frentzen\Project\ISD\training_images_augmented_v2\Ryan\aug_vid0_frame00068_geometric_0209.jpg,test,vid0_frame00068
Ryan,C:\Users\main\Frentzen\Project\ISD\training_images_augmented_v2\Ryan\aug_vid0_frame00068_rain_0023.jpg,test,vid0_frame00068
Ryan,C:\Users\main\Frentzen\Project\ISD\training_images_augmented_v2\Ryan\raw_vid0_frame00068.jpg,test,vid0_frame00068
Ryan,C:\Users\main\Frentzen\Project\ISD\training_images_augmented_v2\Ryan\raw_vid0_frame00218.jpg,test,vid0_frame00218
Ryan,C:\Users\main\Frentzen\Project\ISD\training_images_augmented_v2\Ryan\aug_vid0_frame00176_combined_0405.jpg,test,vid0_frame00176
Ryan,C:\Users\main\Frentzen\Project\ISD\training_images_augmented_v2\Ryan\aug_vid0_frame00176_fog_0156.jpg,test,vid0_frame00176
Ryan,C:\Users\main\Frentzen\Project\ISD\training_images_augmented_v2\Ryan\aug_vid0_frame00176_rain_0276.jpg,test,vid0_frame00176
Ryan,C:\Users\main\Frentzen\Project\ISD\training_images_augmented_v2\Ryan\raw_vid0_frame00176.jpg,test,vid0_frame00176
Ryan,C:\Users\main\Frentzen\Project\ISD\training_images_augmented_v2\Ryan\aug_vid0_frame00146_occlusion_0085.jpg,test,vid0_frame00146
Ryan,C:\Users\main\Frentzen\Project\ISD\training_images_augmented_v2\Ryan\raw_vid0_frame00146.jpg,test,vid0_frame00146
Ryan,C:\Users\main\Frentzen\Project\ISD\training_images_augmented_v2\Ryan\aug_vid0_frame00288_fog_0308.jpg,test,vid0_frame00288
Ryan,C:\Users\main\Frentzen\Project\ISD\training_images_augmented_v2\Ryan\aug_vid0_frame00288_occlusion_0390.jpg,test,vid0_frame00288
Ryan,C:\Users\main\Frentzen\Project\ISD\training_images_augmented_v2\Ryan\aug_vid0_frame00288_photometric_0098.jpg,test,vid0_frame00288
Ryan,C:\Users\main\Frentzen\Project\ISD\training_images_augmented_v2\Ryan\raw_vid0_frame00288.jpg,test,vid0_frame00288
Ryan,C:\Users\main\Frentzen\Project\ISD\training_images_augmented_v2\Ryan\aug_vid0_frame00258_combined_0275.jpg,test,vid0_frame00258
Ryan,C:\Users\main\Frentzen\Project\ISD\training_images_augmented_v2\Ryan\aug_vid0_frame00258_occlusion_0369.jpg,test,vid0_frame00258
Ryan,C:\Users\main\Frentzen\Project\ISD\training_images_augmented_v2\Ryan\aug_vid0_frame00258_photometric_0039.jpg,test,vid0_frame00258
Ryan,C:\Users\main\Frentzen\Project\ISD\training_images_augmented_v2\Ryan\aug_vid0_frame00258_photometric_0261.jpg,test,vid0_frame00258
Ryan,C:\Users\main\Frentzen\Project\ISD\training_images_augmented_v2\Ryan\raw_vid0_frame00258.jpg,test,vid0_frame00258
Ryan,C:\Users\main\Frentzen\Project\ISD\training_images_augmented_v2\Ryan\aug_vid0_frame00266_geometric_0092.jpg,test,vid0_frame00266
Ryan,C:\Users\main\Frentzen\Project\ISD\training_images_augmented_v2\Ryan\aug_vid0_frame00266_occlusion_0415.jpg,test,vid0_frame00266
Ryan,C:\Users\main\Frentzen\Project\ISD\training_images_augmented_v2\Ryan\aug_vid0_frame00266_photometric_0008.jpg,test,vid0_frame00266
Ryan,C:\Users\main\Frentzen\Project\ISD\training_images_augmented_v2\Ryan\raw_vid0_frame00266.jpg,test,vid0_frame00266
Ryan,C:\Users\main\Frentzen\Project\ISD\training_images_augmented_v2\Ryan\aug_vid0_frame00148_geometric_0331.jpg,test,vid0_frame00148
Ryan,C:\Users\main\Frentzen\Project\ISD\training_images_augmented_v2\Ryan\aug_vid0_frame00148_photometric_0025.jpg,test,vid0_frame00148
Ryan,C:\Users\main\Frentzen\Project\ISD\training_images_augmented_v2\Ryan\aug_vid0_frame00148_photometric_0054.jpg,test,vid0_frame00148
Ryan,C:\Users\main\Frentzen\Project\ISD\training_images_augmented_v2\Ryan\raw_vid0_frame00148.jpg,test,vid0_frame00148
Ryan,C:\Users\main\Frentzen\Project\ISD\training_images_augmented_v2\Ryan\aug_vid0_frame00098_geometric_0002.jpg,test,vid0_frame00098
Ryan,C:\Users\main\Frentzen\Project\ISD\training_images_augmented_v2\Ryan\aug_vid0_frame00098_geometric_0045.jpg,test,vid0_frame00098
Ryan,C:\Users\main\Frentzen\Project\ISD\training_images_augmented_v2\Ryan\aug_vid0_frame00098_geometric_0268.jpg,test,vid0_frame00098
Ryan,C:\Users\main\Frentzen\Project\ISD\training_images_augmented_v2\Ryan\aug_vid0_frame00098_photometric_0074.jpg,test,vid0_frame00098
Ryan,C:\Users\main\Frentzen\Project\ISD\training_images_augmented_v2\Ryan\aug_vid0_frame00098_snow_0431.jpg,test,vid0_frame00098
Ryan,C:\Users\main\Frentzen\Project\ISD\training_images_augmented_v2\Ryan\raw_vid0_frame00098.jpg,test,vid0_frame00098
Ryan,C:\Users\main\Frentzen\Project\ISD\training_images_augmented_v2\Ryan\aug_vid0_frame00238_fog_0422.jpg,test,vid0_frame00238
Ryan,C:\Users\main\Frentzen\Project\ISD\training_images_augmented_v2\Ryan\aug_vid0_frame00238_photometric_0056.jpg,test,vid0_frame00238
Ryan,C:\Users\main\Frentzen\Project\ISD\training_images_augmented_v2\Ryan\aug_vid0_frame00238_photometric_0351.jpg,test,vid0_frame00238
Ryan,C:\Users\main\Frentzen\Project\ISD\training_images_augmented_v2\Ryan\raw_vid0_frame00238.jpg,test,vid0_frame00238
Ryan,C:\Users\main\Frentzen\Project\ISD\training_images_augmented_v2\Ryan\aug_vid0_frame00086_fog_0382.jpg,test,vid0_frame00086
Ryan,C:\Users\main\Frentzen\Project\ISD\training_images_augmented_v2\Ryan\aug_vid0_frame00086_occlusion_0335.jpg,test,vid0_frame00086
Ryan,C:\Users\main\Frentzen\Project\ISD\training_images_augmented_v2\Ryan\aug_vid0_frame00086_rain_0140.jpg,test,vid0_frame00086
Ryan,C:\Users\main\Frentzen\Project\ISD\training_images_augmented_v2\Ryan\aug_vid0_frame00086_snow_0081.jpg,test,vid0_frame00086
Ryan,C:\Users\main\Frentzen\Project\ISD\training_images_augmented_v2\Ryan\raw_vid0_frame00086.jpg,test,vid0_frame00086
Ryan,C:\Users\main\Frentzen\Project\ISD\training_images_augmented_v2\Ryan\aug_vid0_frame00252_occlusion_0400.jpg,test,vid0_frame00252
Ryan,C:\Users\main\Frentzen\Project\ISD\training_images_augmented_v2\Ryan\aug_vid0_frame00252_photometric_0067.jpg,test,vid0_frame00252
Ryan,C:\Users\main\Frentzen\Project\ISD\training_images_augmented_v2\Ryan\aug_vid0_frame00252_photometric_0133.jpg,test,vid0_frame00252
Ryan,C:\Users\main\Frentzen\Project\ISD\training_images_augmented_v2\Ryan\aug_vid0_frame00252_photometric_0287.jpg,test,vid0_frame00252
Ryan,C:\Users\main\Frentzen\Project\ISD\training_images_augmented_v2\Ryan\aug_vid0_frame00252_rain_0124.jpg,test,vid0_frame00252
Ryan,C:\Users\main\Frentzen\Project\ISD\training_images_augmented_v2\Ryan\raw_vid0_frame00252.jpg,test,vid0_frame00252
Ryan,C:\Users\main\Frentzen\Project\ISD\training_images_augmented_v2\Ryan\aug_vid0_frame00196_combined_0438.jpg,test,vid0_frame00196
Ryan,C:\Users\main\Frentzen\Project\ISD\training_images_augmented_v2\Ryan\aug_vid0_frame00196_fog_0055.jpg,test,vid0_frame00196
Ryan,C:\Users\main\Frentzen\Project\ISD\training_images_augmented_v2\Ryan\raw_vid0_frame00196.jpg,test,vid0_frame00196
Ryan,C:\Users\main\Frentzen\Project\ISD\training_images_augmented_v2\Ryan\aug_vid0_frame00236_fog_0143.jpg,test,vid0_frame00236
Ryan,C:\Users\main\Frentzen\Project\ISD\training_images_augmented_v2\Ryan\raw_vid0_frame00236.jpg,test,vid0_frame00236
Ryan,C:\Users\main\Frentzen\Project\ISD\training_images_augmented_v2\Ryan\aug_vid0_frame00060_occlusion_0212.jpg,test,vid0_frame00060
Ryan,C:\Users\main\Frentzen\Project\ISD\training_images_augmented_v2\Ryan\aug_vid0_frame00060_photometric_0311.jpg,test,vid0_frame00060
Ryan,C:\Users\main\Frentzen\Project\ISD\training_images_augmented_v2\Ryan\aug_vid0_frame00060_rain_0225.jpg,test,vid0_frame00060
Ryan,C:\Users\main\Frentzen\Project\ISD\training_images_augmented_v2\Ryan\aug_vid0_frame00060_snow_0086.jpg,test,vid0_frame00060
Ryan,C:\Users\main\Frentzen\Project\ISD\training_images_augmented_v2\Ryan\raw_vid0_frame00060.jpg,test,vid0_frame00060
Ryan,C:\Users\main\Frentzen\Project\ISD\training_images_augmented_v2\Ryan\aug_vid0_frame00270_photometric_0123.jpg,test,vid0_frame00270
Ryan,C:\Users\main\Frentzen\Project\ISD\training_images_augmented_v2\Ryan\aug_vid0_frame00270_photometric_0365.jpg,test,vid0_frame00270
Ryan,C:\Users\main\Frentzen\Project\ISD\training_images_augmented_v2\Ryan\raw_vid0_frame00270.jpg,test,vid0_frame00270
Ryan,C:\Users\main\Frentzen\Project\ISD\training_images_augmented_v2\Ryan\aug_vid0_frame00230_combined_0012.jpg,test,vid0_frame00230
Ryan,C:\Users\main\Frentzen\Project\ISD\training_images_augmented_v2\Ryan\aug_vid0_frame00230_combined_0176.jpg,test,vid0_frame00230
Ryan,C:\Users\main\Frentzen\Project\ISD\training_images_augmented_v2\Ryan\aug_vid0_frame00230_combined_0200.jpg,test,vid0_frame00230
Ryan,C:\Users\main\Frentzen\Project\ISD\training_images_augmented_v2\Ryan\raw_vid0_frame00230.jpg,test,vid0_frame00230
Ryan,C:\Users\main\Frentzen\Project\ISD\training_images_augmented_v2\Ryan\aug_vid0_frame00008_geometric_0155.jpg,test,vid0_frame00008
Ryan,C:\Users\main\Frentzen\Project\ISD\training_images_augmented_v2\Ryan\aug_vid0_frame00008_geometric_0398.jpg,test,vid0_frame00008
Ryan,C:\Users\main\Frentzen\Project\ISD\training_images_augmented_v2\Ryan\aug_vid0_frame00008_photometric_0282.jpg,test,vid0_frame00008
Ryan,C:\Users\main\Frentzen\Project\ISD\training_images_augmented_v2\Ryan\aug_vid0_frame00008_photometric_0399.jpg,test,vid0_frame00008
Ryan,C:\Users\main\Frentzen\Project\ISD\training_images_augmented_v2\Ryan\aug_vid0_frame00008_rain_0349.jpg,test,vid0_frame00008
Ryan,C:\Users\main\Frentzen\Project\ISD\training_images_augmented_v2\Ryan\raw_vid0_frame00008.jpg,test,vid0_frame00008
Ryan,C:\Users\main\Frentzen\Project\ISD\training_images_augmented_v2\Ryan\aug_vid0_frame00186_combined_0154.jpg,test,vid0_frame00186
Ryan,C:\Users\main\Frentzen\Project\ISD\training_images_augmented_v2\Ryan\aug_vid0_frame00186_geometric_0060.jpg,test,vid0_frame00186
Ryan,C:\Users\main\Frentzen\Project\ISD\training_images_augmented_v2\Ryan\aug_vid0_frame00186_rain_0278.jpg,test,vid0_frame00186
Ryan,C:\Users\main\Frentzen\Project\ISD\training_images_augmented_v2\Ryan\raw_vid0_frame00186.jpg,test,vid0_frame00186
Ryan,C:\Users\main\Frentzen\Project\ISD\training_images_augmented_v2\Ryan\aug_vid0_frame00278_combined_0173.jpg,test,vid0_frame00278
Ryan,C:\Users\main\Frentzen\Project\ISD\training_images_augmented_v2\Ryan\aug_vid0_frame00278_photometric_0336.jpg,test,vid0_frame00278
Ryan,C:\Users\main\Frentzen\Project\ISD\training_images_augmented_v2\Ryan\raw_vid0_frame00278.jpg,test,vid0_frame00278
Ryan,C:\Users\main\Frentzen\Project\ISD\training_images_augmented_v2\Ryan\aug_vid0_frame00038_combined_0042.jpg,test,vid0_frame00038
Ryan,C:\Users\main\Frentzen\Project\ISD\training_images_augmented_v2\Ryan\aug_vid0_frame00038_geometric_0198.jpg,test,vid0_frame00038
Ryan,C:\Users\main\Frentzen\Project\ISD\training_images_augmented_v2\Ryan\aug_vid0_frame00038_snow_0388.jpg,test,vid0_frame00038
Ryan,C:\Users\main\Frentzen\Project\ISD\training_images_augmented_v2\Ryan\raw_vid0_frame00038.jpg,test,vid0_frame00038
Ryan,C:\Users\main\Frentzen\Project\ISD\training_images_augmented_v2\Ryan\aug_vid0_frame00200_geometric_0053.jpg,test,vid0_frame00200
Ryan,C:\Users\main\Frentzen\Project\ISD\training_images_augmented_v2\Ryan\aug_vid0_frame00200_geometric_0383.jpg,test,vid0_frame00200
Ryan,C:\Users\main\Frentzen\Project\ISD\training_images_augmented_v2\Ryan\aug_vid0_frame00200_occlusion_0044.jpg,test,vid0_frame00200
Ryan,C:\Users\main\Frentzen\Project\ISD\training_images_augmented_v2\Ryan\aug_vid0_frame00200_photometric_0297.jpg,test,vid0_frame00200
Ryan,C:\Users\main\Frentzen\Project\ISD\training_images_augmented_v2\Ryan\aug_vid0_frame00200_snow_0441.jpg,test,vid0_frame00200
Ryan,C:\Users\main\Frentzen\Project\ISD\training_images_augmented_v2\Ryan\raw_vid0_frame00200.jpg,test,vid0_frame00200
Ryan,C:\Users\main\Frentzen\Project\ISD\training_images_augmented_v2\Ryan\aug_vid0_frame00234_combined_0316.jpg,test,vid0_frame00234
Ryan,C:\Users\main\Frentzen\Project\ISD\training_images_augmented_v2\Ryan\aug_vid0_frame00234_photometric_0353.jpg,test,vid0_frame00234
Ryan,C:\Users\main\Frentzen\Project\ISD\training_images_augmented_v2\Ryan\raw_vid0_frame00234.jpg,test,vid0_frame00234
Ryan,C:\Users\main\Frentzen\Project\ISD\training_images_augmented_v2\Ryan\aug_vid0_frame00292_combined_0384.jpg,test,vid0_frame00292
Ryan,C:\Users\main\Frentzen\Project\ISD\training_images_augmented_v2\Ryan\aug_vid0_frame00292_fog_0254.jpg,test,vid0_frame00292
Ryan,C:\Users\main\Frentzen\Project\ISD\training_images_augmented_v2\Ryan\aug_vid0_frame00292_occlusion_0251.jpg,test,vid0_frame00292
Ryan,C:\Users\main\Frentzen\Project\ISD\training_images_augmented_v2\Ryan\aug_vid0_frame00292_photometric_0330.jpg,test,vid0_frame00292
Ryan,C:\Users\main\Frentzen\Project\ISD\training_images_augmented_v2\Ryan\raw_vid0_frame00292.jpg,test,vid0_frame00292
Ryan,C:\Users\main\Frentzen\Project\ISD\training_images_augmented_v2\Ryan\aug_vid0_frame00188_photometric_0064.jpg,test,vid0_frame00188
Ryan,C:\Users\main\Frentzen\Project\ISD\training_images_augmented_v2\Ryan\raw_vid0_frame00188.jpg,test,vid0_frame00188
Sasi,C:\Users\main\Frentzen\Project\ISD\training_images_augmented_v2\Sasi\raw_vid0_frame00238.jpg,enrollment,vid0_frame00238
Sasi,C:\Users\main\Frentzen\Project\ISD\training_images_augmented_v2\Sasi\aug_vid0_frame00200_geometric_0205.jpg,enrollment,vid0_frame00200
Sasi,C:\Users\main\Frentzen\Project\ISD\training_images_augmented_v2\Sasi\raw_vid0_frame00200.jpg,enrollment,vid0_frame00200
Sasi,C:\Users\main\Frentzen\Project\ISD\training_images_augmented_v2\Sasi\aug_vid0_frame00194_combined_0369.jpg,enrollment,vid0_frame00194
Sasi,C:\Users\main\Frentzen\Project\ISD\training_images_augmented_v2\Sasi\aug_vid0_frame00194_geometric_0212.jpg,enrollment,vid0_frame00194
Sasi,C:\Users\main\Frentzen\Project\ISD\training_images_augmented_v2\Sasi\aug_vid0_frame00194_occlusion_0321.jpg,enrollment,vid0_frame00194
Sasi,C:\Users\main\Frentzen\Project\ISD\training_images_augmented_v2\Sasi\raw_vid0_frame00194.jpg,enrollment,vid0_frame00194
Sasi,C:\Users\main\Frentzen\Project\ISD\training_images_augmented_v2\Sasi\aug_vid0_frame00088_combined_0096.jpg,enrollment,vid0_frame00088
Sasi,C:\Users\main\Frentzen\Project\ISD\training_images_augmented_v2\Sasi\aug_vid0_frame00088_photometric_0446.jpg,enrollment,vid0_frame00088
Sasi,C:\Users\main\Frentzen\Project\ISD\training_images_augmented_v2\Sasi\raw_vid0_frame00088.jpg,enrollment,vid0_frame00088
Sasi,C:\Users\main\Frentzen\Project\ISD\training_images_augmented_v2\Sasi\aug_vid0_frame00290_occlusion_0424.jpg,enrollment,vid0_frame00290
Sasi,C:\Users\main\Frentzen\Project\ISD\training_images_augmented_v2\Sasi\raw_vid0_frame00290.jpg,enrollment,vid0_frame00290
Sasi,C:\Users\main\Frentzen\Project\ISD\training_images_augmented_v2\Sasi\raw_vid0_frame00156.jpg,enrollment,vid0_frame00156
Sasi,C:\Users\main\Frentzen\Project\ISD\training_images_augmented_v2\Sasi\aug_vid0_frame00134_photometric_0089.jpg,enrollment,vid0_frame00134
Sasi,C:\Users\main\Frentzen\Project\ISD\training_images_augmented_v2\Sasi\aug_vid0_frame00134_photometric_0185.jpg,enrollment,vid0_frame00134
Sasi,C:\Users\main\Frentzen\Project\ISD\training_images_augmented_v2\Sasi\raw_vid0_frame00134.jpg,enrollment,vid0_frame00134
Sasi,C:\Users\main\Frentzen\Project\ISD\training_images_augmented_v2\Sasi\aug_vid0_frame00192_fog_0423.jpg,enrollment,vid0_frame00192
Sasi,C:\Users\main\Frentzen\Project\ISD\training_images_augmented_v2\Sasi\aug_vid0_frame00192_geometric_0034.jpg,enrollment,vid0_frame00192
Sasi,C:\Users\main\Frentzen\Project\ISD\training_images_augmented_v2\Sasi\aug_vid0_frame00192_geometric_0231.jpg,enrollment,vid0_frame00192
Sasi,C:\Users\main\Frentzen\Project\ISD\training_images_augmented_v2\Sasi\raw_vid0_frame00192.jpg,enrollment,vid0_frame00192
Sasi,C:\Users\main\Frentzen\Project\ISD\training_images_augmented_v2\Sasi\aug_vid0_frame00046_fog_0253.jpg,enrollment,vid0_frame00046
Sasi,C:\Users\main\Frentzen\Project\ISD\training_images_augmented_v2\Sasi\aug_vid0_frame00046_geometric_0435.jpg,enrollment,vid0_frame00046
Sasi,C:\Users\main\Frentzen\Project\ISD\training_images_augmented_v2\Sasi\aug_vid0_frame00046_snow_0294.jpg,enrollment,vid0_frame00046
Sasi,C:\Users\main\Frentzen\Project\ISD\training_images_augmented_v2\Sasi\raw_vid0_frame00046.jpg,enrollment,vid0_frame00046
Sasi,C:\Users\main\Frentzen\Project\ISD\training_images_augmented_v2\Sasi\aug_vid0_frame00182_geometric_0154.jpg,enrollment,vid0_frame00182
Sasi,C:\Users\main\Frentzen\Project\ISD\training_images_augmented_v2\Sasi\aug_vid0_frame00182_occlusion_0359.jpg,enrollment,vid0_frame00182
Sasi,C:\Users\main\Frentzen\Project\ISD\training_images_augmented_v2\Sasi\aug_vid0_frame00182_occlusion_0372.jpg,enrollment,vid0_frame00182
Sasi,C:\Users\main\Frentzen\Project\ISD\training_images_augmented_v2\Sasi\raw_vid0_frame00182.jpg,enrollment,vid0_frame00182
Sasi,C:\Users\main\Frentzen\Project\ISD\training_images_augmented_v2\Sasi\aug_vid0_frame00016_combined_0411.jpg,enrollment,vid0_frame00016
Sasi,C:\Users\main\Frentzen\Project\ISD\training_images_augmented_v2\Sasi\raw_vid0_frame00016.jpg,enrollment,vid0_frame00016
Sasi,C:\Users\main\Frentzen\Project\ISD\training_images_augmented_v2\Sasi\aug_vid0_frame00278_combined_0171.jpg,enrollment,vid0_frame00278
Sasi,C:\Users\main\Frentzen\Project\ISD\training_images_augmented_v2\Sasi\aug_vid0_frame00278_photometric_0348.jpg,enrollment,vid0_frame00278
Sasi,C:\Users\main\Frentzen\Project\ISD\training_images_augmented_v2\Sasi\raw_vid0_frame00278.jpg,enrollment,vid0_frame00278
Sasi,C:\Users\main\Frentzen\Project\ISD\training_images_augmented_v2\Sasi\aug_vid0_frame00102_combined_0448.jpg,enrollment,vid0_frame00102
Sasi,C:\Users\main\Frentzen\Project\ISD\training_images_augmented_v2\Sasi\aug_vid0_frame00102_geometric_0324.jpg,enrollment,vid0_frame00102
Sasi,C:\Users\main\Frentzen\Project\ISD\training_images_augmented_v2\Sasi\aug_vid0_frame00102_photometric_0327.jpg,enrollment,vid0_frame00102
Sasi,C:\Users\main\Frentzen\Project\ISD\training_images_augmented_v2\Sasi\raw_vid0_frame00102.jpg,enrollment,vid0_frame00102
Sasi,C:\Users\main\Frentzen\Project\ISD\training_images_augmented_v2\Sasi\aug_vid0_frame00204_geometric_0249.jpg,enrollment,vid0_frame00204
Sasi,C:\Users\main\Frentzen\Project\ISD\training_images_augmented_v2\Sasi\aug_vid0_frame00204_geometric_0355.jpg,enrollment,vid0_frame00204
Sasi,C:\Users\main\Frentzen\Project\ISD\training_images_augmented_v2\Sasi\aug_vid0_frame00204_photometric_0012.jpg,enrollment,vid0_frame00204
Sasi,C:\Users\main\Frentzen\Project\ISD\training_images_augmented_v2\Sasi\raw_vid0_frame00204.jpg,enrollment,vid0_frame00204
Sasi,C:\Users\main\Frentzen\Project\ISD\training_images_augmented_v2\Sasi\aug_vid0_frame00162_geometric_0414.jpg,enrollment,vid0_frame00162
Sasi,C:\Users\main\Frentzen\Project\ISD\training_images_augmented_v2\Sasi\aug_vid0_frame00162_occlusion_0112.jpg,enrollment,vid0_frame00162
Sasi,C:\Users\main\Frentzen\Project\ISD\training_images_augmented_v2\Sasi\aug_vid0_frame00162_occlusion_0361.jpg,enrollment,vid0_frame00162
Sasi,C:\Users\main\Frentzen\Project\ISD\training_images_augmented_v2\Sasi\aug_vid0_frame00162_photometric_0064.jpg,enrollment,vid0_frame00162
Sasi,C:\Users\main\Frentzen\Project\ISD\training_images_augmented_v2\Sasi\aug_vid0_frame00162_photometric_0215.jpg,enrollment,vid0_frame00162
Sasi,C:\Users\main\Frentzen\Project\ISD\training_images_augmented_v2\Sasi\aug_vid0_frame00162_photometric_0338.jpg,enrollment,vid0_frame00162
Sasi,C:\Users\main\Frentzen\Project\ISD\training_images_augmented_v2\Sasi\raw_vid0_frame00162.jpg,enrollment,vid0_frame00162
Sasi,C:\Users\main\Frentzen\Project\ISD\training_images_augmented_v2\Sasi\aug_vid0_frame00100_fog_0431.jpg,enrollment,vid0_frame00100
Sasi,C:\Users\main\Frentzen\Project\ISD\training_images_augmented_v2\Sasi\aug_vid0_frame00100_photometric_0313.jpg,enrollment,vid0_frame00100
Sasi,C:\Users\main\Frentzen\Project\ISD\training_images_augmented_v2\Sasi\aug_vid0_frame00100_photometric_0442.jpg,enrollment,vid0_frame00100
Sasi,C:\Users\main\Frentzen\Project\ISD\training_images_augmented_v2\Sasi\aug_vid0_frame00100_rain_0346.jpg,enrollment,vid0_frame00100
Sasi,C:\Users\main\Frentzen\Project\ISD\training_images_augmented_v2\Sasi\raw_vid0_frame00100.jpg,enrollment,vid0_frame00100
Sasi,C:\Users\main\Frentzen\Project\ISD\training_images_augmented_v2\Sasi\aug_vid0_frame00218_geometric_0445.jpg,enrollment,vid0_frame00218
Sasi,C:\Users\main\Frentzen\Project\ISD\training_images_augmented_v2\Sasi\aug_vid0_frame00218_photometric_0357.jpg,enrollment,vid0_frame00218
Sasi,C:\Users\main\Frentzen\Project\ISD\training_images_augmented_v2\Sasi\raw_vid0_frame00218.jpg,enrollment,vid0_frame00218
Sasi,C:\Users\main\Frentzen\Project\ISD\training_images_augmented_v2\Sasi\aug_vid0_frame00292_combined_0198.jpg,enrollment,vid0_frame00292
Sasi,C:\Users\main\Frentzen\Project\ISD\training_images_augmented_v2\Sasi\aug_vid0_frame00292_occlusion_0335.jpg,enrollment,vid0_frame00292
Sasi,C:\Users\main\Frentzen\Project\ISD\training_images_augmented_v2\Sasi\aug_vid0_frame00292_photometric_0118.jpg,enrollment,vid0_frame00292
Sasi,C:\Users\main\Frentzen\Project\ISD\training_images_augmented_v2\Sasi\aug_vid0_frame00292_rain_0245.jpg,enrollment,vid0_frame00292
Sasi,C:\Users\main\Frentzen\Project\ISD\training_images_augmented_v2\Sasi\raw_vid0_frame00292.jpg,enrollment,vid0_frame00292
Sasi,C:\Users\main\Frentzen\Project\ISD\training_images_augmented_v2\Sasi\aug_vid0_frame00308_geometric_0113.jpg,enrollment,vid0_frame00308
Sasi,C:\Users\main\Frentzen\Project\ISD\training_images_augmented_v2\Sasi\aug_vid0_frame00308_rain_0232.jpg,enrollment,vid0_frame00308
Sasi,C:\Users\main\Frentzen\Project\ISD\training_images_augmented_v2\Sasi\raw_vid0_frame00308.jpg,enrollment,vid0_frame00308
Sasi,C:\Users\main\Frentzen\Project\ISD\training_images_augmented_v2\Sasi\aug_vid0_frame00306_geometric_0015.jpg,enrollment,vid0_frame00306
Sasi,C:\Users\main\Frentzen\Project\ISD\training_images_augmented_v2\Sasi\aug_vid0_frame00306_geometric_0130.jpg,enrollment,vid0_frame00306
Sasi,C:\Users\main\Frentzen\Project\ISD\training_images_augmented_v2\Sasi\aug_vid0_frame00306_geometric_0349.jpg,enrollment,vid0_frame00306
Sasi,C:\Users\main\Frentzen\Project\ISD\training_images_augmented_v2\Sasi\raw_vid0_frame00306.jpg,enrollment,vid0_frame00306
Sasi,C:\Users\main\Frentzen\Project\ISD\training_images_augmented_v2\Sasi\aug_vid0_frame00002_occlusion_0266.jpg,enrollment,vid0_frame00002
Sasi,C:\Users\main\Frentzen\Project\ISD\training_images_augmented_v2\Sasi\aug_vid0_frame00002_photometric_0002.jpg,enrollment,vid0_frame00002
Sasi,C:\Users\main\Frentzen\Project\ISD\training_images_augmented_v2\Sasi\aug_vid0_frame00002_photometric_0315.jpg,enrollment,vid0_frame00002
Sasi,C:\Users\main\Frentzen\Project\ISD\training_images_augmented_v2\Sasi\aug_vid0_frame00002_photometric_0401.jpg,enrollment,vid0_frame00002
Sasi,C:\Users\main\Frentzen\Project\ISD\training_images_augmented_v2\Sasi\aug_vid0_frame00002_photometric_0425.jpg,enrollment,vid0_frame00002
Sasi,C:\Users\main\Frentzen\Project\ISD\training_images_augmented_v2\Sasi\raw_vid0_frame00002.jpg,enrollment,vid0_frame00002
Sasi,C:\Users\main\Frentzen\Project\ISD\training_images_augmented_v2\Sasi\aug_vid0_frame00026_geometric_0063.jpg,enrollment,vid0_frame00026
Sasi,C:\Users\main\Frentzen\Project\ISD\training_images_augmented_v2\Sasi\aug_vid0_frame00026_geometric_0160.jpg,enrollment,vid0_frame00026
Sasi,C:\Users\main\Frentzen\Project\ISD\training_images_augmented_v2\Sasi\aug_vid0_frame00026_photometric_0204.jpg,enrollment,vid0_frame00026
Sasi,C:\Users\main\Frentzen\Project\ISD\training_images_augmented_v2\Sasi\aug_vid0_frame00026_snow_0213.jpg,enrollment,vid0_frame00026
Sasi,C:\Users\main\Frentzen\Project\ISD\training_images_augmented_v2\Sasi\raw_vid0_frame00026.jpg,enrollment,vid0_frame00026
Sasi,C:\Users\main\Frentzen\Project\ISD\training_images_augmented_v2\Sasi\aug_vid0_frame00210_photometric_0021.jpg,enrollment,vid0_frame00210
Sasi,C:\Users\main\Frentzen\Project\ISD\training_images_augmented_v2\Sasi\raw_vid0_frame00210.jpg,enrollment,vid0_frame00210
Sasi,C:\Users\main\Frentzen\Project\ISD\training_images_augmented_v2\Sasi\aug_vid0_frame00176_combined_0188.jpg,enrollment,vid0_frame00176
Sasi,C:\Users\main\Frentzen\Project\ISD\training_images_augmented_v2\Sasi\raw_vid0_frame00176.jpg,enrollment,vid0_frame00176
Sasi,C:\Users\main\Frentzen\Project\ISD\training_images_augmented_v2\Sasi\aug_vid0_frame00092_combined_0079.jpg,enrollment,vid0_frame00092
Sasi,C:\Users\main\Frentzen\Project\ISD\training_images_augmented_v2\Sasi\aug_vid0_frame00092_photometric_0374.jpg,enrollment,vid0_frame00092
Sasi,C:\Users\main\Frentzen\Project\ISD\training_images_augmented_v2\Sasi\raw_vid0_frame00092.jpg,enrollment,vid0_frame00092
Sasi,C:\Users\main\Frentzen\Project\ISD\training_images_augmented_v2\Sasi\aug_vid0_frame00298_combined_0259.jpg,enrollment,vid0_frame00298
Sasi,C:\Users\main\Frentzen\Project\ISD\training_images_augmented_v2\Sasi\aug_vid0_frame00298_photometric_0092.jpg,enrollment,vid0_frame00298
Sasi,C:\Users\main\Frentzen\Project\ISD\training_images_augmented_v2\Sasi\aug_vid0_frame00298_photometric_0229.jpg,enrollment,vid0_frame00298
Sasi,C:\Users\main\Frentzen\Project\ISD\training_images_augmented_v2\Sasi\raw_vid0_frame00298.jpg,enrollment,vid0_frame00298
Sasi,C:\Users\main\Frentzen\Project\ISD\training_images_augmented_v2\Sasi\aug_vid0_frame00146_combined_0192.jpg,enrollment,vid0_frame00146
Sasi,C:\Users\main\Frentzen\Project\ISD\training_images_augmented_v2\Sasi\aug_vid0_frame00146_geometric_0143.jpg,enrollment,vid0_frame00146
Sasi,C:\Users\main\Frentzen\Project\ISD\training_images_augmented_v2\Sasi\aug_vid0_frame00146_geometric_0222.jpg,enrollment,vid0_frame00146
Sasi,C:\Users\main\Frentzen\Project\ISD\training_images_augmented_v2\Sasi\aug_vid0_frame00146_photometric_0054.jpg,enrollment,vid0_frame00146
Sasi,C:\Users\main\Frentzen\Project\ISD\training_images_augmented_v2\Sasi\aug_vid0_frame00146_rain_0358.jpg,enrollment,vid0_frame00146
Sasi,C:\Users\main\Frentzen\Project\ISD\training_images_augmented_v2\Sasi\raw_vid0_frame00146.jpg,enrollment,vid0_frame00146
Sasi,C:\Users\main\Frentzen\Project\ISD\training_images_augmented_v2\Sasi\aug_vid0_frame00152_fog_0264.jpg,enrollment,vid0_frame00152
Sasi,C:\Users\main\Frentzen\Project\ISD\training_images_augmented_v2\Sasi\aug_vid0_frame00152_photometric_0114.jpg,enrollment,vid0_frame00152
Sasi,C:\Users\main\Frentzen\Project\ISD\training_images_augmented_v2\Sasi\aug_vid0_frame00152_rain_0066.jpg,enrollment,vid0_frame00152
Sasi,C:\Users\main\Frentzen\Project\ISD\training_images_augmented_v2\Sasi\raw_vid0_frame00152.jpg,enrollment,vid0_frame00152
Sasi,C:\Users\main\Frentzen\Project\ISD\training_images_augmented_v2\Sasi\aug_vid0_frame00024_geometric_0071.jpg,enrollment,vid0_frame00024
Sasi,C:\Users\main\Frentzen\Project\ISD\training_images_augmented_v2\Sasi\aug_vid0_frame00024_geometric_0428.jpg,enrollment,vid0_frame00024
Sasi,C:\Users\main\Frentzen\Project\ISD\training_images_augmented_v2\Sasi\aug_vid0_frame00024_rain_0367.jpg,enrollment,vid0_frame00024
Sasi,C:\Users\main\Frentzen\Project\ISD\training_images_augmented_v2\Sasi\raw_vid0_frame00024.jpg,enrollment,vid0_frame00024
Sasi,C:\Users\main\Frentzen\Project\ISD\training_images_augmented_v2\Sasi\aug_vid0_frame00048_photometric_0081.jpg,enrollment,vid0_frame00048
Sasi,C:\Users\main\Frentzen\Project\ISD\training_images_augmented_v2\Sasi\aug_vid0_frame00048_photometric_0295.jpg,enrollment,vid0_frame00048
Sasi,C:\Users\main\Frentzen\Project\ISD\training_images_augmented_v2\Sasi\raw_vid0_frame00048.jpg,enrollment,vid0_frame00048
Sasi,C:\Users\main\Frentzen\Project\ISD\training_images_augmented_v2\Sasi\aug_vid0_frame00144_combined_0049.jpg,enrollment,vid0_frame00144
Sasi,C:\Users\main\Frentzen\Project\ISD\training_images_augmented_v2\Sasi\aug_vid0_frame00144_geometric_0152.jpg,enrollment,vid0_frame00144
Sasi,C:\Users\main\Frentzen\Project\ISD\training_images_augmented_v2\Sasi\raw_vid0_frame00144.jpg,enrollment,vid0_frame00144
Sasi,C:\Users\main\Frentzen\Project\ISD\training_images_augmented_v2\Sasi\aug_vid0_frame00126_geometric_0037.jpg,enrollment,vid0_frame00126
Sasi,C:\Users\main\Frentzen\Project\ISD\training_images_augmented_v2\Sasi\raw_vid0_frame00126.jpg,enrollment,vid0_frame00126
Sasi,C:\Users\main\Frentzen\Project\ISD\training_images_augmented_v2\Sasi\aug_vid0_frame00032_combined_0029.jpg,enrollment,vid0_frame00032
Sasi,C:\Users\main\Frentzen\Project\ISD\training_images_augmented_v2\Sasi\aug_vid0_frame00032_occlusion_0214.jpg,enrollment,vid0_frame00032
Sasi,C:\Users\main\Frentzen\Project\ISD\training_images_augmented_v2\Sasi\aug_vid0_frame00032_photometric_0389.jpg,enrollment,vid0_frame00032
Sasi,C:\Users\main\Frentzen\Project\ISD\training_images_augmented_v2\Sasi\raw_vid0_frame00032.jpg,enrollment,vid0_frame00032
Sasi,C:\Users\main\Frentzen\Project\ISD\training_images_augmented_v2\Sasi\aug_vid0_frame00094_geometric_0261.jpg,enrollment,vid0_frame00094
Sasi,C:\Users\main\Frentzen\Project\ISD\training_images_augmented_v2\Sasi\aug_vid0_frame00094_geometric_0283.jpg,enrollment,vid0_frame00094
Sasi,C:\Users\main\Frentzen\Project\ISD\training_images_augmented_v2\Sasi\aug_vid0_frame00094_geometric_0362.jpg,enrollment,vid0_frame00094
Sasi,C:\Users\main\Frentzen\Project\ISD\training_images_augmented_v2\Sasi\aug_vid0_frame00094_occlusion_0405.jpg,enrollment,vid0_frame00094
Sasi,C:\Users\main\Frentzen\Project\ISD\training_images_augmented_v2\Sasi\raw_vid0_frame00094.jpg,enrollment,vid0_frame00094
Sasi,C:\Users\main\Frentzen\Project\ISD\training_images_augmented_v2\Sasi\aug_vid0_frame00170_combined_0332.jpg,enrollment,vid0_frame00170
Sasi,C:\Users\main\Frentzen\Project\ISD\training_images_augmented_v2\Sasi\aug_vid0_frame00170_geometric_0284.jpg,enrollment,vid0_frame00170
Sasi,C:\Users\main\Frentzen\Project\ISD\training_images_augmented_v2\Sasi\aug_vid0_frame00170_photometric_0254.jpg,enrollment,vid0_frame00170
Sasi,C:\Users\main\Frentzen\Project\ISD\training_images_augmented_v2\Sasi\aug_vid0_frame00170_photometric_0447.jpg,enrollment,vid0_frame00170
Sasi,C:\Users\main\Frentzen\Project\ISD\training_images_augmented_v2\Sasi\raw_vid0_frame00170.jpg,enrollment,vid0_frame00170
Sasi,C:\Users\main\Frentzen\Project\ISD\training_images_augmented_v2\Sasi\aug_vid0_frame00140_fog_0345.jpg,enrollment,vid0_frame00140
Sasi,C:\Users\main\Frentzen\Project\ISD\training_images_augmented_v2\Sasi\aug_vid0_frame00140_occlusion_0293.jpg,enrollment,vid0_frame00140
Sasi,C:\Users\main\Frentzen\Project\ISD\training_images_augmented_v2\Sasi\aug_vid0_frame00140_photometric_0153.jpg,enrollment,vid0_frame00140
Sasi,C:\Users\main\Frentzen\Project\ISD\training_images_augmented_v2\Sasi\raw_vid0_frame00140.jpg,enrollment,vid0_frame00140
Sasi,C:\Users\main\Frentzen\Project\ISD\training_images_augmented_v2\Sasi\aug_vid0_frame00314_geometric_0368.jpg,enrollment,vid0_frame00314
Sasi,C:\Users\main\Frentzen\Project\ISD\training_images_augmented_v2\Sasi\raw_vid0_frame00314.jpg,enrollment,vid0_frame00314
Sasi,C:\Users\main\Frentzen\Project\ISD\training_images_augmented_v2\Sasi\aug_vid0_frame00072_geometric_0038.jpg,enrollment,vid0_frame00072
Sasi,C:\Users\main\Frentzen\Project\ISD\training_images_augmented_v2\Sasi\aug_vid0_frame00072_occlusion_0190.jpg,enrollment,vid0_frame00072
Sasi,C:\Users\main\Frentzen\Project\ISD\training_images_augmented_v2\Sasi\aug_vid0_frame00072_snow_0075.jpg,enrollment,vid0_frame00072
Sasi,C:\Users\main\Frentzen\Project\ISD\training_images_augmented_v2\Sasi\raw_vid0_frame00072.jpg,enrollment,vid0_frame00072
Sasi,C:\Users\main\Frentzen\Project\ISD\training_images_augmented_v2\Sasi\aug_vid0_frame00224_combined_0117.jpg,enrollment,vid0_frame00224
Sasi,C:\Users\main\Frentzen\Project\ISD\training_images_augmented_v2\Sasi\aug_vid0_frame00224_geometric_0340.jpg,enrollment,vid0_frame00224
Sasi,C:\Users\main\Frentzen\Project\ISD\training_images_augmented_v2\Sasi\aug_vid0_frame00224_occlusion_0218.jpg,enrollment,vid0_frame00224
Sasi,C:\Users\main\Frentzen\Project\ISD\training_images_augmented_v2\Sasi\aug_vid0_frame00224_photometric_0007.jpg,enrollment,vid0_frame00224
Sasi,C:\Users\main\Frentzen\Project\ISD\training_images_augmented_v2\Sasi\aug_vid0_frame00224_photometric_0443.jpg,enrollment,vid0_frame00224
Sasi,C:\Users\main\Frentzen\Project\ISD\training_images_augmented_v2\Sasi\raw_vid0_frame00224.jpg,enrollment,vid0_frame00224
Sasi,C:\Users\main\Frentzen\Project\ISD\training_images_augmented_v2\Sasi\aug_vid0_frame00196_combined_0044.jpg,enrollment,vid0_frame00196
Sasi,C:\Users\main\Frentzen\Project\ISD\training_images_augmented_v2\Sasi\aug_vid0_frame00196_combined_0080.jpg,enrollment,vid0_frame00196
Sasi,C:\Users\main\Frentzen\Project\ISD\training_images_augmented_v2\Sasi\aug_vid0_frame00196_combined_0412.jpg,enrollment,vid0_frame00196
Sasi,C:\Users\main\Frentzen\Project\ISD\training_images_augmented_v2\Sasi\aug_vid0_frame00196_geometric_0041.jpg,enrollment,vid0_frame00196
Sasi,C:\Users\main\Frentzen\Project\ISD\training_images_augmented_v2\Sasi\aug_vid0_frame00196_geometric_0287.jpg,enrollment,vid0_frame00196
Sasi,C:\Users\main\Frentzen\Project\ISD\training_images_augmented_v2\Sasi\aug_vid0_frame00196_occlusion_0059.jpg,enrollment,vid0_frame00196
Sasi,C:\Users\main\Frentzen\Project\ISD\training_images_augmented_v2\Sasi\aug_vid0_frame00196_photometric_0210.jpg,enrollment,vid0_frame00196
Sasi,C:\Users\main\Frentzen\Project\ISD\training_images_augmented_v2\Sasi\aug_vid0_frame00196_snow_0017.jpg,enrollment,vid0_frame00196
Sasi,C:\Users\main\Frentzen\Project\ISD\training_images_augmented_v2\Sasi\raw_vid0_frame00196.jpg,enrollment,vid0_frame00196
Sasi,C:\Users\main\Frentzen\Project\ISD\training_images_augmented_v2\Sasi\aug_vid0_frame00318_fog_0265.jpg,enrollment,vid0_frame00318
Sasi,C:\Users\main\Frentzen\Project\ISD\training_images_augmented_v2\Sasi\aug_vid0_frame00318_photometric_0244.jpg,enrollment,vid0_frame00318
Sasi,C:\Users\main\Frentzen\Project\ISD\training_images_augmented_v2\Sasi\raw_vid0_frame00318.jpg,enrollment,vid0_frame00318
Sasi,C:\Users\main\Frentzen\Project\ISD\training_images_augmented_v2\Sasi\aug_vid0_frame00098_photometric_0382.jpg,enrollment,vid0_frame00098
Sasi,C:\Users\main\Frentzen\Project\ISD\training_images_augmented_v2\Sasi\raw_vid0_frame00098.jpg,enrollment,vid0_frame00098
Sasi,C:\Users\main\Frentzen\Project\ISD\training_images_augmented_v2\Sasi\aug_vid0_frame00096_photometric_0241.jpg,enrollment,vid0_frame00096
Sasi,C:\Users\main\Frentzen\Project\ISD\training_images_augmented_v2\Sasi\aug_vid0_frame00096_rain_0137.jpg,enrollment,vid0_frame00096
Sasi,C:\Users\main\Frentzen\Project\ISD\training_images_augmented_v2\Sasi\raw_vid0_frame00096.jpg,enrollment,vid0_frame00096
Sasi,C:\Users\main\Frentzen\Project\ISD\training_images_augmented_v2\Sasi\aug_vid0_frame00220_combined_0036.jpg,enrollment,vid0_frame00220
Sasi,C:\Users\main\Frentzen\Project\ISD\training_images_augmented_v2\Sasi\aug_vid0_frame00220_combined_0440.jpg,enrollment,vid0_frame00220
Sasi,C:\Users\main\Frentzen\Project\ISD\training_images_augmented_v2\Sasi\aug_vid0_frame00220_geometric_0220.jpg,enrollment,vid0_frame00220
Sasi,C:\Users\main\Frentzen\Project\ISD\training_images_augmented_v2\Sasi\aug_vid0_frame00220_photometric_0008.jpg,enrollment,vid0_frame00220
Sasi,C:\Users\main\Frentzen\Project\ISD\training_images_augmented_v2\Sasi\aug_vid0_frame00220_photometric_0187.jpg,enrollment,vid0_frame00220
Sasi,C:\Users\main\Frentzen\Project\ISD\training_images_augmented_v2\Sasi\aug_vid0_frame00220_photometric_0399.jpg,enrollment,vid0_frame00220
Sasi,C:\Users\main\Frentzen\Project\ISD\training_images_augmented_v2\Sasi\raw_vid0_frame00220.jpg,enrollment,vid0_frame00220
Sasi,C:\Users\main\Frentzen\Project\ISD\training_images_augmented_v2\Sasi\aug_vid0_frame00012_combined_0106.jpg,enrollment,vid0_frame00012
Sasi,C:\Users\main\Frentzen\Project\ISD\training_images_augmented_v2\Sasi\aug_vid0_frame00012_occlusion_0436.jpg,enrollment,vid0_frame00012
Sasi,C:\Users\main\Frentzen\Project\ISD\training_images_augmented_v2\Sasi\aug_vid0_frame00012_rain_0105.jpg,enrollment,vid0_frame00012
Sasi,C:\Users\main\Frentzen\Project\ISD\training_images_augmented_v2\Sasi\raw_vid0_frame00012.jpg,enrollment,vid0_frame00012
Sasi,C:\Users\main\Frentzen\Project\ISD\training_images_augmented_v2\Sasi\aug_vid0_frame00086_geometric_0422.jpg,enrollment,vid0_frame00086
Sasi,C:\Users\main\Frentzen\Project\ISD\training_images_augmented_v2\Sasi\aug_vid0_frame00086_photometric_0067.jpg,enrollment,vid0_frame00086
Sasi,C:\Users\main\Frentzen\Project\ISD\training_images_augmented_v2\Sasi\aug_vid0_frame00086_photometric_0300.jpg,enrollment,vid0_frame00086
Sasi,C:\Users\main\Frentzen\Project\ISD\training_images_augmented_v2\Sasi\raw_vid0_frame00086.jpg,enrollment,vid0_frame00086
Sasi,C:\Users\main\Frentzen\Project\ISD\training_images_augmented_v2\Sasi\aug_vid0_frame00302_photometric_0157.jpg,enrollment,vid0_frame00302
Sasi,C:\Users\main\Frentzen\Project\ISD\training_images_augmented_v2\Sasi\aug_vid0_frame00302_photometric_0268.jpg,enrollment,vid0_frame00302
Sasi,C:\Users\main\Frentzen\Project\ISD\training_images_augmented_v2\Sasi\raw_vid0_frame00302.jpg,enrollment,vid0_frame00302
Sasi,C:\Users\main\Frentzen\Project\ISD\training_images_augmented_v2\Sasi\raw_vid0_frame00174.jpg,enrollment,vid0_frame00174
Sasi,C:\Users\main\Frentzen\Project\ISD\training_images_augmented_v2\Sasi\aug_vid0_frame00052_fog_0224.jpg,enrollment,vid0_frame00052
Sasi,C:\Users\main\Frentzen\Project\ISD\training_images_augmented_v2\Sasi\aug_vid0_frame00052_geometric_0086.jpg,enrollment,vid0_frame00052
Sasi,C:\Users\main\Frentzen\Project\ISD\training_images_augmented_v2\Sasi\aug_vid0_frame00052_photometric_0186.jpg,enrollment,vid0_frame00052
Sasi,C:\Users\main\Frentzen\Project\ISD\training_images_augmented_v2\Sasi\raw_vid0_frame00052.jpg,enrollment,vid0_frame00052
Sasi,C:\Users\main\Frentzen\Project\ISD\training_images_augmented_v2\Sasi\aug_vid0_frame00166_combined_0128.jpg,enrollment,vid0_frame00166
Sasi,C:\Users\main\Frentzen\Project\ISD\training_images_augmented_v2\Sasi\aug_vid0_frame00166_fog_0258.jpg,enrollment,vid0_frame00166
Sasi,C:\Users\main\Frentzen\Project\ISD\training_images_augmented_v2\Sasi\aug_vid0_frame00166_geometric_0290.jpg,enrollment,vid0_frame00166
Sasi,C:\Users\main\Frentzen\Project\ISD\training_images_augmented_v2\Sasi\aug_vid0_frame00166_snow_0209.jpg,enrollment,vid0_frame00166
Sasi,C:\Users\main\Frentzen\Project\ISD\training_images_augmented_v2\Sasi\aug_vid0_frame00166_snow_0302.jpg,enrollment,vid0_frame00166
Sasi,C:\Users\main\Frentzen\Project\ISD\training_images_augmented_v2\Sasi\raw_vid0_frame00166.jpg,enrollment,vid0_frame00166
Sasi,C:\Users\main\Frentzen\Project\ISD\training_images_augmented_v2\Sasi\raw_vid0_frame00288.jpg,enrollment,vid0_frame00288
Sasi,C:\Users\main\Frentzen\Project\ISD\training_images_augmented_v2\Sasi\aug_vid0_frame00132_photometric_0243.jpg,enrollment,vid0_frame00132
Sasi,C:\Users\main\Frentzen\Project\ISD\training_images_augmented_v2\Sasi\aug_vid0_frame00132_rain_0404.jpg,enrollment,vid0_frame00132
Sasi,C:\Users\main\Frentzen\Project\ISD\training_images_augmented_v2\Sasi\aug_vid0_frame00132_snow_0039.jpg,enrollment,vid0_frame00132
Sasi,C:\Users\main\Frentzen\Project\ISD\training_images_augmented_v2\Sasi\raw_vid0_frame00132.jpg,enrollment,vid0_frame00132
Sasi,C:\Users\main\Frentzen\Project\ISD\training_images_augmented_v2\Sasi\aug_vid0_frame00064_occlusion_0084.jpg,enrollment,vid0_frame00064
Sasi,C:\Users\main\Frentzen\Project\ISD\training_images_augmented_v2\Sasi\aug_vid0_frame00064_photometric_0087.jpg,enrollment,vid0_frame00064
Sasi,C:\Users\main\Frentzen\Project\ISD\training_images_augmented_v2\Sasi\aug_vid0_frame00064_photometric_0334.jpg,enrollment,vid0_frame00064
Sasi,C:\Users\main\Frentzen\Project\ISD\training_images_augmented_v2\Sasi\raw_vid0_frame00064.jpg,enrollment,vid0_frame00064
Sasi,C:\Users\main\Frentzen\Project\ISD\training_images_augmented_v2\Sasi\aug_vid0_frame00294_combined_0365.jpg,enrollment,vid0_frame00294
Sasi,C:\Users\main\Frentzen\Project\ISD\training_images_augmented_v2\Sasi\aug_vid0_frame00294_combined_0379.jpg,enrollment,vid0_frame00294
Sasi,C:\Users\main\Frentzen\Project\ISD\training_images_augmented_v2\Sasi\aug_vid0_frame00294_occlusion_0286.jpg,enrollment,vid0_frame00294
Sasi,C:\Users\main\Frentzen\Project\ISD\training_images_augmented_v2\Sasi\aug_vid0_frame00294_occlusion_0415.jpg,enrollment,vid0_frame00294
Sasi,C:\Users\main\Frentzen\Project\ISD\training_images_augmented_v2\Sasi\raw_vid0_frame00294.jpg,enrollment,vid0_frame00294
Sasi,C:\Users\main\Frentzen\Project\ISD\training_images_augmented_v2\Sasi\aug_vid0_frame00310_geometric_0055.jpg,enrollment,vid0_frame00310
Sasi,C:\Users\main\Frentzen\Project\ISD\training_images_augmented_v2\Sasi\aug_vid0_frame00310_photometric_0127.jpg,enrollment,vid0_frame00310
Sasi,C:\Users\main\Frentzen\Project\ISD\training_images_augmented_v2\Sasi\aug_vid0_frame00310_photometric_0360.jpg,enrollment,vid0_frame00310
Sasi,C:\Users\main\Frentzen\Project\ISD\training_images_augmented_v2\Sasi\raw_vid0_frame00310.jpg,enrollment,vid0_frame00310
Sasi,C:\Users\main\Frentzen\Project\ISD\training_images_augmented_v2\Sasi\aug_vid0_frame00054_combined_0158.jpg,enrollment,vid0_frame00054
Sasi,C:\Users\main\Frentzen\Project\ISD\training_images_augmented_v2\Sasi\aug_vid0_frame00054_geometric_0166.jpg,enrollment,vid0_frame00054
Sasi,C:\Users\main\Frentzen\Project\ISD\training_images_augmented_v2\Sasi\aug_vid0_frame00054_rain_0383.jpg,enrollment,vid0_frame00054
Sasi,C:\Users\main\Frentzen\Project\ISD\training_images_augmented_v2\Sasi\raw_vid0_frame00054.jpg,enrollment,vid0_frame00054
Sasi,C:\Users\main\Frentzen\Project\ISD\training_images_augmented_v2\Sasi\aug_vid0_frame00280_combined_0056.jpg,enrollment,vid0_frame00280
Sasi,C:\Users\main\Frentzen\Project\ISD\training_images_augmented_v2\Sasi\aug_vid0_frame00280_combined_0189.jpg,enrollment,vid0_frame00280
Sasi,C:\Users\main\Frentzen\Project\ISD\training_images_augmented_v2\Sasi\aug_vid0_frame00280_geometric_0371.jpg,enrollment,vid0_frame00280
Sasi,C:\Users\main\Frentzen\Project\ISD\training_images_augmented_v2\Sasi\aug_vid0_frame00280_photometric_0138.jpg,enrollment,vid0_frame00280
Sasi,C:\Users\main\Frentzen\Project\ISD\training_images_augmented_v2\Sasi\aug_vid0_frame00280_photometric_0272.jpg,enrollment,vid0_frame00280
Sasi,C:\Users\main\Frentzen\Project\ISD\training_images_augmented_v2\Sasi\raw_vid0_frame00280.jpg,enrollment,vid0_frame00280
Sasi,C:\Users\main\Frentzen\Project\ISD\training_images_augmented_v2\Sasi\raw_vid0_frame00056.jpg,enrollment,vid0_frame00056
Sasi,C:\Users\main\Frentzen\Project\ISD\training_images_augmented_v2\Sasi\aug_vid0_frame00034_combined_0252.jpg,enrollment,vid0_frame00034
Sasi,C:\Users\main\Frentzen\Project\ISD\training_images_augmented_v2\Sasi\aug_vid0_frame00034_combined_0363.jpg,enrollment,vid0_frame00034
Sasi,C:\Users\main\Frentzen\Project\ISD\training_images_augmented_v2\Sasi\aug_vid0_frame00034_occlusion_0095.jpg,enrollment,vid0_frame00034
Sasi,C:\Users\main\Frentzen\Project\ISD\training_images_augmented_v2\Sasi\aug_vid0_frame00034_photometric_0013.jpg,enrollment,vid0_frame00034
Sasi,C:\Users\main\Frentzen\Project\ISD\training_images_augmented_v2\Sasi\raw_vid0_frame00034.jpg,enrollment,vid0_frame00034
Sasi,C:\Users\main\Frentzen\Project\ISD\training_images_augmented_v2\Sasi\aug_vid0_frame00240_fog_0373.jpg,enrollment,vid0_frame00240
Sasi,C:\Users\main\Frentzen\Project\ISD\training_images_augmented_v2\Sasi\aug_vid0_frame00240_fog_0387.jpg,enrollment,vid0_frame00240
Sasi,C:\Users\main\Frentzen\Project\ISD\training_images_augmented_v2\Sasi\aug_vid0_frame00240_geometric_0026.jpg,enrollment,vid0_frame00240
Sasi,C:\Users\main\Frentzen\Project\ISD\training_images_augmented_v2\Sasi\aug_vid0_frame00240_photometric_0121.jpg,enrollment,vid0_frame00240
Sasi,C:\Users\main\Frentzen\Project\ISD\training_images_augmented_v2\Sasi\aug_vid0_frame00240_photometric_0133.jpg,enrollment,vid0_frame00240
Sasi,C:\Users\main\Frentzen\Project\ISD\training_images_augmented_v2\Sasi\raw_vid0_frame00240.jpg,enrollment,vid0_frame00240
Sasi,C:\Users\main\Frentzen\Project\ISD\training_images_augmented_v2\Sasi\raw_vid0_frame00284.jpg,enrollment,vid0_frame00284
Sasi,C:\Users\main\Frentzen\Project\ISD\training_images_augmented_v2\Sasi\raw_vid0_frame00138.jpg,enrollment,vid0_frame00138
Sasi,C:\Users\main\Frentzen\Project\ISD\training_images_augmented_v2\Sasi\aug_vid0_frame00228_combined_0433.jpg,enrollment,vid0_frame00228
Sasi,C:\Users\main\Frentzen\Project\ISD\training_images_augmented_v2\Sasi\aug_vid0_frame00228_photometric_0260.jpg,enrollment,vid0_frame00228
Sasi,C:\Users\main\Frentzen\Project\ISD\training_images_augmented_v2\Sasi\raw_vid0_frame00228.jpg,enrollment,vid0_frame00228
Sasi,C:\Users\main\Frentzen\Project\ISD\training_images_augmented_v2\Sasi\aug_vid0_frame00282_combined_0129.jpg,enrollment,vid0_frame00282
Sasi,C:\Users\main\Frentzen\Project\ISD\training_images_augmented_v2\Sasi\aug_vid0_frame00282_combined_0175.jpg,enrollment,vid0_frame00282
Sasi,C:\Users\main\Frentzen\Project\ISD\training_images_augmented_v2\Sasi\raw_vid0_frame00282.jpg,enrollment,vid0_frame00282
Sasi,C:\Users\main\Frentzen\Project\ISD\training_images_augmented_v2\Sasi\aug_vid0_frame00044_combined_0178.jpg,enrollment,vid0_frame00044
Sasi,C:\Users\main\Frentzen\Project\ISD\training_images_augmented_v2\Sasi\aug_vid0_frame00044_photometric_0033.jpg,enrollment,vid0_frame00044
Sasi,C:\Users\main\Frentzen\Project\ISD\training_images_augmented_v2\Sasi\raw_vid0_frame00044.jpg,enrollment,vid0_frame00044
Sasi,C:\Users\main\Frentzen\Project\ISD\training_images_augmented_v2\Sasi\aug_vid0_frame00154_occlusion_0145.jpg,enrollment,vid0_frame00154
Sasi,C:\Users\main\Frentzen\Project\ISD\training_images_augmented_v2\Sasi\raw_vid0_frame00154.jpg,enrollment,vid0_frame00154
Sasi,C:\Users\main\Frentzen\Project\ISD\training_images_augmented_v2\Sasi\aug_vid0_frame00222_combined_0091.jpg,enrollment,vid0_frame00222
Sasi,C:\Users\main\Frentzen\Project\ISD\training_images_augmented_v2\Sasi\aug_vid0_frame00222_geometric_0151.jpg,enrollment,vid0_frame00222
Sasi,C:\Users\main\Frentzen\Project\ISD\training_images_augmented_v2\Sasi\aug_vid0_frame00222_geometric_0400.jpg,enrollment,vid0_frame00222
Sasi,C:\Users\main\Frentzen\Project\ISD\training_images_augmented_v2\Sasi\aug_vid0_frame00222_rain_0136.jpg,enrollment,vid0_frame00222
Sasi,C:\Users\main\Frentzen\Project\ISD\training_images_augmented_v2\Sasi\raw_vid0_frame00222.jpg,enrollment,vid0_frame00222
Sasi,C:\Users\main\Frentzen\Project\ISD\training_images_augmented_v2\Sasi\aug_vid0_frame00004_combined_0202.jpg,enrollment,vid0_frame00004
Sasi,C:\Users\main\Frentzen\Project\ISD\training_images_augmented_v2\Sasi\aug_vid0_frame00004_fog_0308.jpg,enrollment,vid0_frame00004
Sasi,C:\Users\main\Frentzen\Project\ISD\training_images_augmented_v2\Sasi\raw_vid0_frame00004.jpg,enrollment,vid0_frame00004
Sasi,C:\Users\main\Frentzen\Project\ISD\training_images_augmented_v2\Sasi\aug_vid0_frame00230_geometric_0176.jpg,enrollment,vid0_frame00230
Sasi,C:\Users\main\Frentzen\Project\ISD\training_images_augmented_v2\Sasi\aug_vid0_frame00230_photometric_0168.jpg,enrollment,vid0_frame00230
Sasi,C:\Users\main\Frentzen\Project\ISD\training_images_augmented_v2\Sasi\aug_vid0_frame00230_rain_0119.jpg,enrollment,vid0_frame00230
Sasi,C:\Users\main\Frentzen\Project\ISD\training_images_augmented_v2\Sasi\raw_vid0_frame00230.jpg,enrollment,vid0_frame00230
Sasi,C:\Users\main\Frentzen\Project\ISD\training_images_augmented_v2\Sasi\aug_vid0_frame00022_combined_0228.jpg,enrollment,vid0_frame00022
Sasi,C:\Users\main\Frentzen\Project\ISD\training_images_augmented_v2\Sasi\aug_vid0_frame00022_geometric_0242.jpg,enrollment,vid0_frame00022
Sasi,C:\Users\main\Frentzen\Project\ISD\training_images_augmented_v2\Sasi\raw_vid0_frame00022.jpg,enrollment,vid0_frame00022
Sasi,C:\Users\main\Frentzen\Project\ISD\training_images_augmented_v2\Sasi\aug_vid0_frame00006_fog_0227.jpg,enrollment,vid0_frame00006
Sasi,C:\Users\main\Frentzen\Project\ISD\training_images_augmented_v2\Sasi\aug_vid0_frame00006_fog_0427.jpg,enrollment,vid0_frame00006
Sasi,C:\Users\main\Frentzen\Project\ISD\training_images_augmented_v2\Sasi\aug_vid0_frame00006_occlusion_0147.jpg,enrollment,vid0_frame00006
Sasi,C:\Users\main\Frentzen\Project\ISD\training_images_augmented_v2\Sasi\aug_vid0_frame00006_photometric_0403.jpg,enrollment,vid0_frame00006
Sasi,C:\Users\main\Frentzen\Project\ISD\training_images_augmented_v2\Sasi\raw_vid0_frame00006.jpg,enrollment,vid0_frame00006
Sasi,C:\Users\main\Frentzen\Project\ISD\training_images_augmented_v2\Sasi\aug_vid0_frame00066_combined_0000.jpg,enrollment,vid0_frame00066
Sasi,C:\Users\main\Frentzen\Project\ISD\training_images_augmented_v2\Sasi\aug_vid0_frame00066_combined_0103.jpg,enrollment,vid0_frame00066
Sasi,C:\Users\main\Frentzen\Project\ISD\training_images_augmented_v2\Sasi\aug_vid0_frame00066_combined_0216.jpg,enrollment,vid0_frame00066
Sasi,C:\Users\main\Frentzen\Project\ISD\training_images_augmented_v2\Sasi\aug_vid0_frame00066_combined_0303.jpg,enrollment,vid0_frame00066
Sasi,C:\Users\main\Frentzen\Project\ISD\training_images_augmented_v2\Sasi\aug_vid0_frame00066_geometric_0370.jpg,enrollment,vid0_frame00066
Sasi,C:\Users\main\Frentzen\Project\ISD\training_images_augmented_v2\Sasi\raw_vid0_frame00066.jpg,enrollment,vid0_frame00066
Sasi,C:\Users\main\Frentzen\Project\ISD\training_images_augmented_v2\Sasi\aug_vid0_frame00084_combined_0366.jpg,enrollment,vid0_frame00084
Sasi,C:\Users\main\Frentzen\Project\ISD\training_images_augmented_v2\Sasi\aug_vid0_frame00084_fog_0342.jpg,enrollment,vid0_frame00084
Sasi,C:\Users\main\Frentzen\Project\ISD\training_images_augmented_v2\Sasi\raw_vid0_frame00084.jpg,enrollment,vid0_frame00084
Sasi,C:\Users\main\Frentzen\Project\ISD\training_images_augmented_v2\Sasi\aug_vid0_frame00112_geometric_0255.jpg,enrollment,vid0_frame00112
Sasi,C:\Users\main\Frentzen\Project\ISD\training_images_augmented_v2\Sasi\aug_vid0_frame00112_geometric_0394.jpg,enrollment,vid0_frame00112
Sasi,C:\Users\main\Frentzen\Project\ISD\training_images_augmented_v2\Sasi\raw_vid0_frame00112.jpg,enrollment,vid0_frame00112
Sasi,C:\Users\main\Frentzen\Project\ISD\training_images_augmented_v2\Sasi\aug_vid0_frame00010_geometric_0141.jpg,enrollment,vid0_frame00010
Sasi,C:\Users\main\Frentzen\Project\ISD\training_images_augmented_v2\Sasi\aug_vid0_frame00010_geometric_0421.jpg,enrollment,vid0_frame00010
Sasi,C:\Users\main\Frentzen\Project\ISD\training_images_augmented_v2\Sasi\aug_vid0_frame00010_occlusion_0123.jpg,enrollment,vid0_frame00010
Sasi,C:\Users\main\Frentzen\Project\ISD\training_images_augmented_v2\Sasi\aug_vid0_frame00010_photometric_0336.jpg,enrollment,vid0_frame00010
Sasi,C:\Users\main\Frentzen\Project\ISD\training_images_augmented_v2\Sasi\raw_vid0_frame00010.jpg,enrollment,vid0_frame00010
Sasi,C:\Users\main\Frentzen\Project\ISD\training_images_augmented_v2\Sasi\aug_vid0_frame00020_photometric_0206.jpg,validation,vid0_frame00020
Sasi,C:\Users\main\Frentzen\Project\ISD\training_images_augmented_v2\Sasi\aug_vid0_frame00020_snow_0155.jpg,validation,vid0_frame00020
Sasi,C:\Users\main\Frentzen\Project\ISD\training_images_augmented_v2\Sasi\raw_vid0_frame00020.jpg,validation,vid0_frame00020
Sasi,C:\Users\main\Frentzen\Project\ISD\training_images_augmented_v2\Sasi\aug_vid0_frame00180_combined_0098.jpg,validation,vid0_frame00180
Sasi,C:\Users\main\Frentzen\Project\ISD\training_images_augmented_v2\Sasi\aug_vid0_frame00180_geometric_0040.jpg,validation,vid0_frame00180
Sasi,C:\Users\main\Frentzen\Project\ISD\training_images_augmented_v2\Sasi\raw_vid0_frame00180.jpg,validation,vid0_frame00180
Sasi,C:\Users\main\Frentzen\Project\ISD\training_images_augmented_v2\Sasi\raw_vid0_frame00296.jpg,validation,vid0_frame00296
Sasi,C:\Users\main\Frentzen\Project\ISD\training_images_augmented_v2\Sasi\aug_vid0_frame00208_combined_0386.jpg,validation,vid0_frame00208
Sasi,C:\Users\main\Frentzen\Project\ISD\training_images_augmented_v2\Sasi\aug_vid0_frame00208_geometric_0281.jpg,validation,vid0_frame00208
Sasi,C:\Users\main\Frentzen\Project\ISD\training_images_augmented_v2\Sasi\aug_vid0_frame00208_photometric_0110.jpg,validation,vid0_frame00208
Sasi,C:\Users\main\Frentzen\Project\ISD\training_images_augmented_v2\Sasi\aug_vid0_frame00208_photometric_0162.jpg,validation,vid0_frame00208
Sasi,C:\Users\main\Frentzen\Project\ISD\training_images_augmented_v2\Sasi\aug_vid0_frame00208_snow_0393.jpg,validation,vid0_frame00208
Sasi,C:\Users\main\Frentzen\Project\ISD\training_images_augmented_v2\Sasi\raw_vid0_frame00208.jpg,validation,vid0_frame00208
Sasi,C:\Users\main\Frentzen\Project\ISD\training_images_augmented_v2\Sasi\aug_vid0_frame00130_geometric_0025.jpg,validation,vid0_frame00130
Sasi,C:\Users\main\Frentzen\Project\ISD\training_images_augmented_v2\Sasi\aug_vid0_frame00130_geometric_0432.jpg,validation,vid0_frame00130
Sasi,C:\Users\main\Frentzen\Project\ISD\training_images_augmented_v2\Sasi\aug_vid0_frame00130_geometric_0434.jpg,validation,vid0_frame00130
Sasi,C:\Users\main\Frentzen\Project\ISD\training_images_augmented_v2\Sasi\aug_vid0_frame00130_rain_0277.jpg,validation,vid0_frame00130
Sasi,C:\Users\main\Frentzen\Project\ISD\training_images_augmented_v2\Sasi\raw_vid0_frame00130.jpg,validation,vid0_frame00130
Sasi,C:\Users\main\Frentzen\Project\ISD\training_images_augmented_v2\Sasi\aug_vid0_frame00198_fog_0073.jpg,validation,vid0_frame00198
Sasi,C:\Users\main\Frentzen\Project\ISD\training_images_augmented_v2\Sasi\aug_vid0_frame00198_fog_0344.jpg,validation,vid0_frame00198
Sasi,C:\Users\main\Frentzen\Project\ISD\training_images_augmented_v2\Sasi\aug_vid0_frame00198_rain_0410.jpg,validation,vid0_frame00198
Sasi,C:\Users\main\Frentzen\Project\ISD\training_images_augmented_v2\Sasi\raw_vid0_frame00198.jpg,validation,vid0_frame00198
Sasi,C:\Users\main\Frentzen\Project\ISD\training_images_augmented_v2\Sasi\aug_vid0_frame00104_occlusion_0397.jpg,validation,vid0_frame00104
Sasi,C:\Users\main\Frentzen\Project\ISD\training_images_augmented_v2\Sasi\raw_vid0_frame00104.jpg,validation,vid0_frame00104
Sasi,C:\Users\main\Frentzen\Project\ISD\training_images_augmented_v2\Sasi\aug_vid0_frame00078_geometric_0203.jpg,validation,vid0_frame00078
Sasi,C:\Users\main\Frentzen\Project\ISD\training_images_augmented_v2\Sasi\aug_vid0_frame00078_photometric_0163.jpg,validation,vid0_frame00078
Sasi,C:\Users\main\Frentzen\Project\ISD\training_images_augmented_v2\Sasi\aug_vid0_frame00078_photometric_0319.jpg,validation,vid0_frame00078
Sasi,C:\Users\main\Frentzen\Project\ISD\training_images_augmented_v2\Sasi\raw_vid0_frame00078.jpg,validation,vid0_frame00078
Sasi,C:\Users\main\Frentzen\Project\ISD\training_images_augmented_v2\Sasi\aug_vid0_frame00120_photometric_0395.jpg,validation,vid0_frame00120
Sasi,C:\Users\main\Frentzen\Project\ISD\training_images_augmented_v2\Sasi\raw_vid0_frame00120.jpg,validation,vid0_frame00120
Sasi,C:\Users\main\Frentzen\Project\ISD\training_images_augmented_v2\Sasi\aug_vid0_frame00322_combined_0001.jpg,validation,vid0_frame00322
Sasi,C:\Users\main\Frentzen\Project\ISD\training_images_augmented_v2\Sasi\aug_vid0_frame00322_combined_0077.jpg,validation,vid0_frame00322
Sasi,C:\Users\main\Frentzen\Project\ISD\training_images_augmented_v2\Sasi\aug_vid0_frame00322_combined_0122.jpg,validation,vid0_frame00322
Sasi,C:\Users\main\Frentzen\Project\ISD\training_images_augmented_v2\Sasi\aug_vid0_frame00322_combined_0416.jpg,validation,vid0_frame00322
Sasi,C:\Users\main\Frentzen\Project\ISD\training_images_augmented_v2\Sasi\aug_vid0_frame00322_fog_0172.jpg,validation,vid0_frame00322
Sasi,C:\Users\main\Frentzen\Project\ISD\training_images_augmented_v2\Sasi\aug_vid0_frame00322_occlusion_0406.jpg,validation,vid0_frame00322
Sasi,C:\Users\main\Frentzen\Project\ISD\training_images_augmented_v2\Sasi\aug_vid0_frame00322_photometric_0170.jpg,validation,vid0_frame00322
Sasi,C:\Users\main\Frentzen\Project\ISD\training_images_augmented_v2\Sasi\aug_vid0_frame00322_photometric_0322.jpg,validation,vid0_frame00322
Sasi,C:\Users\main\Frentzen\Project\ISD\training_images_augmented_v2\Sasi\raw_vid0_frame00322.jpg,validation,vid0_frame00322
Sasi,C:\Users\main\Frentzen\Project\ISD\training_images_augmented_v2\Sasi\aug_vid0_frame00114_fog_0409.jpg,validation,vid0_frame00114
Sasi,C:\Users\main\Frentzen\Project\ISD\training_images_augmented_v2\Sasi\aug_vid0_frame00114_geometric_0388.jpg,validation,vid0_frame00114
Sasi,C:\Users\main\Frentzen\Project\ISD\training_images_augmented_v2\Sasi\aug_vid0_frame00114_occlusion_0323.jpg,validation,vid0_frame00114
Sasi,C:\Users\main\Frentzen\Project\ISD\training_images_augmented_v2\Sasi\aug_vid0_frame00114_photometric_0402.jpg,validation,vid0_frame00114
Sasi,C:\Users\main\Frentzen\Project\ISD\training_images_augmented_v2\Sasi\raw_vid0_frame00114.jpg,validation,vid0_frame00114
Sasi,C:\Users\main\Frentzen\Project\ISD\training_images_augmented_v2\Sasi\aug_vid0_frame00270_combined_0398.jpg,validation,vid0_frame00270
Sasi,C:\Users\main\Frentzen\Project\ISD\training_images_augmented_v2\Sasi\raw_vid0_frame00270.jpg,validation,vid0_frame00270
Sasi,C:\Users\main\Frentzen\Project\ISD\training_images_augmented_v2\Sasi\aug_vid0_frame00148_combined_0225.jpg,validation,vid0_frame00148
Sasi,C:\Users\main\Frentzen\Project\ISD\training_images_augmented_v2\Sasi\aug_vid0_frame00148_fog_0009.jpg,validation,vid0_frame00148
Sasi,C:\Users\main\Frentzen\Project\ISD\training_images_augmented_v2\Sasi\aug_vid0_frame00148_occlusion_0271.jpg,validation,vid0_frame00148
Sasi,C:\Users\main\Frentzen\Project\ISD\training_images_augmented_v2\Sasi\raw_vid0_frame00148.jpg,validation,vid0_frame00148
Sasi,C:\Users\main\Frentzen\Project\ISD\training_images_augmented_v2\Sasi\aug_vid0_frame00286_combined_0135.jpg,validation,vid0_frame00286
Sasi,C:\Users\main\Frentzen\Project\ISD\training_images_augmented_v2\Sasi\aug_vid0_frame00286_combined_0390.jpg,validation,vid0_frame00286
Sasi,C:\Users\main\Frentzen\Project\ISD\training_images_augmented_v2\Sasi\aug_vid0_frame00286_photometric_0317.jpg,validation,vid0_frame00286
Sasi,C:\Users\main\Frentzen\Project\ISD\training_images_augmented_v2\Sasi\raw_vid0_frame00286.jpg,validation,vid0_frame00286
Sasi,C:\Users\main\Frentzen\Project\ISD\training_images_augmented_v2\Sasi\aug_vid0_frame00080_combined_0304.jpg,validation,vid0_frame00080
Sasi,C:\Users\main\Frentzen\Project\ISD\training_images_augmented_v2\Sasi\aug_vid0_frame00080_geometric_0031.jpg,validation,vid0_frame00080
Sasi,C:\Users\main\Frentzen\Project\ISD\training_images_augmented_v2\Sasi\aug_vid0_frame00080_geometric_0090.jpg,validation,vid0_frame00080
Sasi,C:\Users\main\Frentzen\Project\ISD\training_images_augmented_v2\Sasi\aug_vid0_frame00080_geometric_0101.jpg,validation,vid0_frame00080
Sasi,C:\Users\main\Frentzen\Project\ISD\training_images_augmented_v2\Sasi\aug_vid0_frame00080_occlusion_0124.jpg,validation,vid0_frame00080
Sasi,C:\Users\main\Frentzen\Project\ISD\training_images_augmented_v2\Sasi\aug_vid0_frame00080_photometric_0310.jpg,validation,vid0_frame00080
Sasi,C:\Users\main\Frentzen\Project\ISD\training_images_augmented_v2\Sasi\aug_vid0_frame00080_photometric_0437.jpg,validation,vid0_frame00080
Sasi,C:\Users\main\Frentzen\Project\ISD\training_images_augmented_v2\Sasi\raw_vid0_frame00080.jpg,validation,vid0_frame00080
Sasi,C:\Users\main\Frentzen\Project\ISD\training_images_augmented_v2\Sasi\raw_vid0_frame00300.jpg,validation,vid0_frame00300
Sasi,C:\Users\main\Frentzen\Project\ISD\training_images_augmented_v2\Sasi\aug_vid0_frame00014_photometric_0240.jpg,validation,vid0_frame00014
Sasi,C:\Users\main\Frentzen\Project\ISD\training_images_augmented_v2\Sasi\aug_vid0_frame00014_photometric_0328.jpg,validation,vid0_frame00014
Sasi,C:\Users\main\Frentzen\Project\ISD\training_images_augmented_v2\Sasi\raw_vid0_frame00014.jpg,validation,vid0_frame00014
Sasi,C:\Users\main\Frentzen\Project\ISD\training_images_augmented_v2\Sasi\aug_vid0_frame00266_fog_0131.jpg,validation,vid0_frame00266
Sasi,C:\Users\main\Frentzen\Project\ISD\training_images_augmented_v2\Sasi\aug_vid0_frame00266_geometric_0058.jpg,validation,vid0_frame00266
Sasi,C:\Users\main\Frentzen\Project\ISD\training_images_augmented_v2\Sasi\aug_vid0_frame00266_photometric_0280.jpg,validation,vid0_frame00266
Sasi,C:\Users\main\Frentzen\Project\ISD\training_images_augmented_v2\Sasi\raw_vid0_frame00266.jpg,validation,vid0_frame00266
Sasi,C:\Users\main\Frentzen\Project\ISD\training_images_augmented_v2\Sasi\aug_vid0_frame00036_geometric_0050.jpg,validation,vid0_frame00036
Sasi,C:\Users\main\Frentzen\Project\ISD\training_images_augmented_v2\Sasi\aug_vid0_frame00036_geometric_0235.jpg,validation,vid0_frame00036
Sasi,C:\Users\main\Frentzen\Project\ISD\training_images_augmented_v2\Sasi\aug_vid0_frame00036_geometric_0238.jpg,validation,vid0_frame00036
Sasi,C:\Users\main\Frentzen\Project\ISD\training_images_augmented_v2\Sasi\aug_vid0_frame00036_geometric_0375.jpg,validation,vid0_frame00036
Sasi,C:\Users\main\Frentzen\Project\ISD\training_images_augmented_v2\Sasi\aug_vid0_frame00036_geometric_0413.jpg,validation,vid0_frame00036
Sasi,C:\Users\main\Frentzen\Project\ISD\training_images_augmented_v2\Sasi\raw_vid0_frame00036.jpg,validation,vid0_frame00036
Sasi,C:\Users\main\Frentzen\Project\ISD\training_images_augmented_v2\Sasi\aug_vid0_frame00070_snow_0233.jpg,validation,vid0_frame00070
Sasi,C:\Users\main\Frentzen\Project\ISD\training_images_augmented_v2\Sasi\raw_vid0_frame00070.jpg,validation,vid0_frame00070
Sasi,C:\Users\main\Frentzen\Project\ISD\training_images_augmented_v2\Sasi\aug_vid0_frame00304_combined_0289.jpg,validation,vid0_frame00304
Sasi,C:\Users\main\Frentzen\Project\ISD\training_images_augmented_v2\Sasi\aug_vid0_frame00304_geometric_0082.jpg,validation,vid0_frame00304
Sasi,C:\Users\main\Frentzen\Project\ISD\training_images_augmented_v2\Sasi\aug_vid0_frame00304_geometric_0159.jpg,validation,vid0_frame00304
Sasi,C:\Users\main\Frentzen\Project\ISD\training_images_augmented_v2\Sasi\aug_vid0_frame00304_photometric_0301.jpg,validation,vid0_frame00304
Sasi,C:\Users\main\Frentzen\Project\ISD\training_images_augmented_v2\Sasi\aug_vid0_frame00304_snow_0418.jpg,validation,vid0_frame00304
Sasi,C:\Users\main\Frentzen\Project\ISD\training_images_augmented_v2\Sasi\raw_vid0_frame00304.jpg,validation,vid0_frame00304
Sasi,C:\Users\main\Frentzen\Project\ISD\training_images_augmented_v2\Sasi\aug_vid0_frame00172_combined_0279.jpg,validation,vid0_frame00172
Sasi,C:\Users\main\Frentzen\Project\ISD\training_images_augmented_v2\Sasi\aug_vid0_frame00172_combined_0282.jpg,validation,vid0_frame00172
Sasi,C:\Users\main\Frentzen\Project\ISD\training_images_augmented_v2\Sasi\aug_vid0_frame00172_geometric_0016.jpg,validation,vid0_frame00172
Sasi,C:\Users\main\Frentzen\Project\ISD\training_images_augmented_v2\Sasi\raw_vid0_frame00172.jpg,validation,vid0_frame00172
Sasi,C:\Users\main\Frentzen\Project\ISD\training_images_augmented_v2\Sasi\aug_vid0_frame00058_combined_0019.jpg,validation,vid0_frame00058
Sasi,C:\Users\main\Frentzen\Project\ISD\training_images_augmented_v2\Sasi\aug_vid0_frame00058_geometric_0142.jpg,validation,vid0_frame00058
Sasi,C:\Users\main\Frentzen\Project\ISD\training_images_augmented_v2\Sasi\aug_vid0_frame00058_geometric_0149.jpg,validation,vid0_frame00058
Sasi,C:\Users\main\Frentzen\Project\ISD\training_images_augmented_v2\Sasi\aug_vid0_frame00058_photometric_0146.jpg,validation,vid0_frame00058
Sasi,C:\Users\main\Frentzen\Project\ISD\training_images_augmented_v2\Sasi\aug_vid0_frame00058_photometric_0439.jpg,validation,vid0_frame00058
Sasi,C:\Users\main\Frentzen\Project\ISD\training_images_augmented_v2\Sasi\aug_vid0_frame00058_rain_0195.jpg,validation,vid0_frame00058
Sasi,C:\Users\main\Frentzen\Project\ISD\training_images_augmented_v2\Sasi\aug_vid0_frame00058_rain_0257.jpg,validation,vid0_frame00058
Sasi,C:\Users\main\Frentzen\Project\ISD\training_images_augmented_v2\Sasi\raw_vid0_frame00058.jpg,validation,vid0_frame00058
Sasi,C:\Users\main\Frentzen\Project\ISD\training_images_augmented_v2\Sasi\aug_vid0_frame00142_combined_0200.jpg,validation,vid0_frame00142
Sasi,C:\Users\main\Frentzen\Project\ISD\training_images_augmented_v2\Sasi\aug_vid0_frame00142_geometric_0048.jpg,validation,vid0_frame00142
Sasi,C:\Users\main\Frentzen\Project\ISD\training_images_augmented_v2\Sasi\aug_vid0_frame00142_geometric_0181.jpg,validation,vid0_frame00142
Sasi,C:\Users\main\Frentzen\Project\ISD\training_images_augmented_v2\Sasi\raw_vid0_frame00142.jpg,validation,vid0_frame00142
Sasi,C:\Users\main\Frentzen\Project\ISD\training_images_augmented_v2\Sasi\aug_vid0_frame00028_combined_0217.jpg,validation,vid0_frame00028
Sasi,C:\Users\main\Frentzen\Project\ISD\training_images_augmented_v2\Sasi\aug_vid0_frame00028_combined_0438.jpg,validation,vid0_frame00028
Sasi,C:\Users\main\Frentzen\Project\ISD\training_images_augmented_v2\Sasi\aug_vid0_frame00028_rain_0028.jpg,validation,vid0_frame00028
Sasi,C:\Users\main\Frentzen\Project\ISD\training_images_augmented_v2\Sasi\aug_vid0_frame00028_rain_0330.jpg,validation,vid0_frame00028
Sasi,C:\Users\main\Frentzen\Project\ISD\training_images_augmented_v2\Sasi\raw_vid0_frame00028.jpg,validation,vid0_frame00028
Sasi,C:\Users\main\Frentzen\Project\ISD\training_images_augmented_v2\Sasi\raw_vid0_frame00214.jpg,validation,vid0_frame00214
Sasi,C:\Users\main\Frentzen\Project\ISD\training_images_augmented_v2\Sasi\aug_vid0_frame00320_combined_0134.jpg,validation,vid0_frame00320
Sasi,C:\Users\main\Frentzen\Project\ISD\training_images_augmented_v2\Sasi\aug_vid0_frame00320_geometric_0003.jpg,validation,vid0_frame00320
Sasi,C:\Users\main\Frentzen\Project\ISD\training_images_augmented_v2\Sasi\aug_vid0_frame00320_geometric_0201.jpg,validation,vid0_frame00320
Sasi,C:\Users\main\Frentzen\Project\ISD\training_images_augmented_v2\Sasi\aug_vid0_frame00320_geometric_0270.jpg,validation,vid0_frame00320
Sasi,C:\Users\main\Frentzen\Project\ISD\training_images_augmented_v2\Sasi\aug_vid0_frame00320_geometric_0352.jpg,validation,vid0_frame00320
Sasi,C:\Users\main\Frentzen\Project\ISD\training_images_augmented_v2\Sasi\aug_vid0_frame00320_rain_0392.jpg,validation,vid0_frame00320
Sasi,C:\Users\main\Frentzen\Project\ISD\training_images_augmented_v2\Sasi\raw_vid0_frame00320.jpg,validation,vid0_frame00320
Sasi,C:\Users\main\Frentzen\Project\ISD\training_images_augmented_v2\Sasi\aug_vid0_frame00178_combined_0072.jpg,validation,vid0_frame00178
Sasi,C:\Users\main\Frentzen\Project\ISD\training_images_augmented_v2\Sasi\aug_vid0_frame00178_geometric_0165.jpg,validation,vid0_frame00178
Sasi,C:\Users\main\Frentzen\Project\ISD\training_images_augmented_v2\Sasi\aug_vid0_frame00178_photometric_0430.jpg,validation,vid0_frame00178
Sasi,C:\Users\main\Frentzen\Project\ISD\training_images_augmented_v2\Sasi\aug_vid0_frame00178_snow_0381.jpg,validation,vid0_frame00178
Sasi,C:\Users\main\Frentzen\Project\ISD\training_images_augmented_v2\Sasi\raw_vid0_frame00178.jpg,validation,vid0_frame00178
Sasi,C:\Users\main\Frentzen\Project\ISD\training_images_augmented_v2\Sasi\aug_vid0_frame00158_geometric_0350.jpg,validation,vid0_frame00158
Sasi,C:\Users\main\Frentzen\Project\ISD\training_images_augmented_v2\Sasi\aug_vid0_frame00158_photometric_0057.jpg,validation,vid0_frame00158
Sasi,C:\Users\main\Frentzen\Project\ISD\training_images_augmented_v2\Sasi\aug_vid0_frame00158_photometric_0267.jpg,validation,vid0_frame00158
Sasi,C:\Users\main\Frentzen\Project\ISD\training_images_augmented_v2\Sasi\raw_vid0_frame00158.jpg,validation,vid0_frame00158
Sasi,C:\Users\main\Frentzen\Project\ISD\training_images_augmented_v2\Sasi\aug_vid0_frame00168_geometric_0196.jpg,validation,vid0_frame00168
Sasi,C:\Users\main\Frentzen\Project\ISD\training_images_augmented_v2\Sasi\aug_vid0_frame00168_photometric_0006.jpg,validation,vid0_frame00168
Sasi,C:\Users\main\Frentzen\Project\ISD\training_images_augmented_v2\Sasi\aug_vid0_frame00168_photometric_0298.jpg,validation,vid0_frame00168
Sasi,C:\Users\main\Frentzen\Project\ISD\training_images_augmented_v2\Sasi\raw_vid0_frame00168.jpg,validation,vid0_frame00168
Sasi,C:\Users\main\Frentzen\Project\ISD\training_images_augmented_v2\Sasi\aug_vid0_frame00216_geometric_0132.jpg,validation,vid0_frame00216
Sasi,C:\Users\main\Frentzen\Project\ISD\training_images_augmented_v2\Sasi\aug_vid0_frame00216_geometric_0180.jpg,validation,vid0_frame00216
Sasi,C:\Users\main\Frentzen\Project\ISD\training_images_augmented_v2\Sasi\aug_vid0_frame00216_occlusion_0069.jpg,validation,vid0_frame00216
Sasi,C:\Users\main\Frentzen\Project\ISD\training_images_augmented_v2\Sasi\aug_vid0_frame00216_snow_0197.jpg,validation,vid0_frame00216
Sasi,C:\Users\main\Frentzen\Project\ISD\training_images_augmented_v2\Sasi\raw_vid0_frame00216.jpg,validation,vid0_frame00216
Sasi,C:\Users\main\Frentzen\Project\ISD\training_images_augmented_v2\Sasi\aug_vid0_frame00212_combined_0191.jpg,validation,vid0_frame00212
Sasi,C:\Users\main\Frentzen\Project\ISD\training_images_augmented_v2\Sasi\aug_vid0_frame00212_combined_0247.jpg,validation,vid0_frame00212
Sasi,C:\Users\main\Frentzen\Project\ISD\training_images_augmented_v2\Sasi\aug_vid0_frame00212_photometric_0184.jpg,validation,vid0_frame00212
Sasi,C:\Users\main\Frentzen\Project\ISD\training_images_augmented_v2\Sasi\raw_vid0_frame00212.jpg,validation,vid0_frame00212
Sasi,C:\Users\main\Frentzen\Project\ISD\training_images_augmented_v2\Sasi\aug_vid0_frame00068_geometric_0027.jpg,validation,vid0_frame00068
Sasi,C:\Users\main\Frentzen\Project\ISD\training_images_augmented_v2\Sasi\raw_vid0_frame00068.jpg,validation,vid0_frame00068
Sasi,C:\Users\main\Frentzen\Project\ISD\training_images_augmented_v2\Sasi\aug_vid0_frame00276_geometric_0179.jpg,validation,vid0_frame00276
Sasi,C:\Users\main\Frentzen\Project\ISD\training_images_augmented_v2\Sasi\aug_vid0_frame00276_geometric_0248.jpg,validation,vid0_frame00276
Sasi,C:\Users\main\Frentzen\Project\ISD\training_images_augmented_v2\Sasi\aug_vid0_frame00276_photometric_0030.jpg,validation,vid0_frame00276
Sasi,C:\Users\main\Frentzen\Project\ISD\training_images_augmented_v2\Sasi\aug_vid0_frame00276_photometric_0208.jpg,validation,vid0_frame00276
Sasi,C:\Users\main\Frentzen\Project\ISD\training_images_augmented_v2\Sasi\raw_vid0_frame00276.jpg,validation,vid0_frame00276
Sasi,C:\Users\main\Frentzen\Project\ISD\training_images_augmented_v2\Sasi\aug_vid0_frame00184_combined_0139.jpg,validation,vid0_frame00184
Sasi,C:\Users\main\Frentzen\Project\ISD\training_images_augmented_v2\Sasi\aug_vid0_frame00184_combined_0378.jpg,validation,vid0_frame00184
Sasi,C:\Users\main\Frentzen\Project\ISD\training_images_augmented_v2\Sasi\aug_vid0_frame00184_photometric_0076.jpg,validation,vid0_frame00184
Sasi,C:\Users\main\Frentzen\Project\ISD\training_images_augmented_v2\Sasi\aug_vid0_frame00184_photometric_0093.jpg,validation,vid0_frame00184
Sasi,C:\Users\main\Frentzen\Project\ISD\training_images_augmented_v2\Sasi\aug_vid0_frame00184_photometric_0347.jpg,validation,vid0_frame00184
Sasi,C:\Users\main\Frentzen\Project\ISD\training_images_augmented_v2\Sasi\aug_vid0_frame00184_snow_0263.jpg,validation,vid0_frame00184
Sasi,C:\Users\main\Frentzen\Project\ISD\training_images_augmented_v2\Sasi\raw_vid0_frame00184.jpg,validation,vid0_frame00184
Sasi,C:\Users\main\Frentzen\Project\ISD\training_images_augmented_v2\Sasi\aug_vid0_frame00018_photometric_0078.jpg,validation,vid0_frame00018
Sasi,C:\Users\main\Frentzen\Project\ISD\training_images_augmented_v2\Sasi\raw_vid0_frame00018.jpg,validation,vid0_frame00018
Sasi,C:\Users\main\Frentzen\Project\ISD\training_images_augmented_v2\Sasi\aug_vid0_frame00118_combined_0177.jpg,validation,vid0_frame00118
Sasi,C:\Users\main\Frentzen\Project\ISD\training_images_augmented_v2\Sasi\aug_vid0_frame00118_geometric_0164.jpg,validation,vid0_frame00118
Sasi,C:\Users\main\Frentzen\Project\ISD\training_images_augmented_v2\Sasi\aug_vid0_frame00118_geometric_0250.jpg,validation,vid0_frame00118
Sasi,C:\Users\main\Frentzen\Project\ISD\training_images_augmented_v2\Sasi\aug_vid0_frame00118_photometric_0115.jpg,validation,vid0_frame00118
Sasi,C:\Users\main\Frentzen\Project\ISD\training_images_augmented_v2\Sasi\aug_vid0_frame00118_photometric_0306.jpg,validation,vid0_frame00118
Sasi,C:\Users\main\Frentzen\Project\ISD\training_images_augmented_v2\Sasi\raw_vid0_frame00118.jpg,validation,vid0_frame00118
Sasi,C:\Users\main\Frentzen\Project\ISD\training_images_augmented_v2\Sasi\aug_vid0_frame00236_rain_0024.jpg,test,vid0_frame00236
Sasi,C:\Users\main\Frentzen\Project\ISD\training_images_augmented_v2\Sasi\aug_vid0_frame00236_snow_0314.jpg,test,vid0_frame00236
Sasi,C:\Users\main\Frentzen\Project\ISD\training_images_augmented_v2\Sasi\raw_vid0_frame00236.jpg,test,vid0_frame00236
Sasi,C:\Users\main\Frentzen\Project\ISD\training_images_augmented_v2\Sasi\aug_vid0_frame00188_combined_0120.jpg,test,vid0_frame00188
Sasi,C:\Users\main\Frentzen\Project\ISD\training_images_augmented_v2\Sasi\aug_vid0_frame00188_fog_0296.jpg,test,vid0_frame00188
Sasi,C:\Users\main\Frentzen\Project\ISD\training_images_augmented_v2\Sasi\aug_vid0_frame00188_photometric_0102.jpg,test,vid0_frame00188
Sasi,C:\Users\main\Frentzen\Project\ISD\training_images_augmented_v2\Sasi\aug_vid0_frame00188_photometric_0193.jpg,test,vid0_frame00188
Sasi,C:\Users\main\Frentzen\Project\ISD\training_images_augmented_v2\Sasi\raw_vid0_frame00188.jpg,test,vid0_frame00188
Sasi,C:\Users\main\Frentzen\Project\ISD\training_images_augmented_v2\Sasi\aug_vid0_frame00274_geometric_0299.jpg,test,vid0_frame00274
Sasi,C:\Users\main\Frentzen\Project\ISD\training_images_augmented_v2\Sasi\aug_vid0_frame00274_geometric_0444.jpg,test,vid0_frame00274
Sasi,C:\Users\main\Frentzen\Project\ISD\training_images_augmented_v2\Sasi\raw_vid0_frame00274.jpg,test,vid0_frame00274
Sasi,C:\Users\main\Frentzen\Project\ISD\training_images_augmented_v2\Sasi\aug_vid0_frame00190_geometric_0097.jpg,test,vid0_frame00190
Sasi,C:\Users\main\Frentzen\Project\ISD\training_images_augmented_v2\Sasi\raw_vid0_frame00190.jpg,test,vid0_frame00190
Sasi,C:\Users\main\Frentzen\Project\ISD\training_images_augmented_v2\Sasi\aug_vid0_frame00074_combined_0320.jpg,test,vid0_frame00074
Sasi,C:\Users\main\Frentzen\Project\ISD\training_images_augmented_v2\Sasi\aug_vid0_frame00074_geometric_0396.jpg,test,vid0_frame00074
Sasi,C:\Users\main\Frentzen\Project\ISD\training_images_augmented_v2\Sasi\aug_vid0_frame00074_photometric_0353.jpg,test,vid0_frame00074
Sasi,C:\Users\main\Frentzen\Project\ISD\training_images_augmented_v2\Sasi\raw_vid0_frame00074.jpg,test,vid0_frame00074
Sasi,C:\Users\main\Frentzen\Project\ISD\training_images_augmented_v2\Sasi\aug_vid0_frame00060_occlusion_0125.jpg,test,vid0_frame00060
Sasi,C:\Users\main\Frentzen\Project\ISD\training_images_augmented_v2\Sasi\aug_vid0_frame00060_photometric_0148.jpg,test,vid0_frame00060
Sasi,C:\Users\main\Frentzen\Project\ISD\training_images_augmented_v2\Sasi\aug_vid0_frame00060_photometric_0307.jpg,test,vid0_frame00060
Sasi,C:\Users\main\Frentzen\Project\ISD\training_images_augmented_v2\Sasi\raw_vid0_frame00060.jpg,test,vid0_frame00060
Sasi,C:\Users\main\Frentzen\Project\ISD\training_images_augmented_v2\Sasi\aug_vid0_frame00008_combined_0273.jpg,test,vid0_frame00008
Sasi,C:\Users\main\Frentzen\Project\ISD\training_images_augmented_v2\Sasi\aug_vid0_frame00008_fog_0429.jpg,test,vid0_frame00008
Sasi,C:\Users\main\Frentzen\Project\ISD\training_images_augmented_v2\Sasi\aug_vid0_frame00008_geometric_0005.jpg,test,vid0_frame00008
Sasi,C:\Users\main\Frentzen\Project\ISD\training_images_augmented_v2\Sasi\aug_vid0_frame00008_geometric_0043.jpg,test,vid0_frame00008
Sasi,C:\Users\main\Frentzen\Project\ISD\training_images_augmented_v2\Sasi\aug_vid0_frame00008_geometric_0156.jpg,test,vid0_frame00008
Sasi,C:\Users\main\Frentzen\Project\ISD\training_images_augmented_v2\Sasi\aug_vid0_frame00008_photometric_0246.jpg,test,vid0_frame00008
Sasi,C:\Users\main\Frentzen\Project\ISD\training_images_augmented_v2\Sasi\aug_vid0_frame00008_rain_0426.jpg,test,vid0_frame00008
Sasi,C:\Users\main\Frentzen\Project\ISD\training_images_augmented_v2\Sasi\raw_vid0_frame00008.jpg,test,vid0_frame00008
Sasi,C:\Users\main\Frentzen\Project\ISD\training_images_augmented_v2\Sasi\aug_vid0_frame00076_combined_0325.jpg,test,vid0_frame00076
Sasi,C:\Users\main\Frentzen\Project\ISD\training_images_augmented_v2\Sasi\aug_vid0_frame00076_combined_0408.jpg,test,vid0_frame00076
Sasi,C:\Users\main\Frentzen\Project\ISD\training_images_augmented_v2\Sasi\aug_vid0_frame00076_fog_0035.jpg,test,vid0_frame00076
Sasi,C:\Users\main\Frentzen\Project\ISD\training_images_augmented_v2\Sasi\aug_vid0_frame00076_geometric_0140.jpg,test,vid0_frame00076
Sasi,C:\Users\main\Frentzen\Project\ISD\training_images_augmented_v2\Sasi\aug_vid0_frame00076_geometric_0236.jpg,test,vid0_frame00076
Sasi,C:\Users\main\Frentzen\Project\ISD\training_images_augmented_v2\Sasi\aug_vid0_frame00076_geometric_0309.jpg,test,vid0_frame00076
Sasi,C:\Users\main\Frentzen\Project\ISD\training_images_augmented_v2\Sasi\aug_vid0_frame00076_photometric_0014.jpg,test,vid0_frame00076
Sasi,C:\Users\main\Frentzen\Project\ISD\training_images_augmented_v2\Sasi\aug_vid0_frame00076_rain_0219.jpg,test,vid0_frame00076
Sasi,C:\Users\main\Frentzen\Project\ISD\training_images_augmented_v2\Sasi\raw_vid0_frame00076.jpg,test,vid0_frame00076
Sasi,C:\Users\main\Frentzen\Project\ISD\training_images_augmented_v2\Sasi\aug_vid0_frame00122_combined_0052.jpg,test,vid0_frame00122
Sasi,C:\Users\main\Frentzen\Project\ISD\training_images_augmented_v2\Sasi\aug_vid0_frame00122_combined_0226.jpg,test,vid0_frame00122
Sasi,C:\Users\main\Frentzen\Project\ISD\training_images_augmented_v2\Sasi\aug_vid0_frame00122_geometric_0062.jpg,test,vid0_frame00122
Sasi,C:\Users\main\Frentzen\Project\ISD\training_images_augmented_v2\Sasi\aug_vid0_frame00122_photometric_0333.jpg,test,vid0_frame00122
Sasi,C:\Users\main\Frentzen\Project\ISD\training_images_augmented_v2\Sasi\aug_vid0_frame00122_photometric_0391.jpg,test,vid0_frame00122
Sasi,C:\Users\main\Frentzen\Project\ISD\training_images_augmented_v2\Sasi\aug_vid0_frame00122_rain_0318.jpg,test,vid0_frame00122
Sasi,C:\Users\main\Frentzen\Project\ISD\training_images_augmented_v2\Sasi\raw_vid0_frame00122.jpg,test,vid0_frame00122
Sasi,C:\Users\main\Frentzen\Project\ISD\training_images_augmented_v2\Sasi\raw_vid0_frame00150.jpg,test,vid0_frame00150
Sasi,C:\Users\main\Frentzen\Project\ISD\training_images_augmented_v2\Sasi\aug_vid0_frame00186_combined_0047.jpg,test,vid0_frame00186
Sasi,C:\Users\main\Frentzen\Project\ISD\training_images_augmented_v2\Sasi\aug_vid0_frame00186_combined_0150.jpg,test,vid0_frame00186
Sasi,C:\Users\main\Frentzen\Project\ISD\training_images_augmented_v2\Sasi\aug_vid0_frame00186_geometric_0004.jpg,test,vid0_frame00186
Sasi,C:\Users\main\Frentzen\Project\ISD\training_images_augmented_v2\Sasi\aug_vid0_frame00186_geometric_0116.jpg,test,vid0_frame00186
Sasi,C:\Users\main\Frentzen\Project\ISD\training_images_augmented_v2\Sasi\aug_vid0_frame00186_geometric_0173.jpg,test,vid0_frame00186
Sasi,C:\Users\main\Frentzen\Project\ISD\training_images_augmented_v2\Sasi\aug_vid0_frame00186_geometric_0354.jpg,test,vid0_frame00186
Sasi,C:\Users\main\Frentzen\Project\ISD\training_images_augmented_v2\Sasi\aug_vid0_frame00186_occlusion_0023.jpg,test,vid0_frame00186
Sasi,C:\Users\main\Frentzen\Project\ISD\training_images_augmented_v2\Sasi\aug_vid0_frame00186_photometric_0100.jpg,test,vid0_frame00186
Sasi,C:\Users\main\Frentzen\Project\ISD\training_images_augmented_v2\Sasi\aug_vid0_frame00186_photometric_0376.jpg,test,vid0_frame00186
Sasi,C:\Users\main\Frentzen\Project\ISD\training_images_augmented_v2\Sasi\raw_vid0_frame00186.jpg,test,vid0_frame00186
Sasi,C:\Users\main\Frentzen\Project\ISD\training_images_augmented_v2\Sasi\raw_vid0_frame00234.jpg,test,vid0_frame00234
Sasi,C:\Users\main\Frentzen\Project\ISD\training_images_augmented_v2\Sasi\aug_vid0_frame00106_geometric_0239.jpg,test,vid0_frame00106
Sasi,C:\Users\main\Frentzen\Project\ISD\training_images_augmented_v2\Sasi\raw_vid0_frame00106.jpg,test,vid0_frame00106
Sasi,C:\Users\main\Frentzen\Project\ISD\training_images_augmented_v2\Sasi\aug_vid0_frame00000_combined_0417.jpg,test,vid0_frame00000
Sasi,C:\Users\main\Frentzen\Project\ISD\training_images_augmented_v2\Sasi\aug_vid0_frame00000_occlusion_0126.jpg,test,vid0_frame00000
Sasi,C:\Users\main\Frentzen\Project\ISD\training_images_augmented_v2\Sasi\raw_vid0_frame00000.jpg,test,vid0_frame00000
Sasi,C:\Users\main\Frentzen\Project\ISD\training_images_augmented_v2\Sasi\aug_vid0_frame00312_photometric_0107.jpg,test,vid0_frame00312
Sasi,C:\Users\main\Frentzen\Project\ISD\training_images_augmented_v2\Sasi\aug_vid0_frame00312_snow_0042.jpg,test,vid0_frame00312
Sasi,C:\Users\main\Frentzen\Project\ISD\training_images_augmented_v2\Sasi\aug_vid0_frame00312_snow_0285.jpg,test,vid0_frame00312
Sasi,C:\Users\main\Frentzen\Project\ISD\training_images_augmented_v2\Sasi\raw_vid0_frame00312.jpg,test,vid0_frame00312
Sasi,C:\Users\main\Frentzen\Project\ISD\training_images_augmented_v2\Sasi\aug_vid0_frame00038_combined_0407.jpg,test,vid0_frame00038
Sasi,C:\Users\main\Frentzen\Project\ISD\training_images_augmented_v2\Sasi\aug_vid0_frame00038_geometric_0356.jpg,test,vid0_frame00038
Sasi,C:\Users\main\Frentzen\Project\ISD\training_images_augmented_v2\Sasi\aug_vid0_frame00038_occlusion_0297.jpg,test,vid0_frame00038
Sasi,C:\Users\main\Frentzen\Project\ISD\training_images_augmented_v2\Sasi\aug_vid0_frame00038_photometric_0108.jpg,test,vid0_frame00038
Sasi,C:\Users\main\Frentzen\Project\ISD\training_images_augmented_v2\Sasi\aug_vid0_frame00038_photometric_0341.jpg,test,vid0_frame00038
Sasi,C:\Users\main\Frentzen\Project\ISD\training_images_augmented_v2\Sasi\aug_vid0_frame00038_rain_0419.jpg,test,vid0_frame00038
Sasi,C:\Users\main\Frentzen\Project\ISD\training_images_augmented_v2\Sasi\raw_vid0_frame00038.jpg,test,vid0_frame00038
Sasi,C:\Users\main\Frentzen\Project\ISD\training_images_augmented_v2\Sasi\aug_vid0_frame00090_combined_0311.jpg,test,vid0_frame00090
Sasi,C:\Users\main\Frentzen\Project\ISD\training_images_augmented_v2\Sasi\aug_vid0_frame00090_fog_0207.jpg,test,vid0_frame00090
Sasi,C:\Users\main\Frentzen\Project\ISD\training_images_augmented_v2\Sasi\aug_vid0_frame00090_occlusion_0061.jpg,test,vid0_frame00090
Sasi,C:\Users\main\Frentzen\Project\ISD\training_images_augmented_v2\Sasi\aug_vid0_frame00090_occlusion_0305.jpg,test,vid0_frame00090
Sasi,C:\Users\main\Frentzen\Project\ISD\training_images_augmented_v2\Sasi\aug_vid0_frame00090_rain_0326.jpg,test,vid0_frame00090
Sasi,C:\Users\main\Frentzen\Project\ISD\training_images_augmented_v2\Sasi\aug_vid0_frame00090_snow_0292.jpg,test,vid0_frame00090
Sasi,C:\Users\main\Frentzen\Project\ISD\training_images_augmented_v2\Sasi\raw_vid0_frame00090.jpg,test,vid0_frame00090
Sasi,C:\Users\main\Frentzen\Project\ISD\training_images_augmented_v2\Sasi\aug_vid0_frame00124_combined_0060.jpg,test,vid0_frame00124
Sasi,C:\Users\main\Frentzen\Project\ISD\training_images_augmented_v2\Sasi\aug_vid0_frame00124_combined_0070.jpg,test,vid0_frame00124
Sasi,C:\Users\main\Frentzen\Project\ISD\training_images_augmented_v2\Sasi\aug_vid0_frame00124_geometric_0291.jpg,test,vid0_frame00124
Sasi,C:\Users\main\Frentzen\Project\ISD\training_images_augmented_v2\Sasi\aug_vid0_frame00124_photometric_0256.jpg,test,vid0_frame00124
Sasi,C:\Users\main\Frentzen\Project\ISD\training_images_augmented_v2\Sasi\raw_vid0_frame00124.jpg,test,vid0_frame00124
Sasi,C:\Users\main\Frentzen\Project\ISD\training_images_augmented_v2\Sasi\aug_vid0_frame00082_combined_0169.jpg,test,vid0_frame00082
Sasi,C:\Users\main\Frentzen\Project\ISD\training_images_augmented_v2\Sasi\raw_vid0_frame00082.jpg,test,vid0_frame00082
Sasi,C:\Users\main\Frentzen\Project\ISD\training_images_augmented_v2\Sasi\aug_vid0_frame00040_combined_0351.jpg,test,vid0_frame00040
Sasi,C:\Users\main\Frentzen\Project\ISD\training_images_augmented_v2\Sasi\aug_vid0_frame00040_geometric_0449.jpg,test,vid0_frame00040
Sasi,C:\Users\main\Frentzen\Project\ISD\training_images_augmented_v2\Sasi\aug_vid0_frame00040_photometric_0337.jpg,test,vid0_frame00040
Sasi,C:\Users\main\Frentzen\Project\ISD\training_images_augmented_v2\Sasi\aug_vid0_frame00040_rain_0065.jpg,test,vid0_frame00040
Sasi,C:\Users\main\Frentzen\Project\ISD\training_images_augmented_v2\Sasi\raw_vid0_frame00040.jpg,test,vid0_frame00040
Sasi,C:\Users\main\Frentzen\Project\ISD\training_images_augmented_v2\Sasi\aug_vid0_frame00136_photometric_0032.jpg,test,vid0_frame00136
Sasi,C:\Users\main\Frentzen\Project\ISD\training_images_augmented_v2\Sasi\aug_vid0_frame00136_photometric_0278.jpg,test,vid0_frame00136
Sasi,C:\Users\main\Frentzen\Project\ISD\training_images_augmented_v2\Sasi\raw_vid0_frame00136.jpg,test,vid0_frame00136
Sasi,C:\Users\main\Frentzen\Project\ISD\training_images_augmented_v2\Sasi\aug_vid0_frame00110_combined_0010.jpg,test,vid0_frame00110
Sasi,C:\Users\main\Frentzen\Project\ISD\training_images_augmented_v2\Sasi\aug_vid0_frame00110_combined_0085.jpg,test,vid0_frame00110
Sasi,C:\Users\main\Frentzen\Project\ISD\training_images_augmented_v2\Sasi\aug_vid0_frame00110_geometric_0051.jpg,test,vid0_frame00110
Sasi,C:\Users\main\Frentzen\Project\ISD\training_images_augmented_v2\Sasi\aug_vid0_frame00110_snow_0384.jpg,test,vid0_frame00110
Sasi,C:\Users\main\Frentzen\Project\ISD\training_images_augmented_v2\Sasi\raw_vid0_frame00110.jpg,test,vid0_frame00110
Sasi,C:\Users\main\Frentzen\Project\ISD\training_images_augmented_v2\Sasi\aug_vid0_frame00108_photometric_0223.jpg,test,vid0_frame00108
Sasi,C:\Users\main\Frentzen\Project\ISD\training_images_augmented_v2\Sasi\raw_vid0_frame00108.jpg,test,vid0_frame00108
Sasi,C:\Users\main\Frentzen\Project\ISD\training_images_augmented_v2\Sasi\aug_vid0_frame00050_geometric_0339.jpg,test,vid0_frame00050
Sasi,C:\Users\main\Frentzen\Project\ISD\training_images_augmented_v2\Sasi\aug_vid0_frame00050_occlusion_0420.jpg,test,vid0_frame00050
Sasi,C:\Users\main\Frentzen\Project\ISD\training_images_augmented_v2\Sasi\aug_vid0_frame00050_photometric_0011.jpg,test,vid0_frame00050
Sasi,C:\Users\main\Frentzen\Project\ISD\training_images_augmented_v2\Sasi\aug_vid0_frame00050_photometric_0234.jpg,test,vid0_frame00050
Sasi,C:\Users\main\Frentzen\Project\ISD\training_images_augmented_v2\Sasi\aug_vid0_frame00050_rain_0385.jpg,test,vid0_frame00050
Sasi,C:\Users\main\Frentzen\Project\ISD\training_images_augmented_v2\Sasi\raw_vid0_frame00050.jpg,test,vid0_frame00050
Sasi,C:\Users\main\Frentzen\Project\ISD\training_images_augmented_v2\Sasi\aug_vid0_frame00030_combined_0144.jpg,test,vid0_frame00030
Sasi,C:\Users\main\Frentzen\Project\ISD\training_images_augmented_v2\Sasi\aug_vid0_frame00030_combined_0174.jpg,test,vid0_frame00030
Sasi,C:\Users\main\Frentzen\Project\ISD\training_images_augmented_v2\Sasi\raw_vid0_frame00030.jpg,test,vid0_frame00030
Sasi,C:\Users\main\Frentzen\Project\ISD\training_images_augmented_v2\Sasi\aug_vid0_frame00164_combined_0221.jpg,test,vid0_frame00164
Sasi,C:\Users\main\Frentzen\Project\ISD\training_images_augmented_v2\Sasi\aug_vid0_frame00164_fog_0022.jpg,test,vid0_frame00164
Sasi,C:\Users\main\Frentzen\Project\ISD\training_images_augmented_v2\Sasi\aug_vid0_frame00164_geometric_0237.jpg,test,vid0_frame00164
Sasi,C:\Users\main\Frentzen\Project\ISD\training_images_augmented_v2\Sasi\aug_vid0_frame00164_geometric_0364.jpg,test,vid0_frame00164
Sasi,C:\Users\main\Frentzen\Project\ISD\training_images_augmented_v2\Sasi\aug_vid0_frame00164_occlusion_0104.jpg,test,vid0_frame00164
Sasi,C:\Users\main\Frentzen\Project\ISD\training_images_augmented_v2\Sasi\aug_vid0_frame00164_occlusion_0316.jpg,test,vid0_frame00164
Sasi,C:\Users\main\Frentzen\Project\ISD\training_images_augmented_v2\Sasi\aug_vid0_frame00164_photometric_0230.jpg,test,vid0_frame00164
Sasi,C:\Users\main\Frentzen\Project\ISD\training_images_augmented_v2\Sasi\raw_vid0_frame00164.jpg,test,vid0_frame00164
Sasi,C:\Users\main\Frentzen\Project\ISD\training_images_augmented_v2\Sasi\aug_vid0_frame00232_geometric_0046.jpg,test,vid0_frame00232
Sasi,C:\Users\main\Frentzen\Project\ISD\training_images_augmented_v2\Sasi\aug_vid0_frame00232_geometric_0199.jpg,test,vid0_frame00232
Sasi,C:\Users\main\Frentzen\Project\ISD\training_images_augmented_v2\Sasi\aug_vid0_frame00232_rain_0018.jpg,test,vid0_frame00232
Sasi,C:\Users\main\Frentzen\Project\ISD\training_images_augmented_v2\Sasi\raw_vid0_frame00232.jpg,test,vid0_frame00232
Sasi,C:\Users\main\Frentzen\Project\ISD\training_images_augmented_v2\Sasi\aug_vid0_frame00160_photometric_0262.jpg,test,vid0_frame00160
Sasi,C:\Users\main\Frentzen\Project\ISD\training_images_augmented_v2\Sasi\raw_vid0_frame00160.jpg,test,vid0_frame00160
Sasi,C:\Users\main\Frentzen\Project\ISD\training_images_augmented_v2\Sasi\aug_vid0_frame00268_combined_0020.jpg,test,vid0_frame00268
Sasi,C:\Users\main\Frentzen\Project\ISD\training_images_augmented_v2\Sasi\aug_vid0_frame00268_combined_0274.jpg,test,vid0_frame00268
Sasi,C:\Users\main\Frentzen\Project\ISD\training_images_augmented_v2\Sasi\aug_vid0_frame00268_combined_0343.jpg,test,vid0_frame00268
Sasi,C:\Users\main\Frentzen\Project\ISD\training_images_augmented_v2\Sasi\aug_vid0_frame00268_geometric_0083.jpg,test,vid0_frame00268
Sasi,C:\Users\main\Frentzen\Project\ISD\training_images_augmented_v2\Sasi\aug_vid0_frame00268_geometric_0288.jpg,test,vid0_frame00268
Sasi,C:\Users\main\Frentzen\Project\ISD\training_images_augmented_v2\Sasi\aug_vid0_frame00268_photometric_0275.jpg,test,vid0_frame00268
Sasi,C:\Users\main\Frentzen\Project\ISD\training_images_augmented_v2\Sasi\aug_vid0_frame00268_photometric_0276.jpg,test,vid0_frame00268
Sasi,C:\Users\main\Frentzen\Project\ISD\training_images_augmented_v2\Sasi\raw_vid0_frame00268.jpg,test,vid0_frame00268
Sasi,C:\Users\main\Frentzen\Project\ISD\training_images_augmented_v2\Sasi\aug_vid0_frame00272_geometric_0329.jpg,test,vid0_frame00272
Sasi,C:\Users\main\Frentzen\Project\ISD\training_images_augmented_v2\Sasi\aug_vid0_frame00272_occlusion_0312.jpg,test,vid0_frame00272
Sasi,C:\Users\main\Frentzen\Project\ISD\training_images_augmented_v2\Sasi\aug_vid0_frame00272_photometric_0109.jpg,test,vid0_frame00272
Sasi,C:\Users\main\Frentzen\Project\ISD\training_images_augmented_v2\Sasi\raw_vid0_frame00272.jpg,test,vid0_frame00272
Sasi,C:\Users\main\Frentzen\Project\ISD\training_images_augmented_v2\Sasi\aug_vid0_frame00206_geometric_0269.jpg,test,vid0_frame00206
Sasi,C:\Users\main\Frentzen\Project\ISD\training_images_augmented_v2\Sasi\aug_vid0_frame00206_occlusion_0167.jpg,test,vid0_frame00206
Sasi,C:\Users\main\Frentzen\Project\ISD\training_images_augmented_v2\Sasi\raw_vid0_frame00206.jpg,test,vid0_frame00206
Sasi,C:\Users\main\Frentzen\Project\ISD\training_images_augmented_v2\Sasi\aug_vid0_frame00316_combined_0194.jpg,test,vid0_frame00316
Sasi,C:\Users\main\Frentzen\Project\ISD\training_images_augmented_v2\Sasi\aug_vid0_frame00316_combined_0251.jpg,test,vid0_frame00316
Sasi,C:\Users\main\Frentzen\Project\ISD\training_images_augmented_v2\Sasi\aug_vid0_frame00316_geometric_0088.jpg,test,vid0_frame00316
Sasi,C:\Users\main\Frentzen\Project\ISD\training_images_augmented_v2\Sasi\aug_vid0_frame00316_occlusion_0111.jpg,test,vid0_frame00316
Sasi,C:\Users\main\Frentzen\Project\ISD\training_images_augmented_v2\Sasi\aug_vid0_frame00316_occlusion_0377.jpg,test,vid0_frame00316
Sasi,C:\Users\main\Frentzen\Project\ISD\training_images_augmented_v2\Sasi\aug_vid0_frame00316_photometric_0045.jpg,test,vid0_frame00316
Sasi,C:\Users\main\Frentzen\Project\ISD\training_images_augmented_v2\Sasi\aug_vid0_frame00316_photometric_0074.jpg,test,vid0_frame00316
Sasi,C:\Users\main\Frentzen\Project\ISD\training_images_augmented_v2\Sasi\raw_vid0_frame00316.jpg,test,vid0_frame00316
Sasi,C:\Users\main\Frentzen\Project\ISD\training_images_augmented_v2\Sasi\aug_vid0_frame00116_geometric_0211.jpg,test,vid0_frame00116
Sasi,C:\Users\main\Frentzen\Project\ISD\training_images_augmented_v2\Sasi\aug_vid0_frame00116_photometric_0068.jpg,test,vid0_frame00116
Sasi,C:\Users\main\Frentzen\Project\ISD\training_images_augmented_v2\Sasi\aug_vid0_frame00116_photometric_0380.jpg,test,vid0_frame00116
Sasi,C:\Users\main\Frentzen\Project\ISD\training_images_augmented_v2\Sasi\raw_vid0_frame00116.jpg,test,vid0_frame00116
Sasi,C:\Users\main\Frentzen\Project\ISD\training_images_augmented_v2\Sasi\aug_vid0_frame00226_geometric_0441.jpg,test,vid0_frame00226
Sasi,C:\Users\main\Frentzen\Project\ISD\training_images_augmented_v2\Sasi\aug_vid0_frame00226_occlusion_0331.jpg,test,vid0_frame00226
Sasi,C:\Users\main\Frentzen\Project\ISD\training_images_augmented_v2\Sasi\raw_vid0_frame00226.jpg,test,vid0_frame00226
Sasi,C:\Users\main\Frentzen\Project\ISD\training_images_augmented_v2\Sasi\raw_vid0_frame00202.jpg,test,vid0_frame00202
Sasi,C:\Users\main\Frentzen\Project\ISD\training_images_augmented_v2\Sasi\aug_vid0_frame00062_rain_0053.jpg,test,vid0_frame00062
Sasi,C:\Users\main\Frentzen\Project\ISD\training_images_augmented_v2\Sasi\raw_vid0_frame00062.jpg,test,vid0_frame00062
Sasi,C:\Users\main\Frentzen\Project\ISD\training_images_augmented_v2\Sasi\aug_vid0_frame00128_photometric_0161.jpg,test,vid0_frame00128
Sasi,C:\Users\main\Frentzen\Project\ISD\training_images_augmented_v2\Sasi\aug_vid0_frame00128_photometric_0183.jpg,test,vid0_frame00128
Sasi,C:\Users\main\Frentzen\Project\ISD\training_images_augmented_v2\Sasi\raw_vid0_frame00128.jpg,test,vid0_frame00128
Sasi,C:\Users\main\Frentzen\Project\ISD\training_images_augmented_v2\Sasi\aug_vid0_frame00042_combined_0094.jpg,test,vid0_frame00042
Sasi,C:\Users\main\Frentzen\Project\ISD\training_images_augmented_v2\Sasi\aug_vid0_frame00042_photometric_0099.jpg,test,vid0_frame00042
Sasi,C:\Users\main\Frentzen\Project\ISD\training_images_augmented_v2\Sasi\aug_vid0_frame00042_photometric_0182.jpg,test,vid0_frame00042
Sasi,C:\Users\main\Frentzen\Project\ISD\training_images_augmented_v2\Sasi\raw_vid0_frame00042.jpg,test,vid0_frame00042
